id,first_name,last_name,customer_name,email,amount,currency,status
CUST-000001,Christen,Apthorp,Christen Apthorp,christenapthorp@gmail.com,299250,INR,active
CUST-000002,Clarita,Bhatt,Clarita Bhatt,claritabhatt@gmail.com,511070,INR,in_progress
CUST-000003,Ashish,An,Ashish An,ashishan@gmail.com,281090,INR,active
CUST-000004,Esmeralda,Baerl,Esmeralda Baerl,esmeraldabaerl@gmail.com,879090,INR,overdue
CUST-000005,Manish,Alexandro,Manish Alexandro,manishalexandro@gmail.com,700070,INR,recovered
CUST-000006,Fulvia,Augustin,Fulvia Augustin,fulviaaugustin@gmail.com,216730,INR,overdue
CUST-000007,Alexina,Bick,Alexina Bick,alexinabick@gmail.com,383440,INR,overdue
CUST-000008,Dania,Arlynne,Dania Arlynne,daniaarlynne@gmail.com,551160,INR,active
CUST-000009,Holly,Azriel,Holly Azriel,hollyazriel@gmail.com,162480,INR,active
CUST-000010,Federica,Angie,Federica Angie,federicaangie@gmail.com,445740,INR,in_progress
CUST-000011,Gail,Alethea,Gail Alethea,gailalethea@gmail.com,472530,INR,pending
CUST-000012,Ginnifer,Adrianna,Ginnifer Adrianna,ginniferadrianna@gmail.com,992340,INR,in_progress
CUST-000013,Deloris,Binky,Deloris Binky,delorisbinky@gmail.com,132120,INR,in_progress
CUST-000014,Arluene,Ashlie,Arluene Ashlie,arlueneashlie@gmail.com,493090,INR,active
CUST-000015,Alie,Aphrodite,Alie Aphrodite,alieaphrodite@gmail.com,34540,INR,recovered
CUST-000016,Ashish,Bodrogi,Ashish Bodrogi,ashishbodrogi@gmail.com,434530,INR,in_progress
CUST-000017,Chery,Benjamen,Chery Benjamen,cherybenjamen@gmail.com,168010,INR,active
CUST-000018,Hilda,Bekah,Hilda Bekah,hildabekah@gmail.com,151800,INR,active
CUST-000019,Ambur,Akeylah,Ambur Akeylah,amburakeylah@gmail.com,201560,INR,overdue
CUST-000020,Annabell,Bealle,Annabell Bealle,annabellbealle@gmail.com,356350,INR,recovered
CUST-000021,Hedy,Gowda,Hedy Gowda,hedygowda@gmail.com,69900,INR,recovered
CUST-000022,Dinnie,Alain,Dinnie Alain,dinniealain@gmail.com,526730,INR,active
CUST-000023,Benedikta,Batholomew,Benedikta Batholomew,benediktabatholomew@gmail.com,673100,INR,active
CUST-000024,Janis,Augustin,Janis Augustin,janisaugustin@gmail.com,834750,INR,active
CUST-000025,Flossi,Bettina,Flossi Bettina,flossibettina@gmail.com,592300,INR,in_progress
CUST-000026,Devina,Aelber,Devina Aelber,devinaaelber@gmail.com,243390,INR,active
CUST-000027,Ernaline,Benton,Ernaline Benton,ernalinebenton@gmail.com,629230,INR,pending
CUST-000028,Jan,Ami,Jan Ami,janami@gmail.com,321410,INR,recovered
CUST-000029,Esmeralda,Adallard,Esmeralda Adallard,esmeraldaadallard@gmail.com,432890,INR,pending
CUST-000030,Elora,Blakeley,Elora Blakeley,elorablakeley@gmail.com,252690,INR,recovered
CUST-000031,Dyna,Atworth,Dyna Atworth,dynaatworth@gmail.com,211140,INR,in_progress
CUST-000032,Aprilette,Andriette,Aprilette Andriette,apriletteandriette@gmail.com,462860,INR,overdue
CUST-000033,Augustine,Aurora,Augustine Aurora,augustineaurora@gmail.com,143440,INR,overdue
CUST-000034,Dominga,Alarick,Dominga Alarick,domingaalarick@gmail.com,650560,INR,recovered
CUST-000035,Dreddy,Abby,Dreddy Abby,dreddyabby@gmail.com,722440,INR,active
CUST-000036,Evangeline,Aulea,Evangeline Aulea,evangelineaulea@gmail.com,812230,INR,in_progress
CUST-000037,Deedee,Bentley,Deedee Bentley,deedeebentley@gmail.com,538570,INR,recovered
CUST-000038,Isahella,Adriene,Isahella Adriene,isahellaadriene@gmail.com,344710,INR,pending
CUST-000039,Dalila,Bendick,Dalila Bendick,dalilabendick@gmail.com,47980,INR,in_progress
CUST-000040,Avis,Anneliese,Avis Anneliese,avisanneliese@gmail.com,737980,INR,recovered
CUST-000041,Heddi,Dutta,Heddi Dutta,heddidutta@gmail.com,677840,INR,active
CUST-000042,Claretta,Andras,Claretta Andras,clarettaandras@gmail.com,729660,INR,overdue
CUST-000043,Ailyn,Alysoun,Ailyn Alysoun,ailynalysoun@gmail.com,316430,INR,recovered
CUST-000044,Evie,Addis,Evie Addis,evieaddis@gmail.com,777570,INR,recovered
CUST-000045,Antoinette,Anatole,Antoinette Anatole,antoinetteanatole@gmail.com,436030,INR,in_progress
CUST-000046,Erena,Bithia,Erena Bithia,erenabithia@gmail.com,249540,INR,recovered
CUST-000047,Devan,Iyengar,Devan Iyengar,devaniyengar@gmail.com,776580,INR,overdue
CUST-000048,Babita,Benzel,Babita Benzel,babitabenzel@gmail.com,292000,INR,active
CUST-000049,Allx,Barbra,Allx Barbra,allxbarbra@gmail.com,133390,INR,pending
CUST-000050,Charyl,Alisun,Charyl Alisun,charylalisun@gmail.com,616540,INR,overdue
CUST-000051,Helen,Blakelee,Helen Blakelee,helenblakelee@gmail.com,493320,INR,pending
CUST-000052,Carmen,Adel,Carmen Adel,carmenadel@gmail.com,334900,INR,pending
CUST-000053,Carley,Anastassia,Carley Anastassia,carleyanastassia@gmail.com,397250,INR,pending
CUST-000054,Atlanta,Bebe,Atlanta Bebe,atlantabebe@gmail.com,444190,INR,overdue
CUST-000055,Fredericka,Alyosha,Fredericka Alyosha,frederickaalyosha@gmail.com,488990,INR,pending
CUST-000056,Bertha,Appleton,Bertha Appleton,berthaappleton@gmail.com,980220,INR,active
CUST-000057,Daveta,Biancha,Daveta Biancha,davetabiancha@gmail.com,751760,INR,pending
CUST-000058,Dina,Amund,Dina Amund,dinaamund@gmail.com,900460,INR,in_progress
CUST-000059,Celeste,Batista,Celeste Batista,celestebatista@gmail.com,670910,INR,in_progress
CUST-000060,Deana,Abbottson,Deana Abbottson,deanaabbottson@gmail.com,831220,INR,in_progress
CUST-000061,Carmen,Aksoyn,Carmen Aksoyn,carmenaksoyn@gmail.com,317340,INR,recovered
CUST-000062,Gabriell,Bivins,Gabriell Bivins,gabriellbivins@gmail.com,566040,INR,in_progress
CUST-000063,Chelsy,Sen,Chelsy Sen,chelsysen@gmail.com,840020,INR,pending
CUST-000064,Isabella,Bevin,Isabella Bevin,isabellabevin@gmail.com,93390,INR,overdue
CUST-000065,Enrika,Adnopoz,Enrika Adnopoz,enrikaadnopoz@gmail.com,257820,INR,in_progress
CUST-000066,Hedi,Bamford,Hedi Bamford,hedibamford@gmail.com,821850,INR,active
CUST-000067,Briana,Berke,Briana Berke,brianaberke@gmail.com,995580,INR,overdue
CUST-000068,Clementia,Andrel,Clementia Andrel,clementiaandrel@gmail.com,492180,INR,active
CUST-000069,Darby,Berk,Darby Berk,darbyberk@gmail.com,502000,INR,overdue
CUST-000070,Aila,Bergeman,Aila Bergeman,ailabergeman@gmail.com,296090,INR,overdue
CUST-000071,Crissy,Aurel,Crissy Aurel,crissyaurel@gmail.com,694020,INR,recovered
CUST-000072,Codee,Adlee,Codee Adlee,codeeadlee@gmail.com,681220,INR,active
CUST-000073,Brunhilda,Babette,Brunhilda Babette,brunhildababette@gmail.com,535760,INR,overdue
CUST-000074,Charlotta,Aksoyn,Charlotta Aksoyn,charlottaaksoyn@gmail.com,824580,INR,pending
CUST-000075,Bernie,Ankney,Bernie Ankney,bernieankney@gmail.com,582630,INR,in_progress
CUST-000076,Sumit,Adali,Sumit Adali,sumitadali@gmail.com,374190,INR,recovered
CUST-000077,Jehanna,Austina,Jehanna Austina,jehannaaustina@gmail.com,371280,INR,active
CUST-000078,Felice,Akel,Felice Akel,feliceakel@gmail.com,912620,INR,pending
CUST-000079,Eden,Becker,Eden Becker,edenbecker@gmail.com,268020,INR,in_progress
CUST-000080,Elspeth,Amanda,Elspeth Amanda,elspethamanda@gmail.com,387170,INR,recovered
CUST-000081,Flora,Aday,Flora Aday,floraaday@gmail.com,682060,INR,active
CUST-000082,Elisha,Ambrose,Elisha Ambrose,elishaambrose@gmail.com,669680,INR,pending
CUST-000083,Avril,Ahern,Avril Ahern,avrilahern@gmail.com,232700,INR,active
CUST-000084,Eloise,Bartolome,Eloise Bartolome,eloisebartolome@gmail.com,882960,INR,recovered
CUST-000085,Blair,Annelise,Blair Annelise,blairannelise@gmail.com,802600,INR,active
CUST-000086,Cissy,Ashlie,Cissy Ashlie,cissyashlie@gmail.com,110980,INR,recovered
CUST-000087,Carolynn,Bethina,Carolynn Bethina,carolynnbethina@gmail.com,870610,INR,active
CUST-000088,Glennis,Amoakuh,Glennis Amoakuh,glennisamoakuh@gmail.com,219340,INR,recovered
CUST-000089,Adeline,Barnet,Adeline Barnet,adelinebarnet@gmail.com,200360,INR,active
CUST-000090,Averyl,Balduin,Averyl Balduin,averylbalduin@gmail.com,416290,INR,active
CUST-000091,Dianna,Berhley,Dianna Berhley,diannaberhley@gmail.com,619380,INR,in_progress
CUST-000092,Darrelle,Anabel,Darrelle Anabel,darrelleanabel@gmail.com,345290,INR,overdue
CUST-000093,Chery,Abramson,Chery Abramson,cheryabramson@gmail.com,619960,INR,recovered
CUST-000094,Cynthea,Alverson,Cynthea Alverson,cyntheaalverson@gmail.com,418520,INR,overdue
CUST-000095,Candice,Anatollo,Candice Anatollo,candiceanatollo@gmail.com,525440,INR,recovered
CUST-000096,Augustine,Amalbergas,Augustine Amalbergas,augustineamalbergas@gmail.com,57320,INR,active
CUST-000097,Genevra,Bishop,Genevra Bishop,genevrabishop@gmail.com,641430,INR,recovered
CUST-000098,Cissiee,Bernhard,Cissiee Bernhard,cissieebernhard@gmail.com,969040,INR,recovered
CUST-000099,Helsa,Alyson,Helsa Alyson,helsaalyson@gmail.com,340800,INR,in_progress
CUST-000100,Geraldine,Bellaude,Geraldine Bellaude,geraldinebellaude@gmail.com,827090,INR,pending
CUST-000101,Angel,Alys,Angel Alys,angelalys@gmail.com,4300,INR,overdue
CUST-000102,Bennie,Bishop,Bennie Bishop,benniebishop@gmail.com,48820,INR,pending
CUST-000103,Evania,Ambrogio,Evania Ambrogio,evaniaambrogio@gmail.com,459240,INR,active
CUST-000104,Abbye,Pillai,Abbye Pillai,abbyepillai@gmail.com,502250,INR,overdue
CUST-000105,Esther,Amalia,Esther Amalia,estheramalia@gmail.com,541250,INR,recovered
CUST-000106,Fancy,Almeida,Fancy Almeida,fancyalmeida@gmail.com,805090,INR,active
CUST-000107,Honey,Blondelle,Honey Blondelle,honeyblondelle@gmail.com,228510,INR,active
CUST-000108,Hyacinth,Becker,Hyacinth Becker,hyacinthbecker@gmail.com,822850,INR,recovered
CUST-000109,Glori,Alyssa,Glori Alyssa,glorialyssa@gmail.com,904010,INR,recovered
CUST-000110,Arlie,Biernat,Arlie Biernat,arliebiernat@gmail.com,149110,INR,in_progress
CUST-000111,Brynn,Asteria,Brynn Asteria,brynnasteria@gmail.com,917510,INR,recovered
CUST-000112,Crysta,Ambrosia,Crysta Ambrosia,crystaambrosia@gmail.com,754540,INR,active
CUST-000113,Constanta,Binky,Constanta Binky,constantabinky@gmail.com,681780,INR,in_progress
CUST-000114,Dianemarie,Aloysius,Dianemarie Aloysius,dianemariealoysius@gmail.com,247670,INR,overdue
CUST-000115,Frank,Avra,Frank Avra,frankavra@gmail.com,736390,INR,overdue
CUST-000116,Dorette,Askwith,Dorette Askwith,doretteaskwith@gmail.com,57550,INR,recovered
CUST-000117,Birgitta,Alberik,Birgitta Alberik,birgittaalberik@gmail.com,662320,INR,overdue
CUST-000118,Cher,Baecher,Cher Baecher,cherbaecher@gmail.com,896910,INR,overdue
CUST-000119,Glad,Agueda,Glad Agueda,gladagueda@gmail.com,821430,INR,overdue
CUST-000120,Ailey,Albin,Ailey Albin,aileyalbin@gmail.com,501780,INR,recovered
CUST-000121,Adan,Negi,Adan Negi,adannegi@gmail.com,351320,INR,in_progress
CUST-000122,Alika,Blen,Alika Blen,alikablen@gmail.com,670430,INR,recovered
CUST-000123,Janaye,Abert,Janaye Abert,janayeabert@gmail.com,904770,INR,overdue
CUST-000124,Darsh,Binah,Darsh Binah,darshbinah@gmail.com,377830,INR,overdue
CUST-000125,Gaurav,Alidis,Gaurav Alidis,gauravalidis@gmail.com,189920,INR,active
CUST-000126,Crista,Amitie,Crista Amitie,cristaamitie@gmail.com,835660,INR,active
CUST-000127,Dorie,Arliene,Dorie Arliene,doriearliene@gmail.com,120970,INR,recovered
CUST-000128,Hannis,Aubrey,Hannis Aubrey,hannisaubrey@gmail.com,115400,INR,overdue
CUST-000129,Faye,Antons,Faye Antons,fayeantons@gmail.com,390,INR,in_progress
CUST-000130,Irina,Sharma,Irina Sharma,irinasharma@gmail.com,913160,INR,recovered
CUST-000131,Elsa,Billie,Elsa Billie,elsabillie@gmail.com,545070,INR,pending
CUST-000132,Frannie,Angrist,Frannie Angrist,frannieangrist@gmail.com,49840,INR,overdue
CUST-000133,Bev,Bary,Bev Bary,bevbary@gmail.com,991410,INR,pending
CUST-000134,Carmen,Bleier,Carmen Bleier,carmenbleier@gmail.com,749370,INR,pending
CUST-000135,Ferdinanda,Bannasch,Ferdinanda Bannasch,ferdinandabannasch@gmail.com,557630,INR,in_progress
CUST-000136,Dyanne,Ari,Dyanne Ari,dyanneari@gmail.com,258710,INR,pending
CUST-000137,Darcee,An,Darcee An,darceean@gmail.com,672560,INR,active
CUST-000138,Allegra,Amir,Allegra Amir,allegraamir@gmail.com,567490,INR,recovered
CUST-000139,Bonnee,Alveta,Bonnee Alveta,bonneealveta@gmail.com,775620,INR,in_progress
CUST-000140,Donna,Adnah,Donna Adnah,donnaadnah@gmail.com,98120,INR,recovered
CUST-000141,Anthe,Kulkarni,Anthe Kulkarni,anthekulkarni@gmail.com,890240,INR,active
CUST-000142,Chandal,Aker,Chandal Aker,chandalaker@gmail.com,646340,INR,active
CUST-000143,Cheryl,Arquit,Cheryl Arquit,cherylarquit@gmail.com,963680,INR,in_progress
CUST-000144,Dollie,Berny,Dollie Berny,dollieberny@gmail.com,370850,INR,pending
CUST-000145,Ingaborg,Amory,Ingaborg Amory,ingaborgamory@gmail.com,895490,INR,in_progress
CUST-000146,Cami,Bailar,Cami Bailar,camibailar@gmail.com,618940,INR,active
CUST-000147,Darrelle,Benoit,Darrelle Benoit,darrellebenoit@gmail.com,623700,INR,overdue
CUST-000148,Greer,Barnum,Greer Barnum,greerbarnum@gmail.com,132140,INR,recovered
CUST-000149,Annadiana,Bernadina,Annadiana Bernadina,annadianabernadina@gmail.com,392780,INR,recovered
CUST-000150,Colene,Ad,Colene Ad,colenead@gmail.com,299080,INR,overdue
CUST-000151,Celene,Berners,Celene Berners,celeneberners@gmail.com,406600,INR,in_progress
CUST-000152,Idaline,Ahmed,Idaline Ahmed,idalineahmed@gmail.com,465230,INR,recovered
CUST-000153,Corette,Barboza,Corette Barboza,corettebarboza@gmail.com,262670,INR,in_progress
CUST-000154,Ellene,Adlei,Ellene Adlei,elleneadlei@gmail.com,83530,INR,overdue
CUST-000155,Bab,Aggappe,Bab Aggappe,babaggappe@gmail.com,726290,INR,in_progress
CUST-000156,Barbe,Astera,Barbe Astera,barbeastera@gmail.com,404720,INR,recovered
CUST-000157,Alfy,Adriell,Alfy Adriell,alfyadriell@gmail.com,372400,INR,overdue
CUST-000158,Gizela,Anselm,Gizela Anselm,gizelaanselm@gmail.com,585290,INR,recovered
CUST-000159,Adrianne,Barling,Adrianne Barling,adriannebarling@gmail.com,828750,INR,in_progress
CUST-000160,Crista,Benzel,Crista Benzel,cristabenzel@gmail.com,83950,INR,active
CUST-000161,Jacinta,Bernardina,Jacinta Bernardina,jacintabernardina@gmail.com,913050,INR,recovered
CUST-000162,Calli,Andrews,Calli Andrews,calliandrews@gmail.com,543710,INR,overdue
CUST-000163,Fayina,Agan,Fayina Agan,fayinaagan@gmail.com,531680,INR,overdue
CUST-000164,Giuditta,Alane,Giuditta Alane,giudittaalane@gmail.com,314200,INR,pending
CUST-000165,Christina,Abbotson,Christina Abbotson,christinaabbotson@gmail.com,115820,INR,active
CUST-000166,Brittani,Adnah,Brittani Adnah,brittaniadnah@gmail.com,523960,INR,active
CUST-000167,Emmalee,Baun,Emmalee Baun,emmaleebaun@gmail.com,671550,INR,recovered
CUST-000168,Dorian,Becka,Dorian Becka,dorianbecka@gmail.com,434140,INR,recovered
CUST-000169,Bianca,Atwater,Bianca Atwater,biancaatwater@gmail.com,530360,INR,in_progress
CUST-000170,Elaina,Andromada,Elaina Andromada,elainaandromada@gmail.com,729170,INR,pending
CUST-000171,Evonne,Anna,Evonne Anna,evonneanna@gmail.com,917620,INR,overdue
CUST-000172,Germaine,Pillai,Germaine Pillai,germainepillai@gmail.com,135340,INR,pending
CUST-000173,Cati,Blackman,Cati Blackman,catiblackman@gmail.com,307700,INR,in_progress
CUST-000174,Cherice,Aleda,Cherice Aleda,chericealeda@gmail.com,637830,INR,in_progress
CUST-000175,Calley,Bevan,Calley Bevan,calleybevan@gmail.com,42500,INR,active
CUST-000176,Bridgette,Antons,Bridgette Antons,bridgetteantons@gmail.com,812340,INR,recovered
CUST-000177,Ede,Adall,Ede Adall,edeadall@gmail.com,249540,INR,pending
CUST-000178,Cynthie,Attah,Cynthie Attah,cynthieattah@gmail.com,129250,INR,recovered
CUST-000179,Fleur,Bamby,Fleur Bamby,fleurbamby@gmail.com,858850,INR,pending
CUST-000180,Dennie,Athalee,Dennie Athalee,dennieathalee@gmail.com,748840,INR,active
CUST-000181,Clementina,Bazar,Clementina Bazar,clementinabazar@gmail.com,780220,INR,pending
CUST-000182,Aprilette,Bast,Aprilette Bast,aprilettebast@gmail.com,358830,INR,overdue
CUST-000183,Bridget,Adal,Bridget Adal,bridgetadal@gmail.com,550350,INR,active
CUST-000184,Cahra,Arissa,Cahra Arissa,cahraarissa@gmail.com,572960,INR,active
CUST-000185,Colleen,Ballinger,Colleen Ballinger,colleenballinger@gmail.com,834980,INR,recovered
CUST-000186,Alix,Bing,Alix Bing,alixbing@gmail.com,896420,INR,overdue
CUST-000187,Aggie,Aborn,Aggie Aborn,aggieaborn@gmail.com,154990,INR,in_progress
CUST-000188,Dalenna,Bathsheb,Dalenna Bathsheb,dalennabathsheb@gmail.com,285820,INR,in_progress
CUST-000189,Alisun,Andros,Alisun Andros,alisunandros@gmail.com,337840,INR,active
CUST-000190,Hailee,Alyose,Hailee Alyose,haileealyose@gmail.com,625900,INR,pending
CUST-000191,Aidan,Bindman,Aidan Bindman,aidanbindman@gmail.com,199200,INR,recovered
CUST-000192,Ester,Patel,Ester Patel,esterpatel@gmail.com,954580,INR,in_progress
CUST-000193,Annice,Berriman,Annice Berriman,anniceberriman@gmail.com,479040,INR,pending
CUST-000194,Gisele,Berri,Gisele Berri,giseleberri@gmail.com,2590,INR,recovered
CUST-000195,Elianore,Asel,Elianore Asel,elianoreasel@gmail.com,943160,INR,overdue
CUST-000196,Bobbye,Anson,Bobbye Anson,bobbyeanson@gmail.com,440410,INR,pending
CUST-000197,Brooks,Bevash,Brooks Bevash,brooksbevash@gmail.com,352870,INR,active
CUST-000198,Iona,Almund,Iona Almund,ionaalmund@gmail.com,452850,INR,active
CUST-000199,Ariel,Bernete,Ariel Bernete,arielbernete@gmail.com,827230,INR,recovered
CUST-000200,Adelind,Basilio,Adelind Basilio,adelindbasilio@gmail.com,7690,INR,in_progress
CUST-000201,Helyn,Amary,Helyn Amary,helynamary@gmail.com,766000,INR,pending
CUST-000202,Basia,Auburn,Basia Auburn,basiaauburn@gmail.com,266750,INR,recovered
CUST-000203,Freida,Amathiste,Freida Amathiste,freidaamathiste@gmail.com,710480,INR,recovered
CUST-000204,Caprice,Arlinda,Caprice Arlinda,capricearlinda@gmail.com,584810,INR,pending
CUST-000205,Dorice,Agbogla,Dorice Agbogla,doriceagbogla@gmail.com,838890,INR,active
CUST-000206,Anabel,Bertle,Anabel Bertle,anabelbertle@gmail.com,911980,INR,in_progress
CUST-000207,Dorine,Arezzini,Dorine Arezzini,dorinearezzini@gmail.com,225370,INR,overdue
CUST-000208,Chloe,Arley,Chloe Arley,chloearley@gmail.com,674050,INR,active
CUST-000209,Pihu,Astto,Pihu Astto,pihuastto@gmail.com,523770,INR,pending
CUST-000210,Ginnie,Aletha,Ginnie Aletha,ginniealetha@gmail.com,48240,INR,overdue
CUST-000211,Anastassia,Bass,Anastassia Bass,anastassiabass@gmail.com,858030,INR,overdue
CUST-000212,Clarie,Agatha,Clarie Agatha,clarieagatha@gmail.com,133970,INR,pending
CUST-000213,Diandra,Battiste,Diandra Battiste,diandrabattiste@gmail.com,1450,INR,active
CUST-000214,Dasya,Aaberg,Dasya Aaberg,dasyaaaberg@gmail.com,182500,INR,in_progress
CUST-000215,Darya,Alikee,Darya Alikee,daryaalikee@gmail.com,791150,INR,pending
CUST-000216,Atalanta,Bethena,Atalanta Bethena,atalantabethena@gmail.com,493390,INR,overdue
CUST-000217,Arabella,Ardeha,Arabella Ardeha,arabellaardeha@gmail.com,487080,INR,overdue
CUST-000218,Clio,Billy,Clio Billy,cliobilly@gmail.com,902460,INR,in_progress
CUST-000219,Elle,Bodrogi,Elle Bodrogi,ellebodrogi@gmail.com,2010,INR,overdue
CUST-000220,Ann,Alexandrina,Ann Alexandrina,annalexandrina@gmail.com,445270,INR,overdue
CUST-000221,Chloris,Bascomb,Chloris Bascomb,chlorisbascomb@gmail.com,931510,INR,active
CUST-000222,Bernadina,Airlia,Bernadina Airlia,bernadinaairlia@gmail.com,352600,INR,pending
CUST-000223,Elenore,Anastas,Elenore Anastas,elenoreanastas@gmail.com,783930,INR,active
CUST-000224,Glori,Bedell,Glori Bedell,gloribedell@gmail.com,673840,INR,recovered
CUST-000225,Flora,Beaufert,Flora Beaufert,florabeaufert@gmail.com,797890,INR,in_progress
CUST-000226,Alejandrina,Bluhm,Alejandrina Bluhm,alejandrinabluhm@gmail.com,670590,INR,active
CUST-000227,Elana,Anjali,Elana Anjali,elanaanjali@gmail.com,956440,INR,pending
CUST-000228,Brina,Aggappe,Brina Aggappe,brinaaggappe@gmail.com,263540,INR,active
CUST-000229,Diandra,Amalie,Diandra Amalie,diandraamalie@gmail.com,161860,INR,active
CUST-000230,Doloritas,Biernat,Doloritas Biernat,doloritasbiernat@gmail.com,132170,INR,active
CUST-000231,Beatriz,Aldercy,Beatriz Aldercy,beatrizaldercy@gmail.com,447930,INR,overdue
CUST-000232,Hester,Backler,Hester Backler,hesterbackler@gmail.com,188210,INR,recovered
CUST-000233,Aila,Alansen,Aila Alansen,ailaalansen@gmail.com,174330,INR,recovered
CUST-000234,Genny,Aura,Genny Aura,gennyaura@gmail.com,635030,INR,overdue
CUST-000235,Jane,Aubrie,Jane Aubrie,janeaubrie@gmail.com,841860,INR,pending
CUST-000236,Feliza,Balliett,Feliza Balliett,felizaballiett@gmail.com,631480,INR,recovered
CUST-000237,Fianna,Garg,Fianna Garg,fiannagarg@gmail.com,671040,INR,in_progress
CUST-000238,Jayne,Azpurua,Jayne Azpurua,jayneazpurua@gmail.com,830790,INR,in_progress
CUST-000239,Adara,Ancilin,Adara Ancilin,adaraancilin@gmail.com,803250,INR,pending
CUST-000240,Alayne,Bartel,Alayne Bartel,alaynebartel@gmail.com,902720,INR,in_progress
CUST-000241,Jannel,Atwekk,Jannel Atwekk,jannelatwekk@gmail.com,614920,INR,active
CUST-000242,Bendite,Bee,Bendite Bee,benditebee@gmail.com,714560,INR,pending
CUST-000243,Demetris,Anny,Demetris Anny,demetrisanny@gmail.com,17740,INR,in_progress
CUST-000244,Bridget,Armallas,Bridget Armallas,bridgetarmallas@gmail.com,857470,INR,in_progress
CUST-000245,Carmen,Augustin,Carmen Augustin,carmenaugustin@gmail.com,701280,INR,in_progress
CUST-000246,Cathy,Anne,Cathy Anne,cathyanne@gmail.com,462560,INR,pending
CUST-000247,Estele,Ailene,Estele Ailene,esteleailene@gmail.com,335500,INR,overdue
CUST-000248,Cindie,Ameline,Cindie Ameline,cindieameline@gmail.com,149170,INR,pending
CUST-000249,Doroteya,Antonino,Doroteya Antonino,doroteyaantonino@gmail.com,13700,INR,pending
CUST-000250,Addi,Baggs,Addi Baggs,addibaggs@gmail.com,619540,INR,overdue
CUST-000251,Clair,Bevon,Clair Bevon,clairbevon@gmail.com,640140,INR,overdue
CUST-000252,Caritta,Bergwall,Caritta Bergwall,carittabergwall@gmail.com,870890,INR,active
CUST-000253,Jacynth,Binnings,Jacynth Binnings,jacynthbinnings@gmail.com,769280,INR,pending
CUST-000254,Giana,Aleron,Giana Aleron,gianaaleron@gmail.com,533410,INR,pending
CUST-000255,Deena,Ader,Deena Ader,deenaader@gmail.com,313230,INR,active
CUST-000256,Aarav,Ahern,Aarav Ahern,aaravahern@gmail.com,745320,INR,in_progress
CUST-000257,Calla,Belter,Calla Belter,callabelter@gmail.com,162890,INR,in_progress
CUST-000258,Jemima,Andersen,Jemima Andersen,jemimaandersen@gmail.com,301460,INR,recovered
CUST-000259,Benetta,Anis,Benetta Anis,benettaanis@gmail.com,668520,INR,pending
CUST-000260,Annissa,Alex,Annissa Alex,annissaalex@gmail.com,674820,INR,in_progress
CUST-000261,Bernelle,Belldas,Bernelle Belldas,bernellebelldas@gmail.com,559620,INR,recovered
CUST-000262,Chiquia,Adelaja,Chiquia Adelaja,chiquiaadelaja@gmail.com,268480,INR,recovered
CUST-000263,Augusta,Benjamen,Augusta Benjamen,augustabenjamen@gmail.com,294410,INR,active
CUST-000264,Dori,Upadhyay,Dori Upadhyay,doriupadhyay@gmail.com,413740,INR,recovered
CUST-000265,Engracia,Alan,Engracia Alan,engraciaalan@gmail.com,805080,INR,recovered
CUST-000266,Crystal,Benedetto,Crystal Benedetto,crystalbenedetto@gmail.com,720060,INR,active
CUST-000267,Davina,Bergquist,Davina Bergquist,davinabergquist@gmail.com,646800,INR,in_progress
CUST-000268,Sunita,Ahmar,Sunita Ahmar,sunitaahmar@gmail.com,488060,INR,recovered
CUST-000269,Anjela,Aloke,Anjela Aloke,anjelaaloke@gmail.com,468350,INR,active
CUST-000270,Sunita,Adoree,Sunita Adoree,sunitaadoree@gmail.com,234870,INR,pending
CUST-000271,Cindelyn,Augusto,Cindelyn Augusto,cindelynaugusto@gmail.com,465650,INR,pending
CUST-000272,Cecil,Bluma,Cecil Bluma,cecilbluma@gmail.com,149000,INR,recovered
CUST-000273,Charlotta,Abert,Charlotta Abert,charlottaabert@gmail.com,501870,INR,recovered
CUST-000274,Dayna,Sandhu,Dayna Sandhu,daynasandhu@gmail.com,60390,INR,pending
CUST-000275,Ami,Batruk,Ami Batruk,amibatruk@gmail.com,55070,INR,in_progress
CUST-000276,Dorita,Bauske,Dorita Bauske,doritabauske@gmail.com,315430,INR,pending
CUST-000277,Cammy,Aletha,Cammy Aletha,cammyaletha@gmail.com,394860,INR,pending
CUST-000278,Althea,Mann,Althea Mann,altheamann@gmail.com,95170,INR,overdue
CUST-000279,Danyette,Augie,Danyette Augie,danyetteaugie@gmail.com,238110,INR,in_progress
CUST-000280,Alys,Boesch,Alys Boesch,alysboesch@gmail.com,371040,INR,pending
CUST-000281,Cherilynn,Barrus,Cherilynn Barrus,cherilynnbarrus@gmail.com,670810,INR,overdue
CUST-000282,Harriet,Antons,Harriet Antons,harrietantons@gmail.com,653840,INR,in_progress
CUST-000283,Anthe,Bernette,Anthe Bernette,anthebernette@gmail.com,893450,INR,recovered
CUST-000284,Audi,Avilla,Audi Avilla,audiavilla@gmail.com,465410,INR,in_progress
CUST-000285,Gussie,Beniamino,Gussie Beniamino,gussiebeniamino@gmail.com,134840,INR,active
CUST-000286,Ella,Blessington,Ella Blessington,ellablessington@gmail.com,146820,INR,overdue
CUST-000287,Babita,Acey,Babita Acey,babitaacey@gmail.com,63420,INR,in_progress
CUST-000288,Consuelo,Adamsen,Consuelo Adamsen,consueloadamsen@gmail.com,363050,INR,in_progress
CUST-000289,Debora,Bernie,Debora Bernie,deborabernie@gmail.com,578520,INR,overdue
CUST-000290,Arlyn,Ashbaugh,Arlyn Ashbaugh,arlynashbaugh@gmail.com,115520,INR,pending
CUST-000291,Flor,Agosto,Flor Agosto,floragosto@gmail.com,810290,INR,active
CUST-000292,Doti,Aires,Doti Aires,dotiaires@gmail.com,897130,INR,overdue
CUST-000293,Elvina,Adolf,Elvina Adolf,elvinaadolf@gmail.com,534300,INR,active
CUST-000294,Cassandra,Barcellona,Cassandra Barcellona,cassandrabarcellona@gmail.com,262140,INR,overdue
CUST-000295,Billie,Batory,Billie Batory,billiebatory@gmail.com,85100,INR,in_progress
CUST-000296,Cathi,Aalst,Cathi Aalst,cathiaalst@gmail.com,489310,INR,active
CUST-000297,Catrina,Berners,Catrina Berners,catrinaberners@gmail.com,364990,INR,overdue
CUST-000298,Tanvi,Aristotle,Tanvi Aristotle,tanviaristotle@gmail.com,951890,INR,overdue
CUST-000299,Astra,Aspasia,Astra Aspasia,astraaspasia@gmail.com,592020,INR,overdue
CUST-000300,Anthia,Annice,Anthia Annice,anthiaannice@gmail.com,531850,INR,recovered
CUST-000301,Grata,Bixler,Grata Bixler,gratabixler@gmail.com,382180,INR,overdue
CUST-000302,Dorrie,Allyce,Dorrie Allyce,dorrieallyce@gmail.com,437860,INR,in_progress
CUST-000303,Brook,Bitthia,Brook Bitthia,brookbitthia@gmail.com,378290,INR,in_progress
CUST-000304,Dynah,Adelaja,Dynah Adelaja,dynahadelaja@gmail.com,551300,INR,in_progress
CUST-000305,Demetra,Allare,Demetra Allare,demetraallare@gmail.com,699350,INR,active
CUST-000306,Carmel,Aldo,Carmel Aldo,carmelaldo@gmail.com,915960,INR,overdue
CUST-000307,Amil,Archibold,Amil Archibold,amilarchibold@gmail.com,519680,INR,overdue
CUST-000308,Ferdinande,Aubin,Ferdinande Aubin,ferdinandeaubin@gmail.com,667970,INR,in_progress
CUST-000309,Giustina,Beatrix,Giustina Beatrix,giustinabeatrix@gmail.com,176690,INR,active
CUST-000310,Jacenta,Amalburga,Jacenta Amalburga,jacentaamalburga@gmail.com,21680,INR,active
CUST-000311,Estele,Birmingham,Estele Birmingham,estelebirmingham@gmail.com,304410,INR,overdue
CUST-000312,Eba,Bellaude,Eba Bellaude,ebabellaude@gmail.com,898020,INR,recovered
CUST-000313,Bili,Baxy,Bili Baxy,bilibaxy@gmail.com,509250,INR,pending
CUST-000314,Gaye,Alano,Gaye Alano,gayealano@gmail.com,412840,INR,active
CUST-000315,Beatrice,Belier,Beatrice Belier,beatricebelier@gmail.com,217620,INR,recovered
CUST-000316,Celestina,Allred,Celestina Allred,celestinaallred@gmail.com,739820,INR,in_progress
CUST-000317,Cathy,Ardene,Cathy Ardene,cathyardene@gmail.com,279880,INR,pending
CUST-000318,Ania,Bega,Ania Bega,aniabega@gmail.com,685650,INR,active
CUST-000319,Janela,Armilla,Janela Armilla,janelaarmilla@gmail.com,352330,INR,in_progress
CUST-000320,Griselda,Beaufort,Griselda Beaufort,griseldabeaufort@gmail.com,399160,INR,in_progress
CUST-000321,Cthrine,Bithia,Cthrine Bithia,cthrinebithia@gmail.com,126540,INR,overdue
CUST-000322,Claudie,Annaliese,Claudie Annaliese,claudieannaliese@gmail.com,968050,INR,recovered
CUST-000323,Gloriane,Adair,Gloriane Adair,glorianeadair@gmail.com,946880,INR,in_progress
CUST-000324,Jaine,Blumenthal,Jaine Blumenthal,jaineblumenthal@gmail.com,864360,INR,pending
CUST-000325,Conchita,Amal,Conchita Amal,conchitaamal@gmail.com,575790,INR,active
CUST-000326,Chelsey,Annora,Chelsey Annora,chelseyannora@gmail.com,542150,INR,pending
CUST-000327,Ermentrude,Alicia,Ermentrude Alicia,ermentrudealicia@gmail.com,280030,INR,overdue
CUST-000328,Jenna,Baskett,Jenna Baskett,jennabaskett@gmail.com,398080,INR,active
CUST-000329,Fey,Azeria,Fey Azeria,feyazeria@gmail.com,891710,INR,pending
CUST-000330,Fawn,Ayres,Fawn Ayres,fawnayres@gmail.com,404850,INR,recovered
CUST-000331,Carissa,Blynn,Carissa Blynn,carissablynn@gmail.com,714050,INR,pending
CUST-000332,Agnella,Angil,Agnella Angil,agnellaangil@gmail.com,237190,INR,recovered
CUST-000333,Hulda,Adiell,Hulda Adiell,huldaadiell@gmail.com,750110,INR,pending
CUST-000334,Beret,Ave,Beret Ave,beretave@gmail.com,758890,INR,active
CUST-000335,Charmine,Verma,Charmine Verma,charmineverma@gmail.com,218810,INR,pending
CUST-000336,Faythe,Amador,Faythe Amador,faytheamador@gmail.com,559010,INR,in_progress
CUST-000337,Gussie,Blankenship,Gussie Blankenship,gussieblankenship@gmail.com,964690,INR,active
CUST-000338,Hephzibah,Adah,Hephzibah Adah,hephzibahadah@gmail.com,235390,INR,pending
CUST-000339,Aigneis,Boff,Aigneis Boff,aigneisboff@gmail.com,349710,INR,pending
CUST-000340,Chiquia,Alroy,Chiquia Alroy,chiquiaalroy@gmail.com,894690,INR,in_progress
CUST-000341,Iona,Altaf,Iona Altaf,ionaaltaf@gmail.com,182330,INR,pending
CUST-000342,Blancha,Barbur,Blancha Barbur,blanchabarbur@gmail.com,842030,INR,recovered
CUST-000343,Gladys,Saxena,Gladys Saxena,gladyssaxena@gmail.com,370310,INR,overdue
CUST-000344,Hedwiga,Afrikah,Hedwiga Afrikah,hedwigaafrikah@gmail.com,755890,INR,pending
CUST-000345,Hildegarde,Birkett,Hildegarde Birkett,hildegardebirkett@gmail.com,542080,INR,overdue
CUST-000346,Hettie,Artima,Hettie Artima,hettieartima@gmail.com,151110,INR,active
CUST-000347,Hope,Berty,Hope Berty,hopeberty@gmail.com,353300,INR,recovered
CUST-000348,Daloris,Baruch,Daloris Baruch,dalorisbaruch@gmail.com,300710,INR,in_progress
CUST-000349,Dayna,Ashbey,Dayna Ashbey,daynaashbey@gmail.com,862100,INR,in_progress
CUST-000350,Angela,Asabi,Angela Asabi,angelaasabi@gmail.com,146380,INR,recovered
CUST-000351,Hildy,Agnella,Hildy Agnella,hildyagnella@gmail.com,93310,INR,overdue
CUST-000352,Britni,Benjamin,Britni Benjamin,britnibenjamin@gmail.com,386320,INR,pending
CUST-000353,Cammie,Allister,Cammie Allister,cammieallister@gmail.com,305750,INR,overdue
CUST-000354,Adora,Bega,Adora Bega,adorabega@gmail.com,38920,INR,pending
CUST-000355,Irma,Aspa,Irma Aspa,irmaaspa@gmail.com,721480,INR,pending
CUST-000356,Felice,Amund,Felice Amund,feliceamund@gmail.com,165260,INR,in_progress
CUST-000357,Aditi,Bambie,Aditi Bambie,aditibambie@gmail.com,856920,INR,pending
CUST-000358,Amalle,Archie,Amalle Archie,amallearchie@gmail.com,370080,INR,recovered
CUST-000359,Gratia,Bedwell,Gratia Bedwell,gratiabedwell@gmail.com,530390,INR,pending
CUST-000360,Blythe,Audette,Blythe Audette,blytheaudette@gmail.com,972020,INR,overdue
CUST-000361,Bernete,Australia,Bernete Australia,berneteaustralia@gmail.com,194470,INR,in_progress
CUST-000362,Charil,Alodee,Charil Alodee,charilalodee@gmail.com,815850,INR,in_progress
CUST-000363,Betsy,Almeida,Betsy Almeida,betsyalmeida@gmail.com,401260,INR,recovered
CUST-000364,Clarisse,Auvil,Clarisse Auvil,clarisseauvil@gmail.com,122260,INR,in_progress
CUST-000365,Jackqueline,Armanda,Jackqueline Armanda,jackquelinearmanda@gmail.com,80160,INR,in_progress
CUST-000366,Dniren,Azriel,Dniren Azriel,dnirenazriel@gmail.com,51080,INR,overdue
CUST-000367,Gunilla,Ansel,Gunilla Ansel,gunillaansel@gmail.com,680380,INR,recovered
CUST-000368,Sia,Andrel,Sia Andrel,siaandrel@gmail.com,875950,INR,recovered
CUST-000369,Evelyn,Alisia,Evelyn Alisia,evelynalisia@gmail.com,289130,INR,in_progress
CUST-000370,Arly,Beasley,Arly Beasley,arlybeasley@gmail.com,117460,INR,in_progress
CUST-000371,Germaine,Amadas,Germaine Amadas,germaineamadas@gmail.com,823740,INR,in_progress
CUST-000372,Carline,Anissa,Carline Anissa,carlineanissa@gmail.com,522260,INR,overdue
CUST-000373,Bliss,Agustin,Bliss Agustin,blissagustin@gmail.com,46450,INR,overdue
CUST-000374,Blake,Alvina,Blake Alvina,blakealvina@gmail.com,931370,INR,overdue
CUST-000375,Aigneis,Alissa,Aigneis Alissa,aigneisalissa@gmail.com,598370,INR,recovered
CUST-000376,Carlin,Adolfo,Carlin Adolfo,carlinadolfo@gmail.com,163140,INR,pending
CUST-000377,Gerianna,Aubrey,Gerianna Aubrey,geriannaaubrey@gmail.com,977620,INR,overdue
CUST-000378,Daryl,Arvin,Daryl Arvin,darylarvin@gmail.com,982000,INR,pending
CUST-000379,Frederique,Belanger,Frederique Belanger,frederiquebelanger@gmail.com,483160,INR,active
CUST-000380,Evaleen,Beau,Evaleen Beau,evaleenbeau@gmail.com,752750,INR,overdue
CUST-000381,Erica,Angrist,Erica Angrist,ericaangrist@gmail.com,370600,INR,recovered
CUST-000382,Jenine,Alphonsa,Jenine Alphonsa,jeninealphonsa@gmail.com,763910,INR,overdue
CUST-000383,Aloisia,Batish,Aloisia Batish,aloisiabatish@gmail.com,53490,INR,active
CUST-000384,Corabel,Balling,Corabel Balling,corabelballing@gmail.com,976200,INR,active
CUST-000385,Crista,Bannasch,Crista Bannasch,cristabannasch@gmail.com,130410,INR,in_progress
CUST-000386,Bunni,Appleby,Bunni Appleby,bunniappleby@gmail.com,370800,INR,recovered
CUST-000387,Jena,Arde,Jena Arde,jenaarde@gmail.com,61700,INR,active
CUST-000388,Dorelia,Bendick,Dorelia Bendick,doreliabendick@gmail.com,804620,INR,in_progress
CUST-000389,Bessie,Behah,Bessie Behah,bessiebehah@gmail.com,647700,INR,overdue
CUST-000390,Dominica,Ahron,Dominica Ahron,dominicaahron@gmail.com,758470,INR,active
CUST-000391,Anneliese,Blainey,Anneliese Blainey,annelieseblainey@gmail.com,774840,INR,recovered
CUST-000392,Brenn,Assisi,Brenn Assisi,brennassisi@gmail.com,961000,INR,in_progress
CUST-000393,Alayne,Annadiana,Alayne Annadiana,alayneannadiana@gmail.com,823590,INR,active
CUST-000394,Agneta,Audun,Agneta Audun,agnetaaudun@gmail.com,502110,INR,in_progress
CUST-000395,Bobina,Baillieu,Bobina Baillieu,bobinabaillieu@gmail.com,143620,INR,in_progress
CUST-000396,Almeria,Agostino,Almeria Agostino,almeriaagostino@gmail.com,854140,INR,overdue
CUST-000397,Glenn,Antonio,Glenn Antonio,glennantonio@gmail.com,346010,INR,recovered
CUST-000398,Basia,Amorete,Basia Amorete,basiaamorete@gmail.com,561990,INR,active
CUST-000399,Hallie,Baryram,Hallie Baryram,halliebaryram@gmail.com,760270,INR,active
CUST-000400,Adan,Adala,Adan Adala,adanadala@gmail.com,645730,INR,active
CUST-000401,Fredi,Bergmann,Fredi Bergmann,fredibergmann@gmail.com,920890,INR,overdue
CUST-000402,Dallas,Antrim,Dallas Antrim,dallasantrim@gmail.com,375420,INR,pending
CUST-000403,Catie,Almena,Catie Almena,catiealmena@gmail.com,544290,INR,pending
CUST-000404,Calla,Azar,Calla Azar,callaazar@gmail.com,841430,INR,in_progress
CUST-000405,Anya,Aaronson,Anya Aaronson,anyaaaronson@gmail.com,278660,INR,recovered
CUST-000406,Amabel,Bik,Amabel Bik,amabelbik@gmail.com,747120,INR,active
CUST-000407,Isabelita,Belak,Isabelita Belak,isabelitabelak@gmail.com,885150,INR,overdue
CUST-000408,Fiona,Berlyn,Fiona Berlyn,fionaberlyn@gmail.com,763020,INR,overdue
CUST-000409,Germana,Amr,Germana Amr,germanaamr@gmail.com,542820,INR,overdue
CUST-000410,Dania,Betsy,Dania Betsy,daniabetsy@gmail.com,530920,INR,active
CUST-000411,Crin,Aloisia,Crin Aloisia,crinaloisia@gmail.com,662150,INR,in_progress
CUST-000412,Dale,Atwekk,Dale Atwekk,daleatwekk@gmail.com,988560,INR,pending
CUST-000413,Clotilda,Berne,Clotilda Berne,clotildaberne@gmail.com,569240,INR,overdue
CUST-000414,Bernadette,Alvie,Bernadette Alvie,bernadettealvie@gmail.com,914020,INR,pending
CUST-000415,Eleni,Beatty,Eleni Beatty,elenibeatty@gmail.com,949870,INR,active
CUST-000416,Colette,Arquit,Colette Arquit,colettearquit@gmail.com,48510,INR,overdue
CUST-000417,Mahesh,Arratoon,Mahesh Arratoon,mahesharratoon@gmail.com,537780,INR,pending
CUST-000418,Addie,Bloomer,Addie Bloomer,addiebloomer@gmail.com,711090,INR,overdue
CUST-000419,Bibi,Bloem,Bibi Bloem,bibibloem@gmail.com,856140,INR,recovered
CUST-000420,Fianna,Malhotra,Fianna Malhotra,fiannamalhotra@gmail.com,909560,INR,in_progress
CUST-000421,Holli,Basset,Holli Basset,hollibasset@gmail.com,118150,INR,active
CUST-000422,Eugine,Banky,Eugine Banky,euginebanky@gmail.com,708600,INR,recovered
CUST-000423,Issi,Blalock,Issi Blalock,issiblalock@gmail.com,746940,INR,pending
CUST-000424,Dana,Asuncion,Dana Asuncion,danaasuncion@gmail.com,241130,INR,active
CUST-000425,Anett,Allanson,Anett Allanson,anettallanson@gmail.com,222320,INR,recovered
CUST-000426,Estell,Ardelle,Estell Ardelle,estellardelle@gmail.com,70370,INR,active
CUST-000427,Elie,Betti,Elie Betti,eliebetti@gmail.com,853190,INR,active
CUST-000428,Dixie,Aiken,Dixie Aiken,dixieaiken@gmail.com,915910,INR,overdue
CUST-000429,Fifi,Au,Fifi Au,fifiau@gmail.com,934110,INR,pending
CUST-000430,Chery,Bathilda,Chery Bathilda,cherybathilda@gmail.com,898140,INR,active
CUST-000431,Estele,Audsley,Estele Audsley,esteleaudsley@gmail.com,934120,INR,in_progress
CUST-000432,Deane,Amabil,Deane Amabil,deaneamabil@gmail.com,593720,INR,active
CUST-000433,Biddy,Alexis,Biddy Alexis,biddyalexis@gmail.com,272890,INR,pending
CUST-000434,Calli,Abra,Calli Abra,calliabra@gmail.com,895110,INR,active
CUST-000435,Dreddy,Arad,Dreddy Arad,dreddyarad@gmail.com,540640,INR,recovered
CUST-000436,Fayette,Adhern,Fayette Adhern,fayetteadhern@gmail.com,696520,INR,in_progress
CUST-000437,Dominica,Bendicty,Dominica Bendicty,dominicabendicty@gmail.com,434100,INR,recovered
CUST-000438,Khushi,Beutner,Khushi Beutner,khushibeutner@gmail.com,824200,INR,pending
CUST-000439,Ilsa,Artemis,Ilsa Artemis,ilsaartemis@gmail.com,428340,INR,pending
CUST-000440,Dacey,Belak,Dacey Belak,daceybelak@gmail.com,951390,INR,recovered
CUST-000441,Dulciana,Anetta,Dulciana Anetta,dulcianaanetta@gmail.com,879380,INR,overdue
CUST-000442,Delly,Baalman,Delly Baalman,dellybaalman@gmail.com,816050,INR,pending
CUST-000443,Dorri,Benji,Dorri Benji,dorribenji@gmail.com,469410,INR,recovered
CUST-000444,Devora,Ab,Devora Ab,devoraab@gmail.com,591640,INR,active
CUST-000445,Hanni,Addam,Hanni Addam,hanniaddam@gmail.com,936480,INR,in_progress
CUST-000446,Dot,Alard,Dot Alard,dotalard@gmail.com,690450,INR,pending
CUST-000447,Dolly,Berman,Dolly Berman,dollyberman@gmail.com,515050,INR,overdue
CUST-000448,Deborah,Barbabra,Deborah Barbabra,deborahbarbabra@gmail.com,221220,INR,in_progress
CUST-000449,Delora,Antonetta,Delora Antonetta,deloraantonetta@gmail.com,10920,INR,overdue
CUST-000450,Issie,Alyda,Issie Alyda,issiealyda@gmail.com,256910,INR,recovered
CUST-000451,Cleopatra,Bak,Cleopatra Bak,cleopatrabak@gmail.com,586380,INR,in_progress
CUST-000452,Arline,Alexandra,Arline Alexandra,arlinealexandra@gmail.com,867090,INR,in_progress
CUST-000453,Giacinta,Barimah,Giacinta Barimah,giacintabarimah@gmail.com,499860,INR,pending
CUST-000454,Gipsy,Birkner,Gipsy Birkner,gipsybirkner@gmail.com,835240,INR,active
CUST-000455,Vishal,Aley,Vishal Aley,vishalaley@gmail.com,508520,INR,overdue
CUST-000456,Helen,Allyson,Helen Allyson,helenallyson@gmail.com,549080,INR,recovered
CUST-000457,Irena,Benzel,Irena Benzel,irenabenzel@gmail.com,279230,INR,in_progress
CUST-000458,Anya,Araldo,Anya Araldo,anyaaraldo@gmail.com,276750,INR,in_progress
CUST-000459,Casi,Basilius,Casi Basilius,casibasilius@gmail.com,859460,INR,in_progress
CUST-000460,Eryn,Bina,Eryn Bina,erynbina@gmail.com,537670,INR,pending
CUST-000461,Darsie,Amye,Darsie Amye,darsieamye@gmail.com,458630,INR,recovered
CUST-000462,Dalila,Alida,Dalila Alida,dalilaalida@gmail.com,973120,INR,recovered
CUST-000463,Cyb,Adaiha,Cyb Adaiha,cybadaiha@gmail.com,747420,INR,pending
CUST-000464,Dinah,Prasad,Dinah Prasad,dinahprasad@gmail.com,514860,INR,active
CUST-000465,Elisa,Ariane,Elisa Ariane,elisaariane@gmail.com,666320,INR,recovered
CUST-000466,Constantine,Behlau,Constantine Behlau,constantinebehlau@gmail.com,618090,INR,pending
CUST-000467,Fredericka,Bess,Fredericka Bess,frederickabess@gmail.com,668170,INR,recovered
CUST-000468,Cecilla,Beaudoin,Cecilla Beaudoin,cecillabeaudoin@gmail.com,921550,INR,in_progress
CUST-000469,Dina,Adalbert,Dina Adalbert,dinaadalbert@gmail.com,766370,INR,overdue
CUST-000470,Alene,Ailis,Alene Ailis,aleneailis@gmail.com,14040,INR,in_progress
CUST-000471,Cam,Aday,Cam Aday,camaday@gmail.com,237080,INR,pending
CUST-000472,Anica,Amati,Anica Amati,anicaamati@gmail.com,452070,INR,in_progress
CUST-000473,Cleo,Aliber,Cleo Aliber,cleoaliber@gmail.com,591540,INR,pending
CUST-000474,Ilysa,Barling,Ilysa Barling,ilysabarling@gmail.com,518130,INR,in_progress
CUST-000475,Arnav,Alithia,Arnav Alithia,arnavalithia@gmail.com,313210,INR,active
CUST-000476,Mahesh,Arny,Mahesh Arny,mahesharny@gmail.com,370630,INR,recovered
CUST-000477,Kabir,Amaris,Kabir Amaris,kabiramaris@gmail.com,841520,INR,pending
CUST-000478,Ilka,Angle,Ilka Angle,ilkaangle@gmail.com,80250,INR,in_progress
CUST-000479,Clem,Alic,Clem Alic,clemalic@gmail.com,239700,INR,in_progress
CUST-000480,Essie,Adnah,Essie Adnah,essieadnah@gmail.com,509900,INR,active
CUST-000481,Genni,Attlee,Genni Attlee,genniattlee@gmail.com,39400,INR,overdue
CUST-000482,Dorene,Bose,Dorene Bose,dorenebose@gmail.com,326090,INR,pending
CUST-000483,Barbie,Arline,Barbie Arline,barbiearline@gmail.com,811900,INR,overdue
CUST-000484,Elisa,Alethea,Elisa Alethea,elisaalethea@gmail.com,736820,INR,in_progress
CUST-000485,Clare,Alphonse,Clare Alphonse,clarealphonse@gmail.com,568780,INR,pending
CUST-000486,Eartha,Barsky,Eartha Barsky,earthabarsky@gmail.com,957460,INR,pending
CUST-000487,Corrinne,Aldric,Corrinne Aldric,corrinnealdric@gmail.com,432650,INR,active
CUST-000488,Analiese,Arnold,Analiese Arnold,analiesearnold@gmail.com,335700,INR,overdue
CUST-000489,Fey,Becca,Fey Becca,feybecca@gmail.com,42740,INR,active
CUST-000490,Celestyna,Blisse,Celestyna Blisse,celestynablisse@gmail.com,462390,INR,active
CUST-000491,Ashli,Alvira,Ashli Alvira,ashlialvira@gmail.com,512940,INR,active
CUST-000492,Florie,Amora,Florie Amora,florieamora@gmail.com,220960,INR,recovered
CUST-000493,Adrianna,Ajit,Adrianna Ajit,adriannaajit@gmail.com,639670,INR,active
CUST-000494,Estell,Berglund,Estell Berglund,estellberglund@gmail.com,625580,INR,in_progress
CUST-000495,Gerrie,Arlinda,Gerrie Arlinda,gerriearlinda@gmail.com,558160,INR,overdue
CUST-000496,Annie,Alpert,Annie Alpert,anniealpert@gmail.com,951320,INR,overdue
CUST-000497,Corina,Bitthia,Corina Bitthia,corinabitthia@gmail.com,342850,INR,overdue
CUST-000498,Babette,Becket,Babette Becket,babettebecket@gmail.com,47540,INR,overdue
CUST-000499,Gayleen,Betthezul,Gayleen Betthezul,gayleenbetthezul@gmail.com,109620,INR,recovered
CUST-000500,Sunita,Argus,Sunita Argus,sunitaargus@gmail.com,480510,INR,overdue
CUST-000501,Emlynne,Berlyn,Emlynne Berlyn,emlynneberlyn@gmail.com,363260,INR,recovered
CUST-000502,Georgiana,Joshi,Georgiana Joshi,georgianajoshi@gmail.com,382980,INR,recovered
CUST-000503,Beatrisa,Athal,Beatrisa Athal,beatrisaathal@gmail.com,862320,INR,in_progress
CUST-000504,Hally,Aleksandr,Hally Aleksandr,hallyaleksandr@gmail.com,630680,INR,in_progress
CUST-000505,Elianore,Adamik,Elianore Adamik,elianoreadamik@gmail.com,749630,INR,overdue
CUST-000506,Dorolice,Beutler,Dorolice Beutler,dorolicebeutler@gmail.com,814660,INR,overdue
CUST-000507,Florette,Aziza,Florette Aziza,floretteaziza@gmail.com,554010,INR,active
CUST-000508,Bernette,Arica,Bernette Arica,bernettearica@gmail.com,388080,INR,pending
CUST-000509,Alma,Amir,Alma Amir,almaamir@gmail.com,591490,INR,overdue
CUST-000510,Corene,Bashee,Corene Bashee,corenebashee@gmail.com,249210,INR,overdue
CUST-000511,Erinn,Arick,Erinn Arick,erinnarick@gmail.com,314410,INR,active
CUST-000512,Ambur,Avrit,Ambur Avrit,amburavrit@gmail.com,865680,INR,overdue
CUST-000513,Alana,Ameline,Alana Ameline,alanaameline@gmail.com,306020,INR,active
CUST-000514,Cairistiona,Ardolino,Cairistiona Ardolino,cairistionaardolino@gmail.com,900820,INR,pending
CUST-000515,Allis,Atrice,Allis Atrice,allisatrice@gmail.com,490180,INR,overdue
CUST-000516,Alli,Blancha,Alli Blancha,alliblancha@gmail.com,616090,INR,overdue
CUST-000517,Ally,Alatea,Ally Alatea,allyalatea@gmail.com,90840,INR,pending
CUST-000518,Elenore,Affra,Elenore Affra,elenoreaffra@gmail.com,440790,INR,active
CUST-000519,Ingeberg,Alveta,Ingeberg Alveta,ingebergalveta@gmail.com,192730,INR,pending
CUST-000520,Jacky,Asaph,Jacky Asaph,jackyasaph@gmail.com,829120,INR,recovered
CUST-000521,Abagail,Bamford,Abagail Bamford,abagailbamford@gmail.com,69490,INR,active
CUST-000522,Cheryl,Ariella,Cheryl Ariella,cherylariella@gmail.com,769710,INR,recovered
CUST-000523,Felisha,Arrio,Felisha Arrio,felishaarrio@gmail.com,125100,INR,recovered
CUST-000524,Helene,Aksel,Helene Aksel,heleneaksel@gmail.com,256900,INR,recovered
CUST-000525,Abbie,Ambur,Abbie Ambur,abbieambur@gmail.com,413350,INR,overdue
CUST-000526,Elenore,Armelda,Elenore Armelda,elenorearmelda@gmail.com,355700,INR,in_progress
CUST-000527,Grayce,Bledsoe,Grayce Bledsoe,graycebledsoe@gmail.com,622350,INR,in_progress
CUST-000528,Bibby,Annalise,Bibby Annalise,bibbyannalise@gmail.com,130290,INR,recovered
CUST-000529,Clarey,Alsworth,Clarey Alsworth,clareyalsworth@gmail.com,482500,INR,recovered
CUST-000530,Carline,Amory,Carline Amory,carlineamory@gmail.com,162480,INR,recovered
CUST-000531,Gates,Bartolomeo,Gates Bartolomeo,gatesbartolomeo@gmail.com,860150,INR,recovered
CUST-000532,Cami,Agretha,Cami Agretha,camiagretha@gmail.com,177820,INR,active
CUST-000533,Fania,Aiello,Fania Aiello,faniaaiello@gmail.com,448380,INR,in_progress
CUST-000534,Gui,Bartolome,Gui Bartolome,guibartolome@gmail.com,275290,INR,in_progress
CUST-000535,Devin,Birdie,Devin Birdie,devinbirdie@gmail.com,845450,INR,in_progress
CUST-000536,Babette,Alfi,Babette Alfi,babettealfi@gmail.com,562750,INR,recovered
CUST-000537,Prisha,Abernathy,Prisha Abernathy,prishaabernathy@gmail.com,214620,INR,in_progress
CUST-000538,Emmeline,Adon,Emmeline Adon,emmelineadon@gmail.com,303100,INR,active
CUST-000539,Doe,Ardy,Doe Ardy,doeardy@gmail.com,393360,INR,recovered
CUST-000540,Charyl,Anallese,Charyl Anallese,charylanallese@gmail.com,787420,INR,in_progress
CUST-000541,Ardyth,Blackman,Ardyth Blackman,ardythblackman@gmail.com,438540,INR,in_progress
CUST-000542,Cleo,Alvin,Cleo Alvin,cleoalvin@gmail.com,233950,INR,pending
CUST-000543,Cherrita,Bagger,Cherrita Bagger,cherritabagger@gmail.com,145830,INR,active
CUST-000544,Hally,Aeneas,Hally Aeneas,hallyaeneas@gmail.com,896050,INR,in_progress
CUST-000545,Andi,Abbottson,Andi Abbottson,andiabbottson@gmail.com,165200,INR,in_progress
CUST-000546,Gwendolyn,Bianca,Gwendolyn Bianca,gwendolynbianca@gmail.com,583180,INR,in_progress
CUST-000547,Eleanor,Aeneas,Eleanor Aeneas,eleanoraeneas@gmail.com,855080,INR,recovered
CUST-000548,Bettine,Ashraf,Bettine Ashraf,bettineashraf@gmail.com,33710,INR,pending
CUST-000549,Holli,Bertrando,Holli Bertrando,hollibertrando@gmail.com,956870,INR,in_progress
CUST-000550,Alberta,Ardelis,Alberta Ardelis,albertaardelis@gmail.com,133970,INR,in_progress
CUST-000551,Annette,Bethina,Annette Bethina,annettebethina@gmail.com,687620,INR,pending
CUST-000552,Arden,Blayne,Arden Blayne,ardenblayne@gmail.com,573120,INR,active
CUST-000553,Felice,Amethist,Felice Amethist,feliceamethist@gmail.com,101320,INR,overdue
CUST-000554,Collie,Behlke,Collie Behlke,colliebehlke@gmail.com,609900,INR,recovered
CUST-000555,Chery,Belldame,Chery Belldame,cherybelldame@gmail.com,275620,INR,pending
CUST-000556,Corabella,Atterbury,Corabella Atterbury,corabellaatterbury@gmail.com,265940,INR,recovered
CUST-000557,Myra,Astrix,Myra Astrix,myraastrix@gmail.com,127460,INR,overdue
CUST-000558,Ajay,Armando,Ajay Armando,ajayarmando@gmail.com,371140,INR,pending
CUST-000559,Ashly,Bergeron,Ashly Bergeron,ashlybergeron@gmail.com,318750,INR,overdue
CUST-000560,Heddi,Alby,Heddi Alby,heddialby@gmail.com,767550,INR,in_progress
CUST-000561,Ilyssa,Alberto,Ilyssa Alberto,ilyssaalberto@gmail.com,560300,INR,pending
CUST-000562,Bekki,Beatrix,Bekki Beatrix,bekkibeatrix@gmail.com,882560,INR,recovered
CUST-000563,Dorothea,Bechler,Dorothea Bechler,dorotheabechler@gmail.com,422270,INR,pending
CUST-000564,Jaimie,Astred,Jaimie Astred,jaimieastred@gmail.com,196360,INR,recovered
CUST-000565,Calley,Alodie,Calley Alodie,calleyalodie@gmail.com,349870,INR,pending
CUST-000566,Charlene,Belia,Charlene Belia,charlenebelia@gmail.com,197930,INR,overdue
CUST-000567,Erinna,Aeneas,Erinna Aeneas,erinnaaeneas@gmail.com,601060,INR,overdue
CUST-000568,Coraline,Alten,Coraline Alten,coralinealten@gmail.com,199260,INR,recovered
CUST-000569,Hermia,Bedad,Hermia Bedad,hermiabedad@gmail.com,94650,INR,recovered
CUST-000570,Elke,Abbate,Elke Abbate,elkeabbate@gmail.com,945730,INR,overdue
CUST-000571,Cal,Aguayo,Cal Aguayo,calaguayo@gmail.com,432290,INR,active
CUST-000572,Dot,Bobbi,Dot Bobbi,dotbobbi@gmail.com,851520,INR,recovered
CUST-000573,Betti,Arnie,Betti Arnie,bettiarnie@gmail.com,435280,INR,active
CUST-000574,Gennie,Aleda,Gennie Aleda,genniealeda@gmail.com,771860,INR,in_progress
CUST-000575,Eleen,Aurel,Eleen Aurel,eleenaurel@gmail.com,403740,INR,in_progress
CUST-000576,Sunita,Acacia,Sunita Acacia,sunitaacacia@gmail.com,145710,INR,active
CUST-000577,Alameda,Berte,Alameda Berte,alamedaberte@gmail.com,226270,INR,pending
CUST-000578,Betsy,Ananna,Betsy Ananna,betsyananna@gmail.com,763210,INR,active
CUST-000579,Chiarra,Anallise,Chiarra Anallise,chiarraanallise@gmail.com,352680,INR,active
CUST-000580,Ardis,Bartle,Ardis Bartle,ardisbartle@gmail.com,246410,INR,pending
CUST-000581,Hannah,Alverta,Hannah Alverta,hannahalverta@gmail.com,155320,INR,recovered
CUST-000582,Bobina,Aggarwal,Bobina Aggarwal,bobinaaggarwal@gmail.com,451210,INR,active
CUST-000583,Gerti,Bevis,Gerti Bevis,gertibevis@gmail.com,733410,INR,in_progress
CUST-000584,Bari,Binette,Bari Binette,baribinette@gmail.com,487850,INR,active
CUST-000585,Avivah,Attenweiler,Avivah Attenweiler,avivahattenweiler@gmail.com,206850,INR,overdue
CUST-000586,Imogen,Aba,Imogen Aba,imogenaba@gmail.com,311910,INR,recovered
CUST-000587,Camila,Barthol,Camila Barthol,camilabarthol@gmail.com,617680,INR,pending
CUST-000588,Farrah,Betti,Farrah Betti,farrahbetti@gmail.com,285310,INR,in_progress
CUST-000589,Euphemia,Ard,Euphemia Ard,euphemiaard@gmail.com,505710,INR,in_progress
CUST-000590,Bari,Becky,Bari Becky,baribecky@gmail.com,863510,INR,active
CUST-000591,Annissa,Benni,Annissa Benni,annissabenni@gmail.com,817380,INR,recovered
CUST-000592,Elise,Barnabas,Elise Barnabas,elisebarnabas@gmail.com,22380,INR,active
CUST-000593,Alys,Amero,Alys Amero,alysamero@gmail.com,716260,INR,in_progress
CUST-000594,Bryn,Berthe,Bryn Berthe,brynberthe@gmail.com,96680,INR,pending
CUST-000595,Elinor,Agathe,Elinor Agathe,elinoragathe@gmail.com,827610,INR,recovered
CUST-000596,Doris,Abbye,Doris Abbye,dorisabbye@gmail.com,720630,INR,recovered
CUST-000597,Adelind,Aland,Adelind Aland,adelindaland@gmail.com,168340,INR,active
CUST-000598,Conni,Bayless,Conni Bayless,connibayless@gmail.com,891980,INR,pending
CUST-000599,Eveleen,Aruabea,Eveleen Aruabea,eveleenaruabea@gmail.com,904660,INR,pending
CUST-000600,Catrina,Aluin,Catrina Aluin,catrinaaluin@gmail.com,580960,INR,active
CUST-000601,Agna,Abram,Agna Abram,agnaabram@gmail.com,851390,INR,recovered
CUST-000602,Brynne,Arlette,Brynne Arlette,brynnearlette@gmail.com,119380,INR,recovered
CUST-000603,Daron,Abel,Daron Abel,daronabel@gmail.com,934190,INR,pending
CUST-000604,Cathyleen,Bassett,Cathyleen Bassett,cathyleenbassett@gmail.com,165360,INR,in_progress
CUST-000605,Adoree,Anana,Adoree Anana,adoreeanana@gmail.com,16610,INR,recovered
CUST-000606,Gretna,Allsun,Gretna Allsun,gretnaallsun@gmail.com,818060,INR,in_progress
CUST-000607,Cecily,Binky,Cecily Binky,cecilybinky@gmail.com,79510,INR,recovered
CUST-000608,Carlotta,Bendicty,Carlotta Bendicty,carlottabendicty@gmail.com,652060,INR,overdue
CUST-000609,Ally,Beaver,Ally Beaver,allybeaver@gmail.com,872670,INR,recovered
CUST-000610,Erna,Annissa,Erna Annissa,ernaannissa@gmail.com,193020,INR,overdue
CUST-000611,Dniren,Alphard,Dniren Alphard,dnirenalphard@gmail.com,47570,INR,overdue
CUST-000612,Dorine,Ber,Dorine Ber,dorineber@gmail.com,14300,INR,overdue
CUST-000613,Dehlia,Ary,Dehlia Ary,dehliaary@gmail.com,556400,INR,recovered
CUST-000614,Hallie,Ambur,Hallie Ambur,hallieambur@gmail.com,279530,INR,overdue
CUST-000615,Corene,Adalia,Corene Adalia,coreneadalia@gmail.com,587160,INR,active
CUST-000616,Jacky,Betsy,Jacky Betsy,jackybetsy@gmail.com,571560,INR,overdue
CUST-000617,Caye,Beesley,Caye Beesley,cayebeesley@gmail.com,516460,INR,active
CUST-000618,Gayleen,Bettina,Gayleen Bettina,gayleenbettina@gmail.com,461620,INR,in_progress
CUST-000619,Edythe,Ania,Edythe Ania,edytheania@gmail.com,337460,INR,recovered
CUST-000620,Daloris,Aggri,Daloris Aggri,dalorisaggri@gmail.com,623540,INR,in_progress
CUST-000621,Jeanelle,Armilda,Jeanelle Armilda,jeanellearmilda@gmail.com,961780,INR,active
CUST-000622,Codie,Arv,Codie Arv,codiearv@gmail.com,351570,INR,recovered
CUST-000623,Darlene,Bisht,Darlene Bisht,darlenebisht@gmail.com,672040,INR,recovered
CUST-000624,Devora,Atterbury,Devora Atterbury,devoraatterbury@gmail.com,608100,INR,in_progress
CUST-000625,Giralda,Amedeo,Giralda Amedeo,giraldaamedeo@gmail.com,729880,INR,pending
CUST-000626,Gwenore,Arabelle,Gwenore Arabelle,gwenorearabelle@gmail.com,425180,INR,recovered
CUST-000627,Cyndia,Baseler,Cyndia Baseler,cyndiabaseler@gmail.com,225650,INR,in_progress
CUST-000628,Binni,Bakerman,Binni Bakerman,binnibakerman@gmail.com,257030,INR,active
CUST-000629,Chicky,Baumann,Chicky Baumann,chickybaumann@gmail.com,911070,INR,overdue
CUST-000630,Horatia,Aidan,Horatia Aidan,horatiaaidan@gmail.com,751460,INR,active
CUST-000631,Emeline,Binni,Emeline Binni,emelinebinni@gmail.com,692720,INR,overdue
CUST-000632,Grata,Artie,Grata Artie,grataartie@gmail.com,662870,INR,in_progress
CUST-000633,Fredericka,Bebe,Fredericka Bebe,frederickabebe@gmail.com,67500,INR,recovered
CUST-000634,Elie,Berte,Elie Berte,elieberte@gmail.com,880610,INR,recovered
CUST-000635,Babb,Amatruda,Babb Amatruda,babbamatruda@gmail.com,305860,INR,in_progress
CUST-000636,Debbi,Avaria,Debbi Avaria,debbiavaria@gmail.com,69350,INR,overdue
CUST-000637,Carmelina,Acalia,Carmelina Acalia,carmelinaacalia@gmail.com,266230,INR,pending
CUST-000638,Electra,Aspa,Electra Aspa,electraaspa@gmail.com,179490,INR,overdue
CUST-000639,Demeter,Apollus,Demeter Apollus,demeterapollus@gmail.com,572740,INR,recovered
CUST-000640,Aime,Aretina,Aime Aretina,aimearetina@gmail.com,52990,INR,active
CUST-000641,Amil,Ashjian,Amil Ashjian,amilashjian@gmail.com,664280,INR,overdue
CUST-000642,Eveleen,Benedix,Eveleen Benedix,eveleenbenedix@gmail.com,103010,INR,overdue
CUST-000643,Eleonore,Adelpho,Eleonore Adelpho,eleonoreadelpho@gmail.com,659920,INR,overdue
CUST-000644,Gabriel,Bengt,Gabriel Bengt,gabrielbengt@gmail.com,10460,INR,in_progress
CUST-000645,Ede,Arron,Ede Arron,edearron@gmail.com,657380,INR,pending
CUST-000646,Gayla,Barny,Gayla Barny,gaylabarny@gmail.com,920420,INR,recovered
CUST-000647,Alvera,Adey,Alvera Adey,alveraadey@gmail.com,278860,INR,pending
CUST-000648,Blondy,Aggappera,Blondy Aggappera,blondyaggappera@gmail.com,11260,INR,active
CUST-000649,Darby,Arvell,Darby Arvell,darbyarvell@gmail.com,857510,INR,active
CUST-000650,Gavra,Batory,Gavra Batory,gavrabatory@gmail.com,362830,INR,active
CUST-000651,Hetty,Amaryl,Hetty Amaryl,hettyamaryl@gmail.com,63530,INR,pending
CUST-000652,Alisun,Alitta,Alisun Alitta,alisunalitta@gmail.com,210080,INR,in_progress
CUST-000653,Eolande,Adelric,Eolande Adelric,eolandeadelric@gmail.com,802120,INR,recovered
CUST-000654,Diane,Berkman,Diane Berkman,dianeberkman@gmail.com,60510,INR,pending
CUST-000655,Bertha,Ankeny,Bertha Ankeny,berthaankeny@gmail.com,88270,INR,recovered
CUST-000656,Corella,Av,Corella Av,corellaav@gmail.com,404530,INR,active
CUST-000657,Ellene,Askari,Ellene Askari,elleneaskari@gmail.com,818160,INR,in_progress
CUST-000658,Diannne,Atalayah,Diannne Atalayah,diannneatalayah@gmail.com,430670,INR,active
CUST-000659,Collete,Bajaj,Collete Bajaj,colletebajaj@gmail.com,363520,INR,active
CUST-000660,Coleen,Amery,Coleen Amery,coleenamery@gmail.com,917730,INR,in_progress
CUST-000661,Harriot,Beuthel,Harriot Beuthel,harriotbeuthel@gmail.com,602360,INR,overdue
CUST-000662,Cindra,Avra,Cindra Avra,cindraavra@gmail.com,430470,INR,overdue
CUST-000663,Aaren,Barling,Aaren Barling,aarenbarling@gmail.com,739820,INR,recovered
CUST-000664,Fey,Bendick,Fey Bendick,feybendick@gmail.com,286360,INR,recovered
CUST-000665,Athene,Berlinda,Athene Berlinda,atheneberlinda@gmail.com,293280,INR,pending
CUST-000666,Cookie,Ado,Cookie Ado,cookieado@gmail.com,355600,INR,overdue
CUST-000667,Cleo,Apthorp,Cleo Apthorp,cleoapthorp@gmail.com,921640,INR,active
CUST-000668,Cicely,Binah,Cicely Binah,cicelybinah@gmail.com,647830,INR,recovered
CUST-000669,Doria,Aleris,Doria Aleris,doriaaleris@gmail.com,998670,INR,active
CUST-000670,Andreana,Begga,Andreana Begga,andreanabegga@gmail.com,531770,INR,recovered
CUST-000671,Essie,Beshore,Essie Beshore,essiebeshore@gmail.com,299800,INR,in_progress
CUST-000672,Claudelle,Barris,Claudelle Barris,claudellebarris@gmail.com,366010,INR,pending
CUST-000673,Helyn,Ballinger,Helyn Ballinger,helynballinger@gmail.com,36880,INR,pending
CUST-000674,Alina,Abott,Alina Abott,alinaabott@gmail.com,701010,INR,overdue
CUST-000675,Corrina,Benedix,Corrina Benedix,corrinabenedix@gmail.com,773840,INR,overdue
CUST-000676,Grayce,Bobinette,Grayce Bobinette,graycebobinette@gmail.com,660930,INR,pending
CUST-000677,Buffy,Bartholomeo,Buffy Bartholomeo,buffybartholomeo@gmail.com,462890,INR,overdue
CUST-000678,Beverly,Arvin,Beverly Arvin,beverlyarvin@gmail.com,812460,INR,active
CUST-000679,Amata,Barrus,Amata Barrus,amatabarrus@gmail.com,708360,INR,active
CUST-000680,Cleo,Bartolome,Cleo Bartolome,cleobartolome@gmail.com,301540,INR,active
CUST-000681,Alverta,Barby,Alverta Barby,alvertabarby@gmail.com,450360,INR,in_progress
CUST-000682,Adoree,Aretta,Adoree Aretta,adoreearetta@gmail.com,566320,INR,active
CUST-000683,Cornie,Bell,Cornie Bell,corniebell@gmail.com,637430,INR,pending
CUST-000684,Cary,Armillda,Cary Armillda,caryarmillda@gmail.com,419210,INR,recovered
CUST-000685,Imelda,Ashly,Imelda Ashly,imeldaashly@gmail.com,960900,INR,overdue
CUST-000686,Annis,Addiel,Annis Addiel,annisaddiel@gmail.com,738750,INR,active
CUST-000687,Jemmie,Becht,Jemmie Becht,jemmiebecht@gmail.com,573760,INR,pending
CUST-000688,Cammie,Alessandro,Cammie Alessandro,cammiealessandro@gmail.com,925890,INR,overdue
CUST-000689,Shivam,Body,Shivam Body,shivambody@gmail.com,367690,INR,recovered
CUST-000690,Demeter,Ballou,Demeter Ballou,demeterballou@gmail.com,845800,INR,in_progress
CUST-000691,Goldi,Alick,Goldi Alick,goldialick@gmail.com,596650,INR,active
CUST-000692,Antonina,Binetta,Antonina Binetta,antoninabinetta@gmail.com,54810,INR,in_progress
CUST-000693,Hildegarde,Ber,Hildegarde Ber,hildegardeber@gmail.com,258930,INR,recovered
CUST-000694,Dee,Amado,Dee Amado,deeamado@gmail.com,61800,INR,in_progress
CUST-000695,Dacy,Alsworth,Dacy Alsworth,dacyalsworth@gmail.com,376610,INR,active
CUST-000696,Amalie,Barnebas,Amalie Barnebas,amaliebarnebas@gmail.com,152190,INR,recovered
CUST-000697,Gael,Aleece,Gael Aleece,gaelaleece@gmail.com,74270,INR,pending
CUST-000698,Carmelita,Afrikah,Carmelita Afrikah,carmelitaafrikah@gmail.com,553910,INR,active
CUST-000699,Dori,Benedicta,Dori Benedicta,doribenedicta@gmail.com,514050,INR,in_progress
CUST-000700,Anet,Adriano,Anet Adriano,anetadriano@gmail.com,437520,INR,active
CUST-000701,Chickie,Bear,Chickie Bear,chickiebear@gmail.com,551390,INR,in_progress
CUST-000702,Benny,Balkin,Benny Balkin,bennybalkin@gmail.com,903590,INR,active
CUST-000703,Berri,Blim,Berri Blim,berriblim@gmail.com,134630,INR,overdue
CUST-000704,Carilyn,Axe,Carilyn Axe,carilynaxe@gmail.com,692950,INR,active
CUST-000705,Dione,Anastos,Dione Anastos,dioneanastos@gmail.com,366270,INR,recovered
CUST-000706,Brigitte,Acus,Brigitte Acus,brigitteacus@gmail.com,49760,INR,overdue
CUST-000707,Henrie,Abel,Henrie Abel,henrieabel@gmail.com,59980,INR,overdue
CUST-000708,Glenn,Ariadne,Glenn Ariadne,glennariadne@gmail.com,54790,INR,recovered
CUST-000709,Shanaya,Alfy,Shanaya Alfy,shanayaalfy@gmail.com,427270,INR,active
CUST-000710,Alisun,Amiel,Alisun Amiel,alisunamiel@gmail.com,217950,INR,in_progress
CUST-000711,Imelda,Bena,Imelda Bena,imeldabena@gmail.com,650220,INR,in_progress
CUST-000712,Fernande,Angelika,Fernande Angelika,fernandeangelika@gmail.com,877590,INR,recovered
CUST-000713,Chrystal,Arlynne,Chrystal Arlynne,chrystalarlynne@gmail.com,325860,INR,overdue
CUST-000714,Hanny,Bathsheba,Hanny Bathsheba,hannybathsheba@gmail.com,90010,INR,pending
CUST-000715,Catie,Becker,Catie Becker,catiebecker@gmail.com,848930,INR,recovered
CUST-000716,Jacinta,Bevon,Jacinta Bevon,jacintabevon@gmail.com,107600,INR,overdue
CUST-000717,Dasi,Alexi,Dasi Alexi,dasialexi@gmail.com,52960,INR,recovered
CUST-000718,Jacquelyn,Iyer,Jacquelyn Iyer,jacquelyniyer@gmail.com,739600,INR,in_progress
CUST-000719,Corenda,Amadus,Corenda Amadus,corendaamadus@gmail.com,147770,INR,active
CUST-000720,Cathi,Aiden,Cathi Aiden,cathiaiden@gmail.com,395930,INR,recovered
CUST-000721,Eleonora,Ansela,Eleonora Ansela,eleonoraansela@gmail.com,621120,INR,recovered
CUST-000722,Gloria,Ariane,Gloria Ariane,gloriaariane@gmail.com,698510,INR,recovered
CUST-000723,Freddy,Berthoud,Freddy Berthoud,freddyberthoud@gmail.com,340970,INR,overdue
CUST-000724,Clareta,Baron,Clareta Baron,claretabaron@gmail.com,343500,INR,overdue
CUST-000725,Bobby,Blunk,Bobby Blunk,bobbyblunk@gmail.com,610560,INR,recovered
CUST-000726,Carry,Blaseio,Carry Blaseio,carryblaseio@gmail.com,127430,INR,active
CUST-000727,Arlen,Aline,Arlen Aline,arlenaline@gmail.com,540620,INR,recovered
CUST-000728,Bernadene,Bogart,Bernadene Bogart,bernadenebogart@gmail.com,83120,INR,pending
CUST-000729,Carolann,Amati,Carolann Amati,carolannamati@gmail.com,434770,INR,in_progress
CUST-000730,Gwennie,Andi,Gwennie Andi,gwennieandi@gmail.com,461320,INR,in_progress
CUST-000731,Fannie,Bartram,Fannie Bartram,fanniebartram@gmail.com,666590,INR,in_progress
CUST-000732,Cherry,Amersham,Cherry Amersham,cherryamersham@gmail.com,636830,INR,recovered
CUST-000733,Germain,Anet,Germain Anet,germainanet@gmail.com,847720,INR,recovered
CUST-000734,Annecorinne,Beore,Annecorinne Beore,annecorinnebeore@gmail.com,877450,INR,pending
CUST-000735,Seema,Atwekk,Seema Atwekk,seemaatwekk@gmail.com,393320,INR,pending
CUST-000736,Cherise,Bedwell,Cherise Bedwell,cherisebedwell@gmail.com,815190,INR,overdue
CUST-000737,Doti,Berard,Doti Berard,dotiberard@gmail.com,584340,INR,overdue
CUST-000738,Dasi,Bobine,Dasi Bobine,dasibobine@gmail.com,263690,INR,overdue
CUST-000739,Eleanor,Alison,Eleanor Alison,eleanoralison@gmail.com,75980,INR,recovered
CUST-000740,Arnav,Blakeley,Arnav Blakeley,arnavblakeley@gmail.com,951860,INR,active
CUST-000741,Hendrika,Blackman,Hendrika Blackman,hendrikablackman@gmail.com,454020,INR,overdue
CUST-000742,Dennie,Alviani,Dennie Alviani,denniealviani@gmail.com,880720,INR,active
CUST-000743,Jacklin,Adne,Jacklin Adne,jacklinadne@gmail.com,835270,INR,overdue
CUST-000744,Dinesh,Adele,Dinesh Adele,dineshadele@gmail.com,161580,INR,overdue
CUST-000745,Coralyn,Bobker,Coralyn Bobker,coralynbobker@gmail.com,167080,INR,overdue
CUST-000746,Audie,Barna,Audie Barna,audiebarna@gmail.com,428440,INR,recovered
CUST-000747,Angelle,Becky,Angelle Becky,angellebecky@gmail.com,81840,INR,in_progress
CUST-000748,Briney,Bartholemy,Briney Bartholemy,brineybartholemy@gmail.com,660120,INR,recovered
CUST-000749,Allx,Adamis,Allx Adamis,allxadamis@gmail.com,708530,INR,recovered
CUST-000750,Danika,Bencion,Danika Bencion,danikabencion@gmail.com,449320,INR,pending
CUST-000751,Anabel,Adlar,Anabel Adlar,anabeladlar@gmail.com,441280,INR,recovered
CUST-000752,Jaquenette,Surana,Jaquenette Surana,jaquenettesurana@gmail.com,453290,INR,overdue
CUST-000753,Edwina,Alek,Edwina Alek,edwinaalek@gmail.com,425730,INR,overdue
CUST-000754,Dru,Astrea,Dru Astrea,druastrea@gmail.com,762940,INR,active
CUST-000755,Gilemette,Aldus,Gilemette Aldus,gilemettealdus@gmail.com,775210,INR,active
CUST-000756,Eyde,Blus,Eyde Blus,eydeblus@gmail.com,691180,INR,recovered
CUST-000757,Florette,Bissell,Florette Bissell,florettebissell@gmail.com,96730,INR,active
CUST-000758,Elsbeth,Affra,Elsbeth Affra,elsbethaffra@gmail.com,167050,INR,recovered
CUST-000759,Eveleen,Bithia,Eveleen Bithia,eveleenbithia@gmail.com,2060,INR,overdue
CUST-000760,Effie,Bathsheba,Effie Bathsheba,effiebathsheba@gmail.com,596660,INR,recovered
CUST-000761,Clarabelle,Beauvais,Clarabelle Beauvais,clarabellebeauvais@gmail.com,886450,INR,active
CUST-000762,Evie,Andrew,Evie Andrew,evieandrew@gmail.com,497060,INR,recovered
CUST-000763,Jeniffer,Astred,Jeniffer Astred,jenifferastred@gmail.com,721620,INR,recovered
CUST-000764,Briney,Ashjian,Briney Ashjian,brineyashjian@gmail.com,321100,INR,overdue
CUST-000765,Candice,Albrecht,Candice Albrecht,candicealbrecht@gmail.com,156710,INR,active
CUST-000766,Eda,Aldwon,Eda Aldwon,edaaldwon@gmail.com,824760,INR,pending
CUST-000767,Doralia,Alexandrina,Doralia Alexandrina,doraliaalexandrina@gmail.com,900350,INR,in_progress
CUST-000768,Giorgia,Adamo,Giorgia Adamo,giorgiaadamo@gmail.com,403790,INR,pending
CUST-000769,Elissa,Benjamin,Elissa Benjamin,elissabenjamin@gmail.com,442380,INR,pending
CUST-000770,Betteanne,Benton,Betteanne Benton,betteannebenton@gmail.com,740950,INR,pending
CUST-000771,Adey,Betti,Adey Betti,adeybetti@gmail.com,165000,INR,active
CUST-000772,Eachelle,Gaikwad,Eachelle Gaikwad,eachellegaikwad@gmail.com,856370,INR,recovered
CUST-000773,Bethena,Antipas,Bethena Antipas,bethenaantipas@gmail.com,436330,INR,overdue
CUST-000774,Eudora,Bernhard,Eudora Bernhard,eudorabernhard@gmail.com,824520,INR,in_progress
CUST-000775,Annissa,Avi,Annissa Avi,annissaavi@gmail.com,57140,INR,overdue
CUST-000776,Freddie,Bastian,Freddie Bastian,freddiebastian@gmail.com,594370,INR,active
CUST-000777,Ginelle,Arquit,Ginelle Arquit,ginellearquit@gmail.com,585740,INR,in_progress
CUST-000778,Giselle,Alonso,Giselle Alonso,gisellealonso@gmail.com,48970,INR,in_progress
CUST-000779,Antonie,Abie,Antonie Abie,antonieabie@gmail.com,721400,INR,pending
CUST-000780,Aditi,Addam,Aditi Addam,aditiaddam@gmail.com,741750,INR,overdue
CUST-000781,Illa,Chauhan,Illa Chauhan,illachauhan@gmail.com,994160,INR,overdue
CUST-000782,Pihu,Audley,Pihu Audley,pihuaudley@gmail.com,736720,INR,overdue
CUST-000783,Ajay,Arela,Ajay Arela,ajayarela@gmail.com,345910,INR,pending
CUST-000784,Jen,Allyce,Jen Allyce,jenallyce@gmail.com,413650,INR,overdue
CUST-000785,Carrie,Bastian,Carrie Bastian,carriebastian@gmail.com,126860,INR,active
CUST-000786,Calla,Amarillas,Calla Amarillas,callaamarillas@gmail.com,547100,INR,pending
CUST-000787,Bennie,Arne,Bennie Arne,benniearne@gmail.com,793770,INR,recovered
CUST-000788,Barbe,Alden,Barbe Alden,barbealden@gmail.com,646750,INR,in_progress
CUST-000789,Crystal,Aubry,Crystal Aubry,crystalaubry@gmail.com,100050,INR,active
CUST-000790,Halley,Asel,Halley Asel,halleyasel@gmail.com,610470,INR,overdue
CUST-000791,Ivy,Bixler,Ivy Bixler,ivybixler@gmail.com,126280,INR,overdue
CUST-000792,Adelina,Abrahams,Adelina Abrahams,adelinaabrahams@gmail.com,484150,INR,active
CUST-000793,Helena,Bethena,Helena Bethena,helenabethena@gmail.com,171530,INR,pending
CUST-000794,Elle,Atthia,Elle Atthia,elleatthia@gmail.com,493560,INR,active
CUST-000795,Beatrice,Armbrecht,Beatrice Armbrecht,beatricearmbrecht@gmail.com,662130,INR,pending
CUST-000796,Carina,Amarillas,Carina Amarillas,carinaamarillas@gmail.com,249920,INR,overdue
CUST-000797,Carmine,Aubarta,Carmine Aubarta,carmineaubarta@gmail.com,925260,INR,in_progress
CUST-000798,Danna,Anniken,Danna Anniken,dannaanniken@gmail.com,421250,INR,pending
CUST-000799,Anneliese,Adorl,Anneliese Adorl,annelieseadorl@gmail.com,103070,INR,active
CUST-000800,Doe,Albur,Doe Albur,doealbur@gmail.com,69180,INR,pending
CUST-000801,Annadiana,Binny,Annadiana Binny,annadianabinny@gmail.com,915060,INR,active
CUST-000802,Angelique,Blatman,Angelique Blatman,angeliqueblatman@gmail.com,71540,INR,overdue
CUST-000803,Arabel,Andrey,Arabel Andrey,arabelandrey@gmail.com,992820,INR,pending
CUST-000804,Cherilynn,Averir,Cherilynn Averir,cherilynnaverir@gmail.com,492200,INR,pending
CUST-000805,Jackqueline,Patil,Jackqueline Patil,jackquelinepatil@gmail.com,187610,INR,active
CUST-000806,Blondy,Aldwin,Blondy Aldwin,blondyaldwin@gmail.com,803520,INR,pending
CUST-000807,Damara,Alabaster,Damara Alabaster,damaraalabaster@gmail.com,950680,INR,pending
CUST-000808,Cherin,Anthony,Cherin Anthony,cherinanthony@gmail.com,578880,INR,overdue
CUST-000809,Gretel,Agna,Gretel Agna,gretelagna@gmail.com,756770,INR,in_progress
CUST-000810,Eleanor,Berns,Eleanor Berns,eleanorberns@gmail.com,750990,INR,recovered
CUST-000811,Suresh,Beauvais,Suresh Beauvais,sureshbeauvais@gmail.com,301560,INR,recovered
CUST-000812,Charil,Areta,Charil Areta,charilareta@gmail.com,321170,INR,overdue
CUST-000813,Faythe,Aniela,Faythe Aniela,faytheaniela@gmail.com,144460,INR,recovered
CUST-000814,Gunilla,Armond,Gunilla Armond,gunillaarmond@gmail.com,734060,INR,in_progress
CUST-000815,Barbe,Aggarwal,Barbe Aggarwal,barbeaggarwal@gmail.com,522290,INR,pending
CUST-000816,Gwenore,Allerie,Gwenore Allerie,gwenoreallerie@gmail.com,704120,INR,overdue
CUST-000817,Jenica,Apostles,Jenica Apostles,jenicaapostles@gmail.com,328480,INR,active
CUST-000818,Dyanne,Bertilla,Dyanne Bertilla,dyannebertilla@gmail.com,867830,INR,pending
CUST-000819,Darby,Ahmad,Darby Ahmad,darbyahmad@gmail.com,796440,INR,active
CUST-000820,Bessie,Alane,Bessie Alane,bessiealane@gmail.com,821240,INR,active
CUST-000821,Brynn,Alleris,Brynn Alleris,brynnalleris@gmail.com,728510,INR,pending
CUST-000822,Isa,Ardussi,Isa Ardussi,isaardussi@gmail.com,944060,INR,in_progress
CUST-000823,Adena,Abebi,Adena Abebi,adenaabebi@gmail.com,160560,INR,pending
CUST-000824,Carmela,Alejandro,Carmela Alejandro,carmelaalejandro@gmail.com,841380,INR,overdue
CUST-000825,Rudra,Baalman,Rudra Baalman,rudrabaalman@gmail.com,245310,INR,overdue
CUST-000826,Chrystal,Acalia,Chrystal Acalia,chrystalacalia@gmail.com,702740,INR,pending
CUST-000827,Gilda,Barrow,Gilda Barrow,gildabarrow@gmail.com,336190,INR,recovered
CUST-000828,Jaquith,Abigale,Jaquith Abigale,jaquithabigale@gmail.com,606810,INR,in_progress
CUST-000829,Dorette,Antoinetta,Dorette Antoinetta,doretteantoinetta@gmail.com,74890,INR,active
CUST-000830,Freddie,Aloisia,Freddie Aloisia,freddiealoisia@gmail.com,88390,INR,recovered
CUST-000831,Calida,Acker,Calida Acker,calidaacker@gmail.com,189970,INR,in_progress
CUST-000832,Grace,Baten,Grace Baten,gracebaten@gmail.com,592640,INR,active
CUST-000833,Cassie,Andromache,Cassie Andromache,cassieandromache@gmail.com,835160,INR,recovered
CUST-000834,Gates,Ancell,Gates Ancell,gatesancell@gmail.com,559300,INR,in_progress
CUST-000835,Bendite,Aurelio,Bendite Aurelio,benditeaurelio@gmail.com,557950,INR,pending
CUST-000836,Dix,Abra,Dix Abra,dixabra@gmail.com,556970,INR,pending
CUST-000837,Hildagarde,Barris,Hildagarde Barris,hildagardebarris@gmail.com,907220,INR,pending
CUST-000838,Isadora,Berte,Isadora Berte,isadoraberte@gmail.com,46900,INR,active
CUST-000839,Carlene,Azar,Carlene Azar,carleneazar@gmail.com,158000,INR,in_progress
CUST-000840,Daisey,Angelica,Daisey Angelica,daiseyangelica@gmail.com,814000,INR,pending
CUST-000841,Ernestine,Bellina,Ernestine Bellina,ernestinebellina@gmail.com,778570,INR,active
CUST-000842,Giulia,Bille,Giulia Bille,giuliabille@gmail.com,236210,INR,overdue
CUST-000843,Anna,Alis,Anna Alis,annaalis@gmail.com,681930,INR,pending
CUST-000844,Delcina,Abrahan,Delcina Abrahan,delcinaabrahan@gmail.com,473900,INR,active
CUST-000845,Afton,Albion,Afton Albion,aftonalbion@gmail.com,489220,INR,pending
CUST-000846,Eleanor,Adeline,Eleanor Adeline,eleanoradeline@gmail.com,403060,INR,in_progress
CUST-000847,Greta,Annabela,Greta Annabela,gretaannabela@gmail.com,300920,INR,recovered
CUST-000848,Ayn,Bible,Ayn Bible,aynbible@gmail.com,478660,INR,in_progress
CUST-000849,Navya,Berriman,Navya Berriman,navyaberriman@gmail.com,504380,INR,recovered
CUST-000850,Darryl,Amarillas,Darryl Amarillas,darrylamarillas@gmail.com,221510,INR,in_progress
CUST-000851,Bernadette,Alston,Bernadette Alston,bernadettealston@gmail.com,711540,INR,in_progress
CUST-000852,Dionis,Berkly,Dionis Berkly,dionisberkly@gmail.com,967380,INR,pending
CUST-000853,Blondy,Augustus,Blondy Augustus,blondyaugustus@gmail.com,952460,INR,recovered
CUST-000854,Aditi,Adamik,Aditi Adamik,aditiadamik@gmail.com,900760,INR,pending
CUST-000855,Ida,Balmuth,Ida Balmuth,idabalmuth@gmail.com,266950,INR,active
CUST-000856,Brinna,Alisan,Brinna Alisan,brinnaalisan@gmail.com,578390,INR,in_progress
CUST-000857,Cassie,Augusta,Cassie Augusta,cassieaugusta@gmail.com,170350,INR,recovered
CUST-000858,Cordey,Amice,Cordey Amice,cordeyamice@gmail.com,351780,INR,overdue
CUST-000859,Alyson,Abramson,Alyson Abramson,alysonabramson@gmail.com,887570,INR,recovered
CUST-000860,Fancy,Birk,Fancy Birk,fancybirk@gmail.com,438470,INR,in_progress
CUST-000861,Allie,Absa,Allie Absa,allieabsa@gmail.com,624010,INR,active
CUST-000862,Allyson,Bat,Allyson Bat,allysonbat@gmail.com,871480,INR,pending
CUST-000863,Analise,Adolphus,Analise Adolphus,analiseadolphus@gmail.com,823610,INR,active
CUST-000864,Kiran,Amando,Kiran Amando,kiranamando@gmail.com,105810,INR,in_progress
CUST-000865,Bianka,Allayne,Bianka Allayne,biankaallayne@gmail.com,207670,INR,overdue
CUST-000866,Swati,Babita,Swati Babita,swatibabita@gmail.com,952140,INR,active
CUST-000867,Janene,Bentley,Janene Bentley,janenebentley@gmail.com,705350,INR,in_progress
CUST-000868,Demeter,Anthony,Demeter Anthony,demeteranthony@gmail.com,228080,INR,overdue
CUST-000869,Charis,Barram,Charis Barram,charisbarram@gmail.com,336440,INR,recovered
CUST-000870,Fania,Aldos,Fania Aldos,faniaaldos@gmail.com,585950,INR,recovered
CUST-000871,Darice,Alexia,Darice Alexia,daricealexia@gmail.com,514790,INR,active
CUST-000872,Cathryn,Ashla,Cathryn Ashla,cathrynashla@gmail.com,331660,INR,active
CUST-000873,Aloise,Bathilda,Aloise Bathilda,aloisebathilda@gmail.com,832380,INR,overdue
CUST-000874,Andi,Armington,Andi Armington,andiarmington@gmail.com,130050,INR,pending
CUST-000875,Aimee,Andonis,Aimee Andonis,aimeeandonis@gmail.com,772580,INR,in_progress
CUST-000876,Brena,Abigael,Brena Abigael,brenaabigael@gmail.com,93150,INR,active
CUST-000877,Fianna,Aubyn,Fianna Aubyn,fiannaaubyn@gmail.com,329580,INR,pending
CUST-000878,Chad,Blanche,Chad Blanche,chadblanche@gmail.com,301710,INR,active
CUST-000879,Gratiana,Avelin,Gratiana Avelin,gratianaavelin@gmail.com,356160,INR,recovered
CUST-000880,Debor,Barnes,Debor Barnes,deborbarnes@gmail.com,173700,INR,pending
CUST-000881,Birdie,Bale,Birdie Bale,birdiebale@gmail.com,504270,INR,pending
CUST-000882,Carolann,Anet,Carolann Anet,carolannanet@gmail.com,136330,INR,active
CUST-000883,Carly,Amorette,Carly Amorette,carlyamorette@gmail.com,295350,INR,overdue
CUST-000884,Addi,Agle,Addi Agle,addiagle@gmail.com,524140,INR,pending
CUST-000885,Cecilia,Aliza,Cecilia Aliza,ceciliaaliza@gmail.com,672580,INR,pending
CUST-000886,Vikas,Arela,Vikas Arela,vikasarela@gmail.com,692000,INR,pending
CUST-000887,Debby,Blanch,Debby Blanch,debbyblanch@gmail.com,652090,INR,active
CUST-000888,Betsy,Blinny,Betsy Blinny,betsyblinny@gmail.com,641180,INR,in_progress
CUST-000889,Carmita,Berget,Carmita Berget,carmitaberget@gmail.com,286240,INR,active
CUST-000890,Janis,Aggappera,Janis Aggappera,janisaggappera@gmail.com,59860,INR,recovered
CUST-000891,Cissiee,Anzovin,Cissiee Anzovin,cissieeanzovin@gmail.com,799870,INR,active
CUST-000892,Cassie,Biamonte,Cassie Biamonte,cassiebiamonte@gmail.com,599820,INR,pending
CUST-000893,Grata,Anderson,Grata Anderson,grataanderson@gmail.com,502270,INR,recovered
CUST-000894,Doris,Alain,Doris Alain,dorisalain@gmail.com,784040,INR,in_progress
CUST-000895,Dina,Adar,Dina Adar,dinaadar@gmail.com,267670,INR,overdue
CUST-000896,Gerrie,Alisia,Gerrie Alisia,gerriealisia@gmail.com,789460,INR,pending
CUST-000897,Alisun,Arabelle,Alisun Arabelle,alisunarabelle@gmail.com,727240,INR,in_progress
CUST-000898,Dacy,Pandey,Dacy Pandey,dacypandey@gmail.com,513780,INR,pending
CUST-000899,Cloe,Boelter,Cloe Boelter,cloeboelter@gmail.com,524540,INR,overdue
CUST-000900,Annabela,Adorne,Annabela Adorne,annabelaadorne@gmail.com,841700,INR,overdue
CUST-000901,Anil,Bergess,Anil Bergess,anilbergess@gmail.com,715500,INR,recovered
CUST-000902,Genia,Avram,Genia Avram,geniaavram@gmail.com,777210,INR,pending
CUST-000903,Dyane,Blank,Dyane Blank,dyaneblank@gmail.com,247010,INR,active
CUST-000904,Gwenny,Antin,Gwenny Antin,gwennyantin@gmail.com,373740,INR,in_progress
CUST-000905,Felice,Adrianna,Felice Adrianna,feliceadrianna@gmail.com,421330,INR,overdue
CUST-000906,Binnie,Baynebridge,Binnie Baynebridge,binniebaynebridge@gmail.com,30030,INR,recovered
CUST-000907,Corie,Alastair,Corie Alastair,coriealastair@gmail.com,585550,INR,overdue
CUST-000908,Bridgette,Australia,Bridgette Australia,bridgetteaustralia@gmail.com,575840,INR,in_progress
CUST-000909,Carlie,Blynn,Carlie Blynn,carlieblynn@gmail.com,811090,INR,recovered
CUST-000910,Haley,Audrye,Haley Audrye,haleyaudrye@gmail.com,910710,INR,recovered
CUST-000911,Chloris,Anstice,Chloris Anstice,chlorisanstice@gmail.com,755720,INR,pending
CUST-000912,Kian,Avelin,Kian Avelin,kianavelin@gmail.com,299420,INR,recovered
CUST-000913,Idaline,Beverly,Idaline Beverly,idalinebeverly@gmail.com,216520,INR,pending
CUST-000914,Berta,Bertram,Berta Bertram,bertabertram@gmail.com,207440,INR,in_progress
CUST-000915,Geneva,Bette,Geneva Bette,genevabette@gmail.com,424640,INR,overdue
CUST-000916,Naveen,Anastasio,Naveen Anastasio,naveenanastasio@gmail.com,5510,INR,in_progress
CUST-000917,Allyce,Avan,Allyce Avan,allyceavan@gmail.com,363870,INR,overdue
CUST-000918,Jasmin,Ariana,Jasmin Ariana,jasminariana@gmail.com,496750,INR,in_progress
CUST-000919,Ashil,Arly,Ashil Arly,ashilarly@gmail.com,351420,INR,in_progress
CUST-000920,Jacquelyn,Blunk,Jacquelyn Blunk,jacquelynblunk@gmail.com,478270,INR,active
CUST-000921,Cassaundra,Bickart,Cassaundra Bickart,cassaundrabickart@gmail.com,374330,INR,overdue
CUST-000922,Aloisia,Bigford,Aloisia Bigford,aloisiabigford@gmail.com,419350,INR,overdue
CUST-000923,Jacquetta,Adal,Jacquetta Adal,jacquettaadal@gmail.com,207120,INR,recovered
CUST-000924,Dawna,Becca,Dawna Becca,dawnabecca@gmail.com,767600,INR,in_progress
CUST-000925,Shaurya,Anica,Shaurya Anica,shauryaanica@gmail.com,821850,INR,in_progress
CUST-000926,Harriot,Blader,Harriot Blader,harriotblader@gmail.com,422560,INR,pending
CUST-000927,Charisse,Anni,Charisse Anni,charisseanni@gmail.com,58310,INR,in_progress
CUST-000928,Deana,Balliol,Deana Balliol,deanaballiol@gmail.com,926150,INR,pending
CUST-000929,Brittne,Beutner,Brittne Beutner,brittnebeutner@gmail.com,181630,INR,overdue
CUST-000930,Christan,Bartlett,Christan Bartlett,christanbartlett@gmail.com,618770,INR,active
CUST-000931,Germain,Armallas,Germain Armallas,germainarmallas@gmail.com,278840,INR,active
CUST-000932,Aridatha,Amice,Aridatha Amice,aridathaamice@gmail.com,750980,INR,overdue
CUST-000933,Anthea,Bevus,Anthea Bevus,antheabevus@gmail.com,289130,INR,active
CUST-000934,Jana,Aime,Jana Aime,janaaime@gmail.com,423290,INR,active
CUST-000935,Editha,Adore,Editha Adore,edithaadore@gmail.com,802560,INR,in_progress
CUST-000936,Dareen,Alta,Dareen Alta,dareenalta@gmail.com,524060,INR,recovered
CUST-000937,Amata,Pandey,Amata Pandey,amatapandey@gmail.com,622810,INR,in_progress
CUST-000938,Damara,Biondo,Damara Biondo,damarabiondo@gmail.com,526460,INR,recovered
CUST-000939,Danyette,Barrie,Danyette Barrie,danyettebarrie@gmail.com,766660,INR,in_progress
CUST-000940,Edythe,Ancell,Edythe Ancell,edytheancell@gmail.com,300930,INR,active
CUST-000941,Emmi,Abigail,Emmi Abigail,emmiabigail@gmail.com,497100,INR,recovered
CUST-000942,Dulcia,Beauregard,Dulcia Beauregard,dulciabeauregard@gmail.com,424060,INR,active
CUST-000943,Georgiana,Anastos,Georgiana Anastos,georgianaanastos@gmail.com,861720,INR,pending
CUST-000944,Deanna,Albertson,Deanna Albertson,deannaalbertson@gmail.com,793080,INR,active
CUST-000945,Carlina,Ark,Carlina Ark,carlinaark@gmail.com,1540,INR,in_progress
CUST-000946,Eva,Bill,Eva Bill,evabill@gmail.com,645040,INR,pending
CUST-000947,Catha,Baily,Catha Baily,cathabaily@gmail.com,474130,INR,active
CUST-000948,Devina,Beker,Devina Beker,devinabeker@gmail.com,284140,INR,pending
CUST-000949,Alexandra,Agathy,Alexandra Agathy,alexandraagathy@gmail.com,214760,INR,active
CUST-000950,Janna,Barrus,Janna Barrus,jannabarrus@gmail.com,534830,INR,in_progress
CUST-000951,Catlin,Bard,Catlin Bard,catlinbard@gmail.com,282350,INR,recovered
CUST-000952,Elsi,Ballou,Elsi Ballou,elsiballou@gmail.com,601110,INR,overdue
CUST-000953,Anya,Bartholomeus,Anya Bartholomeus,anyabartholomeus@gmail.com,139820,INR,in_progress
CUST-000954,Consuelo,Annalise,Consuelo Annalise,consueloannalise@gmail.com,373990,INR,active
CUST-000955,Chickie,Barbee,Chickie Barbee,chickiebarbee@gmail.com,986490,INR,recovered
CUST-000956,Courtnay,Also,Courtnay Also,courtnayalso@gmail.com,151970,INR,in_progress
CUST-000957,Carly,Anselmi,Carly Anselmi,carlyanselmi@gmail.com,623810,INR,active
CUST-000958,Gwenette,Bernardi,Gwenette Bernardi,gwenettebernardi@gmail.com,712370,INR,recovered
CUST-000959,Caren,Adamek,Caren Adamek,carenadamek@gmail.com,164390,INR,active
CUST-000960,Harriette,Blunt,Harriette Blunt,harrietteblunt@gmail.com,171430,INR,overdue
CUST-000961,Flss,Adiana,Flss Adiana,flssadiana@gmail.com,104710,INR,in_progress
CUST-000962,Cristine,Adelaida,Cristine Adelaida,cristineadelaida@gmail.com,303920,INR,recovered
CUST-000963,Janine,Adlar,Janine Adlar,janineadlar@gmail.com,753530,INR,in_progress
CUST-000964,Genia,Bassett,Genia Bassett,geniabassett@gmail.com,288090,INR,recovered
CUST-000965,Dulcia,Antebi,Dulcia Antebi,dulciaantebi@gmail.com,858080,INR,recovered
CUST-000966,Claudie,Sandhu,Claudie Sandhu,claudiesandhu@gmail.com,333640,INR,in_progress
CUST-000967,Ann,Bindman,Ann Bindman,annbindman@gmail.com,850910,INR,active
CUST-000968,Alexis,Aia,Alexis Aia,alexisaia@gmail.com,172710,INR,overdue
CUST-000969,Bamby,Blanka,Bamby Blanka,bambyblanka@gmail.com,551660,INR,in_progress
CUST-000970,Cassy,Benil,Cassy Benil,cassybenil@gmail.com,571210,INR,pending
CUST-000971,Bennie,Barrie,Bennie Barrie,benniebarrie@gmail.com,159610,INR,recovered
CUST-000972,Bibbie,Benedetto,Bibbie Benedetto,bibbiebenedetto@gmail.com,252920,INR,in_progress
CUST-000973,Babbie,Andy,Babbie Andy,babbieandy@gmail.com,665580,INR,active
CUST-000974,Dell,Alyosha,Dell Alyosha,dellalyosha@gmail.com,1530,INR,pending
CUST-000975,Janeta,Berfield,Janeta Berfield,janetaberfield@gmail.com,393390,INR,overdue
CUST-000976,Ernaline,Bary,Ernaline Bary,ernalinebary@gmail.com,462680,INR,active
CUST-000977,Gabey,Alida,Gabey Alida,gabeyalida@gmail.com,596300,INR,recovered
CUST-000978,Doloritas,Blanka,Doloritas Blanka,doloritasblanka@gmail.com,39260,INR,in_progress
CUST-000979,Giulietta,Belloir,Giulietta Belloir,giuliettabelloir@gmail.com,687870,INR,overdue
CUST-000980,Bernete,Bean,Bernete Bean,bernetebean@gmail.com,432500,INR,pending
CUST-000981,Anil,Ambrogio,Anil Ambrogio,anilambrogio@gmail.com,691770,INR,in_progress
CUST-000982,Fred,Aaronson,Fred Aaronson,fredaaronson@gmail.com,350360,INR,overdue
CUST-000983,Andra,Angelika,Andra Angelika,andraangelika@gmail.com,465150,INR,pending
CUST-000984,Arlene,Alon,Arlene Alon,arlenealon@gmail.com,86150,INR,overdue
CUST-000985,Dulcine,Ashlie,Dulcine Ashlie,dulcineashlie@gmail.com,533480,INR,pending
CUST-000986,Florrie,Avruch,Florrie Avruch,florrieavruch@gmail.com,227580,INR,in_progress
CUST-000987,Vikram,Bethanne,Vikram Bethanne,vikrambethanne@gmail.com,629850,INR,in_progress
CUST-000988,Genia,Aspasia,Genia Aspasia,geniaaspasia@gmail.com,143060,INR,overdue
CUST-000989,Eirena,Bluh,Eirena Bluh,eirenabluh@gmail.com,562320,INR,recovered
CUST-000990,Carmelle,Aman,Carmelle Aman,carmelleaman@gmail.com,380370,INR,active
CUST-000991,Gusella,Barn,Gusella Barn,gusellabarn@gmail.com,475660,INR,active
CUST-000992,Catlin,Abigael,Catlin Abigael,catlinabigael@gmail.com,894090,INR,pending
CUST-000993,Fredericka,Allys,Fredericka Allys,frederickaallys@gmail.com,922150,INR,active
CUST-000994,Daphne,Annelise,Daphne Annelise,daphneannelise@gmail.com,341600,INR,active
CUST-000995,Angelika,Azelea,Angelika Azelea,angelikaazelea@gmail.com,732260,INR,in_progress
CUST-000996,Cyndie,Beck,Cyndie Beck,cyndiebeck@gmail.com,655530,INR,in_progress
CUST-000997,Atlanta,Aramanta,Atlanta Aramanta,atlantaaramanta@gmail.com,910920,INR,overdue
CUST-000998,Deva,Baecher,Deva Baecher,devabaecher@gmail.com,603430,INR,pending
CUST-000999,Erminie,Artamas,Erminie Artamas,erminieartamas@gmail.com,800460,INR,overdue
CUST-001000,Fayre,Anstus,Fayre Anstus,fayreanstus@gmail.com,509330,INR,recovered
CUST-001001,Bethena,Alcine,Bethena Alcine,bethenaalcine@gmail.com,324110,INR,recovered
CUST-001002,Anaya,Billy,Anaya Billy,anayabilly@gmail.com,425700,INR,active
CUST-001003,Athene,Amelita,Athene Amelita,atheneamelita@gmail.com,578530,INR,overdue
CUST-001004,Gabbi,Belding,Gabbi Belding,gabbibelding@gmail.com,182190,INR,in_progress
CUST-001005,Eleonore,Baudin,Eleonore Baudin,eleonorebaudin@gmail.com,996640,INR,in_progress
CUST-001006,Eugenie,Baynebridge,Eugenie Baynebridge,eugeniebaynebridge@gmail.com,797710,INR,recovered
CUST-001007,Jaclyn,Alroy,Jaclyn Alroy,jaclynalroy@gmail.com,339600,INR,pending
CUST-001008,Aila,Benzel,Aila Benzel,ailabenzel@gmail.com,697300,INR,pending
CUST-001009,Cassondra,Arnst,Cassondra Arnst,cassondraarnst@gmail.com,898900,INR,in_progress
CUST-001010,Daryl,Arvonio,Daryl Arvonio,darylarvonio@gmail.com,536140,INR,overdue
CUST-001011,Della,Bergmann,Della Bergmann,dellabergmann@gmail.com,220260,INR,pending
CUST-001012,Gerrie,Almeria,Gerrie Almeria,gerriealmeria@gmail.com,450770,INR,in_progress
CUST-001013,Brooke,Ancell,Brooke Ancell,brookeancell@gmail.com,540870,INR,in_progress
CUST-001014,Dina,Bergmans,Dina Bergmans,dinabergmans@gmail.com,65900,INR,active
CUST-001015,Darda,Anjela,Darda Anjela,dardaanjela@gmail.com,670580,INR,pending
CUST-001016,Carma,Amado,Carma Amado,carmaamado@gmail.com,704900,INR,active
CUST-001017,Evelina,Bamford,Evelina Bamford,evelinabamford@gmail.com,968070,INR,overdue
CUST-001018,Etti,Bettzel,Etti Bettzel,ettibettzel@gmail.com,759020,INR,active
CUST-001019,Cybil,Belmonte,Cybil Belmonte,cybilbelmonte@gmail.com,520400,INR,pending
CUST-001020,Ivett,Arianne,Ivett Arianne,ivettarianne@gmail.com,733450,INR,recovered
CUST-001021,Britney,Al,Britney Al,britneyal@gmail.com,584420,INR,active
CUST-001022,Carrissa,Aguayo,Carrissa Aguayo,carrissaaguayo@gmail.com,931810,INR,active
CUST-001023,Becky,Alverson,Becky Alverson,beckyalverson@gmail.com,401140,INR,active
CUST-001024,Alayne,Baecher,Alayne Baecher,alaynebaecher@gmail.com,703390,INR,recovered
CUST-001025,Jeanelle,Aubin,Jeanelle Aubin,jeanelleaubin@gmail.com,472950,INR,recovered
CUST-001026,Elysha,Ailey,Elysha Ailey,elyshaailey@gmail.com,701950,INR,recovered
CUST-001027,Isobel,Awad,Isobel Awad,isobelawad@gmail.com,856690,INR,recovered
CUST-001028,Francoise,Barrie,Francoise Barrie,francoisebarrie@gmail.com,596050,INR,active
CUST-001029,Frederique,Ard,Frederique Ard,frederiqueard@gmail.com,50280,INR,in_progress
CUST-001030,Ellen,Beebe,Ellen Beebe,ellenbeebe@gmail.com,355850,INR,overdue
CUST-001031,Dasie,Astrahan,Dasie Astrahan,dasieastrahan@gmail.com,476810,INR,recovered
CUST-001032,Elsbeth,Beckerman,Elsbeth Beckerman,elsbethbeckerman@gmail.com,899700,INR,in_progress
CUST-001033,Jasmina,Blainey,Jasmina Blainey,jasminablainey@gmail.com,714000,INR,in_progress
CUST-001034,Jenn,Armalla,Jenn Armalla,jennarmalla@gmail.com,653500,INR,in_progress
CUST-001035,Carmine,Arvonio,Carmine Arvonio,carminearvonio@gmail.com,152390,INR,active
CUST-001036,Daloris,Bikales,Daloris Bikales,dalorisbikales@gmail.com,21980,INR,pending
CUST-001037,Gillan,Bisset,Gillan Bisset,gillanbisset@gmail.com,682530,INR,active
CUST-001038,Frederica,Ailina,Frederica Ailina,fredericaailina@gmail.com,10730,INR,overdue
CUST-001039,Gaylene,Balmuth,Gaylene Balmuth,gaylenebalmuth@gmail.com,645360,INR,pending
CUST-001040,Gavra,Alyson,Gavra Alyson,gavraalyson@gmail.com,200220,INR,pending
CUST-001041,Jacinthe,Analise,Jacinthe Analise,jacintheanalise@gmail.com,956780,INR,active
CUST-001042,Hulda,Arondell,Hulda Arondell,huldaarondell@gmail.com,860510,INR,active
CUST-001043,Desiree,Bess,Desiree Bess,desireebess@gmail.com,195070,INR,recovered
CUST-001044,Alvinia,Bart,Alvinia Bart,alviniabart@gmail.com,331040,INR,overdue
CUST-001045,Gwenneth,Betsy,Gwenneth Betsy,gwennethbetsy@gmail.com,387090,INR,active
CUST-001046,Gianna,Balfore,Gianna Balfore,giannabalfore@gmail.com,192050,INR,active
CUST-001047,Annabel,Annabal,Annabel Annabal,annabelannabal@gmail.com,91520,INR,recovered
CUST-001048,Jeanie,Barth,Jeanie Barth,jeaniebarth@gmail.com,705400,INR,pending
CUST-001049,Addie,Annorah,Addie Annorah,addieannorah@gmail.com,643700,INR,recovered
CUST-001050,Dayna,Ballman,Dayna Ballman,daynaballman@gmail.com,53120,INR,pending
CUST-001051,Gae,Anita,Gae Anita,gaeanita@gmail.com,904840,INR,pending
CUST-001052,Catlaina,Alfred,Catlaina Alfred,catlainaalfred@gmail.com,543800,INR,recovered
CUST-001053,Catriona,Joshi,Catriona Joshi,catrionajoshi@gmail.com,685120,INR,pending
CUST-001054,Inga,Baerman,Inga Baerman,ingabaerman@gmail.com,25540,INR,in_progress
CUST-001055,Mukesh,Abell,Mukesh Abell,mukeshabell@gmail.com,477970,INR,active
CUST-001056,Elsa,Agbogla,Elsa Agbogla,elsaagbogla@gmail.com,166120,INR,active
CUST-001057,Farand,Bobbie,Farand Bobbie,farandbobbie@gmail.com,35620,INR,pending
CUST-001058,Manoj,Bearce,Manoj Bearce,manojbearce@gmail.com,327080,INR,in_progress
CUST-001059,Ivy,Beaston,Ivy Beaston,ivybeaston@gmail.com,348360,INR,pending
CUST-001060,Dianne,Andrej,Dianne Andrej,dianneandrej@gmail.com,643120,INR,recovered
CUST-001061,Enrica,Aletta,Enrica Aletta,enricaaletta@gmail.com,279980,INR,in_progress
CUST-001062,Coralyn,Barcus,Coralyn Barcus,coralynbarcus@gmail.com,263590,INR,in_progress
CUST-001063,Gwenora,Audwin,Gwenora Audwin,gwenoraaudwin@gmail.com,817810,INR,pending
CUST-001064,Albina,Beryl,Albina Beryl,albinaberyl@gmail.com,512090,INR,active
CUST-001065,Etheline,Anthiathia,Etheline Anthiathia,ethelineanthiathia@gmail.com,386060,INR,overdue
CUST-001066,Floris,Alexa,Floris Alexa,florisalexa@gmail.com,775670,INR,recovered
CUST-001067,Hilda,Betsey,Hilda Betsey,hildabetsey@gmail.com,437100,INR,in_progress
CUST-001068,Gleda,Barden,Gleda Barden,gledabarden@gmail.com,395940,INR,pending
CUST-001069,Dedie,Aigneis,Dedie Aigneis,dedieaigneis@gmail.com,977390,INR,pending
CUST-001070,Brittani,Srivastava,Brittani Srivastava,brittanisrivastava@gmail.com,711630,INR,overdue
CUST-001071,Bernardine,Amend,Bernardine Amend,bernardineamend@gmail.com,397310,INR,in_progress
CUST-001072,Dannye,Azriel,Dannye Azriel,dannyeazriel@gmail.com,843440,INR,active
CUST-001073,Adele,Beauchamp,Adele Beauchamp,adelebeauchamp@gmail.com,357650,INR,pending
CUST-001074,Christian,Atlas,Christian Atlas,christianatlas@gmail.com,40120,INR,in_progress
CUST-001075,Franciska,Aman,Franciska Aman,franciskaaman@gmail.com,322360,INR,recovered
CUST-001076,Diann,Bael,Diann Bael,diannbael@gmail.com,118290,INR,recovered
CUST-001077,Cybill,Boff,Cybill Boff,cybillboff@gmail.com,612440,INR,recovered
CUST-001078,Carie,Ayres,Carie Ayres,carieayres@gmail.com,92770,INR,active
CUST-001079,Babb,Andonis,Babb Andonis,babbandonis@gmail.com,914140,INR,recovered
CUST-001080,Gusti,Bari,Gusti Bari,gustibari@gmail.com,988640,INR,pending
CUST-001081,Fae,Aruabea,Fae Aruabea,faearuabea@gmail.com,877510,INR,active
CUST-001082,Chloette,Adallard,Chloette Adallard,chloetteadallard@gmail.com,861240,INR,in_progress
CUST-001083,Bevvy,Aalst,Bevvy Aalst,bevvyaalst@gmail.com,235260,INR,overdue
CUST-001084,Ilyssa,Becker,Ilyssa Becker,ilyssabecker@gmail.com,223790,INR,recovered
CUST-001085,Dorena,Mittal,Dorena Mittal,dorenamittal@gmail.com,814820,INR,active
CUST-001086,Carmon,Atalante,Carmon Atalante,carmonatalante@gmail.com,73780,INR,pending
CUST-001087,Dareen,Antonella,Dareen Antonella,dareenantonella@gmail.com,270250,INR,active
CUST-001088,Agna,Berny,Agna Berny,agnaberny@gmail.com,80310,INR,pending
CUST-001089,Dasha,Alexi,Dasha Alexi,dashaalexi@gmail.com,109550,INR,in_progress
CUST-001090,Jacquelynn,Androw,Jacquelynn Androw,jacquelynnandrow@gmail.com,984340,INR,pending
CUST-001091,Hollie,Benildis,Hollie Benildis,holliebenildis@gmail.com,711700,INR,pending
CUST-001092,Betta,Blakely,Betta Blakely,bettablakely@gmail.com,15210,INR,active
CUST-001093,Ailee,Baumbaugh,Ailee Baumbaugh,aileebaumbaugh@gmail.com,525490,INR,recovered
CUST-001094,Elle,Kothari,Elle Kothari,ellekothari@gmail.com,97250,INR,pending
CUST-001095,Debra,Austina,Debra Austina,debraaustina@gmail.com,336550,INR,active
CUST-001096,Hedvig,Bedwell,Hedvig Bedwell,hedvigbedwell@gmail.com,901060,INR,pending
CUST-001097,Clemence,Reddy,Clemence Reddy,clemencereddy@gmail.com,76590,INR,recovered
CUST-001098,Glynnis,Apostles,Glynnis Apostles,glynnisapostles@gmail.com,795470,INR,in_progress
CUST-001099,Easter,Blinny,Easter Blinny,easterblinny@gmail.com,168420,INR,overdue
CUST-001100,Ginger,Amati,Ginger Amati,gingeramati@gmail.com,114800,INR,recovered
CUST-001101,Jelene,Anastase,Jelene Anastase,jeleneanastase@gmail.com,410270,INR,in_progress
CUST-001102,Farra,Alethia,Farra Alethia,farraalethia@gmail.com,19280,INR,active
CUST-001103,Dulcie,Bandeen,Dulcie Bandeen,dulciebandeen@gmail.com,598270,INR,overdue
CUST-001104,Elaina,Beverie,Elaina Beverie,elainabeverie@gmail.com,22170,INR,in_progress
CUST-001105,Claudetta,Appleton,Claudetta Appleton,claudettaappleton@gmail.com,17280,INR,in_progress
CUST-001106,Cinderella,Beverle,Cinderella Beverle,cinderellabeverle@gmail.com,323330,INR,overdue
CUST-001107,Coral,Alitta,Coral Alitta,coralalitta@gmail.com,16850,INR,recovered
CUST-001108,Gavrielle,Bennion,Gavrielle Bennion,gavriellebennion@gmail.com,170520,INR,in_progress
CUST-001109,Enriqueta,Beaston,Enriqueta Beaston,enriquetabeaston@gmail.com,582290,INR,pending
CUST-001110,Brianna,Benedikt,Brianna Benedikt,briannabenedikt@gmail.com,910520,INR,pending
CUST-001111,Ishaan,Abeu,Ishaan Abeu,ishaanabeu@gmail.com,949700,INR,recovered
CUST-001112,Blaire,Binetta,Blaire Binetta,blairebinetta@gmail.com,71360,INR,overdue
CUST-001113,Cindra,Andriana,Cindra Andriana,cindraandriana@gmail.com,599020,INR,pending
CUST-001114,Evelyn,Astrahan,Evelyn Astrahan,evelynastrahan@gmail.com,951620,INR,recovered
CUST-001115,Heddie,Belia,Heddie Belia,heddiebelia@gmail.com,635140,INR,in_progress
CUST-001116,Ellissa,Bernardo,Ellissa Bernardo,ellissabernardo@gmail.com,501330,INR,recovered
CUST-001117,Becka,Bocock,Becka Bocock,beckabocock@gmail.com,512270,INR,in_progress
CUST-001118,Carlyn,Aleen,Carlyn Aleen,carlynaleen@gmail.com,710300,INR,pending
CUST-001119,Eolanda,Arjun,Eolanda Arjun,eolandaarjun@gmail.com,836270,INR,active
CUST-001120,Casey,Berners,Casey Berners,caseyberners@gmail.com,970840,INR,overdue
CUST-001121,Celie,Arabelle,Celie Arabelle,celiearabelle@gmail.com,968550,INR,overdue
CUST-001122,Effie,Aguste,Effie Aguste,effieaguste@gmail.com,39590,INR,overdue
CUST-001123,Audre,Barram,Audre Barram,audrebarram@gmail.com,231710,INR,overdue
CUST-001124,Madhav,Basile,Madhav Basile,madhavbasile@gmail.com,132020,INR,pending
CUST-001125,Gerladina,Arakawa,Gerladina Arakawa,gerladinaarakawa@gmail.com,129020,INR,active
CUST-001126,Brigitte,Adam,Brigitte Adam,brigitteadam@gmail.com,518140,INR,pending
CUST-001127,Cordy,Barton,Cordy Barton,cordybarton@gmail.com,812160,INR,overdue
CUST-001128,Darlene,Anne,Darlene Anne,darleneanne@gmail.com,668460,INR,overdue
CUST-001129,Cindie,Arelus,Cindie Arelus,cindiearelus@gmail.com,197690,INR,in_progress
CUST-001130,Evvie,Atrice,Evvie Atrice,evvieatrice@gmail.com,34000,INR,active
CUST-001131,Garland,Baudin,Garland Baudin,garlandbaudin@gmail.com,542960,INR,overdue
CUST-001132,Augustine,Adalard,Augustine Adalard,augustineadalard@gmail.com,317350,INR,in_progress
CUST-001133,Annabal,Arin,Annabal Arin,annabalarin@gmail.com,728800,INR,recovered
CUST-001134,Di,Albion,Di Albion,dialbion@gmail.com,715400,INR,in_progress
CUST-001135,Donnie,Aarika,Donnie Aarika,donnieaarika@gmail.com,858190,INR,active
CUST-001136,Filippa,Alban,Filippa Alban,filippaalban@gmail.com,971390,INR,overdue
CUST-001137,Dennie,Agnese,Dennie Agnese,dennieagnese@gmail.com,574650,INR,overdue
CUST-001138,Antonetta,Andromeda,Antonetta Andromeda,antonettaandromeda@gmail.com,527340,INR,in_progress
CUST-001139,Muhammad,Aeniah,Muhammad Aeniah,muhammadaeniah@gmail.com,714920,INR,overdue
CUST-001140,Francoise,Arad,Francoise Arad,francoisearad@gmail.com,378210,INR,active
CUST-001141,Danita,Baumann,Danita Baumann,danitabaumann@gmail.com,438540,INR,recovered
CUST-001142,Arlee,Amero,Arlee Amero,arleeamero@gmail.com,453150,INR,recovered
CUST-001143,Fidela,Blim,Fidela Blim,fidelablim@gmail.com,602990,INR,recovered
CUST-001144,Ashish,Ackley,Ashish Ackley,ashishackley@gmail.com,244730,INR,overdue
CUST-001145,Cristie,Agan,Cristie Agan,cristieagan@gmail.com,958990,INR,overdue
CUST-001146,Henka,Bevon,Henka Bevon,henkabevon@gmail.com,478270,INR,pending
CUST-001147,Charlot,Allain,Charlot Allain,charlotallain@gmail.com,563670,INR,overdue
CUST-001148,Elane,Aharon,Elane Aharon,elaneaharon@gmail.com,484850,INR,overdue
CUST-001149,Carly,Astera,Carly Astera,carlyastera@gmail.com,860730,INR,active
CUST-001150,Dina,Ashleigh,Dina Ashleigh,dinaashleigh@gmail.com,197200,INR,active
CUST-001151,Christal,Adelric,Christal Adelric,christaladelric@gmail.com,447870,INR,in_progress
CUST-001152,Bobbye,Adriana,Bobbye Adriana,bobbyeadriana@gmail.com,444450,INR,recovered
CUST-001153,Rhea,Ardel,Rhea Ardel,rheaardel@gmail.com,98880,INR,active
CUST-001154,Emyle,Bate,Emyle Bate,emylebate@gmail.com,318550,INR,overdue
CUST-001155,Gay,Bert,Gay Bert,gaybert@gmail.com,683000,INR,active
CUST-001156,Jacqueline,Chaubey,Jacqueline Chaubey,jacquelinechaubey@gmail.com,830300,INR,recovered
CUST-001157,Gianina,Algie,Gianina Algie,gianinaalgie@gmail.com,858330,INR,in_progress
CUST-001158,Vikas,Bartel,Vikas Bartel,vikasbartel@gmail.com,447410,INR,recovered
CUST-001159,Darsie,Blackstock,Darsie Blackstock,darsieblackstock@gmail.com,423180,INR,recovered
CUST-001160,Fayre,Averil,Fayre Averil,fayreaveril@gmail.com,105620,INR,in_progress
CUST-001161,Catina,Annice,Catina Annice,catinaannice@gmail.com,140660,INR,active
CUST-001162,Bethena,Ayn,Bethena Ayn,bethenaayn@gmail.com,608210,INR,pending
CUST-001163,Fern,Aarika,Fern Aarika,fernaarika@gmail.com,587070,INR,in_progress
CUST-001164,Colette,Adelbert,Colette Adelbert,coletteadelbert@gmail.com,853070,INR,in_progress
CUST-001165,Helen,Alwitt,Helen Alwitt,helenalwitt@gmail.com,109570,INR,recovered
CUST-001166,Hanny,Afrikah,Hanny Afrikah,hannyafrikah@gmail.com,435800,INR,pending
CUST-001167,Celina,Amalle,Celina Amalle,celinaamalle@gmail.com,210240,INR,active
CUST-001168,Cyndia,Bari,Cyndia Bari,cyndiabari@gmail.com,887770,INR,active
CUST-001169,Pooja,Ava,Pooja Ava,poojaava@gmail.com,779550,INR,active
CUST-001170,Dorri,Bertilla,Dorri Bertilla,dorribertilla@gmail.com,566340,INR,pending
CUST-001171,Aeriela,Armstrong,Aeriela Armstrong,aerielaarmstrong@gmail.com,726070,INR,in_progress
CUST-001172,Jacquette,Blanka,Jacquette Blanka,jacquetteblanka@gmail.com,41430,INR,active
CUST-001173,Elspeth,Barber,Elspeth Barber,elspethbarber@gmail.com,678700,INR,overdue
CUST-001174,Anastasia,Amena,Anastasia Amena,anastasiaamena@gmail.com,570970,INR,overdue
CUST-001175,Cheryl,Belter,Cheryl Belter,cherylbelter@gmail.com,438440,INR,overdue
CUST-001176,Catharine,Biancha,Catharine Biancha,catharinebiancha@gmail.com,603350,INR,recovered
CUST-001177,Fae,Alcot,Fae Alcot,faealcot@gmail.com,358560,INR,pending
CUST-001178,Averyl,Adamik,Averyl Adamik,averyladamik@gmail.com,501460,INR,active
CUST-001179,Jen,Adolfo,Jen Adolfo,jenadolfo@gmail.com,363870,INR,active
CUST-001180,Anabella,Arbe,Anabella Arbe,anabellaarbe@gmail.com,521410,INR,in_progress
CUST-001181,Ardath,Chaubey,Ardath Chaubey,ardathchaubey@gmail.com,793670,INR,in_progress
CUST-001182,Adriana,Alicea,Adriana Alicea,adrianaalicea@gmail.com,259510,INR,pending
CUST-001183,Isabel,Barayon,Isabel Barayon,isabelbarayon@gmail.com,634580,INR,active
CUST-001184,Catrina,Abbie,Catrina Abbie,catrinaabbie@gmail.com,249640,INR,pending
CUST-001185,Fifi,Atwater,Fifi Atwater,fifiatwater@gmail.com,373480,INR,overdue
CUST-001186,Aveline,Arlyne,Aveline Arlyne,avelinearlyne@gmail.com,225130,INR,in_progress
CUST-001187,Corrine,Abbotsen,Corrine Abbotsen,corrineabbotsen@gmail.com,744510,INR,recovered
CUST-001188,Brina,Alexia,Brina Alexia,brinaalexia@gmail.com,316050,INR,in_progress
CUST-001189,Gnni,Benioff,Gnni Benioff,gnnibenioff@gmail.com,688770,INR,overdue
CUST-001190,Ara,Beatrice,Ara Beatrice,arabeatrice@gmail.com,299970,INR,in_progress
CUST-001191,Haily,Barnard,Haily Barnard,hailybarnard@gmail.com,834800,INR,active
CUST-001192,Christa,Bertine,Christa Bertine,christabertine@gmail.com,208830,INR,active
CUST-001193,Edeline,Hegde,Edeline Hegde,edelinehegde@gmail.com,400580,INR,pending
CUST-001194,Eirena,Amaris,Eirena Amaris,eirenaamaris@gmail.com,39880,INR,pending
CUST-001195,Bethena,Albertson,Bethena Albertson,bethenaalbertson@gmail.com,425040,INR,active
CUST-001196,Doretta,Bertasi,Doretta Bertasi,dorettabertasi@gmail.com,660250,INR,in_progress
CUST-001197,Issi,Audrit,Issi Audrit,issiaudrit@gmail.com,141610,INR,pending
CUST-001198,Donica,Arica,Donica Arica,donicaarica@gmail.com,255660,INR,pending
CUST-001199,Diane,Audrye,Diane Audrye,dianeaudrye@gmail.com,985440,INR,active
CUST-001200,Blythe,Ara,Blythe Ara,blytheara@gmail.com,826320,INR,pending
CUST-001201,Doralynne,Ahab,Doralynne Ahab,doralynneahab@gmail.com,604110,INR,active
CUST-001202,Jackquelin,Airla,Jackquelin Airla,jackquelinairla@gmail.com,339690,INR,active
CUST-001203,Jenifer,Belva,Jenifer Belva,jeniferbelva@gmail.com,335710,INR,in_progress
CUST-001204,Elfrieda,Alben,Elfrieda Alben,elfriedaalben@gmail.com,39950,INR,in_progress
CUST-001205,Davida,Ashman,Davida Ashman,davidaashman@gmail.com,670640,INR,active
CUST-001206,Anabella,Abel,Anabella Abel,anabellaabel@gmail.com,474900,INR,in_progress
CUST-001207,Honoria,Amick,Honoria Amick,honoriaamick@gmail.com,764830,INR,pending
CUST-001208,Adria,Abner,Adria Abner,adriaabner@gmail.com,585500,INR,pending
CUST-001209,Arleen,Berty,Arleen Berty,arleenberty@gmail.com,725750,INR,active
CUST-001210,Gracia,Abshier,Gracia Abshier,graciaabshier@gmail.com,389060,INR,pending
CUST-001211,Gertrud,Alfreda,Gertrud Alfreda,gertrudalfreda@gmail.com,211300,INR,recovered
CUST-001212,Alida,Arst,Alida Arst,alidaarst@gmail.com,592330,INR,overdue
CUST-001213,Brande,Anton,Brande Anton,brandeanton@gmail.com,331350,INR,overdue
CUST-001214,Brigitta,Adkins,Brigitta Adkins,brigittaadkins@gmail.com,450610,INR,recovered
CUST-001215,Dulciana,Ashley,Dulciana Ashley,dulcianaashley@gmail.com,403460,INR,in_progress
CUST-001216,Janel,Asa,Janel Asa,janelasa@gmail.com,183760,INR,recovered
CUST-001217,Horatia,Angelico,Horatia Angelico,horatiaangelico@gmail.com,42480,INR,in_progress
CUST-001218,Alexa,Belayneh,Alexa Belayneh,alexabelayneh@gmail.com,76520,INR,overdue
CUST-001219,Danita,Arv,Danita Arv,danitaarv@gmail.com,366050,INR,in_progress
CUST-001220,Elena,Andres,Elena Andres,elenaandres@gmail.com,357590,INR,pending
CUST-001221,Clemence,Ammon,Clemence Ammon,clemenceammon@gmail.com,175890,INR,overdue
CUST-001222,Clare,Kaur,Clare Kaur,clarekaur@gmail.com,990220,INR,pending
CUST-001223,Becky,Allys,Becky Allys,beckyallys@gmail.com,258530,INR,overdue
CUST-001224,Annabelle,Apple,Annabelle Apple,annabelleapple@gmail.com,110730,INR,in_progress
CUST-001225,Filippa,Annabella,Filippa Annabella,filippaannabella@gmail.com,896300,INR,overdue
CUST-001226,Felicia,Alduino,Felicia Alduino,feliciaalduino@gmail.com,157460,INR,pending
CUST-001227,Coralie,Agace,Coralie Agace,coralieagace@gmail.com,759480,INR,recovered
CUST-001228,Charissa,Adis,Charissa Adis,charissaadis@gmail.com,972270,INR,recovered
CUST-001229,Alverta,Ancell,Alverta Ancell,alvertaancell@gmail.com,553300,INR,active
CUST-001230,Annabal,Ariela,Annabal Ariela,annabalariela@gmail.com,78800,INR,recovered
CUST-001231,Allx,Arhna,Allx Arhna,allxarhna@gmail.com,838530,INR,active
CUST-001232,Genvieve,Ali,Genvieve Ali,genvieveali@gmail.com,610080,INR,recovered
CUST-001233,Ermina,Bertila,Ermina Bertila,erminabertila@gmail.com,293750,INR,recovered
CUST-001234,Ardith,Atalaya,Ardith Atalaya,ardithatalaya@gmail.com,32250,INR,in_progress
CUST-001235,Glory,Arte,Glory Arte,gloryarte@gmail.com,276950,INR,recovered
CUST-001236,Illa,Aguste,Illa Aguste,illaaguste@gmail.com,824790,INR,active
CUST-001237,Emmye,Arliene,Emmye Arliene,emmyearliene@gmail.com,288480,INR,active
CUST-001238,Diann,Areta,Diann Areta,diannareta@gmail.com,822700,INR,pending
CUST-001239,Devonne,Adriena,Devonne Adriena,devonneadriena@gmail.com,453990,INR,active
CUST-001240,Giustina,Beverley,Giustina Beverley,giustinabeverley@gmail.com,242450,INR,active
CUST-001241,Bonnibelle,Alcus,Bonnibelle Alcus,bonnibellealcus@gmail.com,941330,INR,active
CUST-001242,Gabrila,Alisha,Gabrila Alisha,gabrilaalisha@gmail.com,292730,INR,recovered
CUST-001243,Mohit,Amasa,Mohit Amasa,mohitamasa@gmail.com,341880,INR,active
CUST-001244,Babette,Babs,Babette Babs,babettebabs@gmail.com,721560,INR,pending
CUST-001245,Glenna,Balduin,Glenna Balduin,glennabalduin@gmail.com,231610,INR,recovered
CUST-001246,Divya,Bobbi,Divya Bobbi,divyabobbi@gmail.com,566710,INR,pending
CUST-001247,Holli,Alejandro,Holli Alejandro,hollialejandro@gmail.com,383330,INR,in_progress
CUST-001248,Cleo,Bender,Cleo Bender,cleobender@gmail.com,312530,INR,overdue
CUST-001249,Eadith,Alistair,Eadith Alistair,eadithalistair@gmail.com,290860,INR,pending
CUST-001250,Colline,Bezanson,Colline Bezanson,collinebezanson@gmail.com,342930,INR,recovered
CUST-001251,Geneva,Bidle,Geneva Bidle,genevabidle@gmail.com,400160,INR,pending
CUST-001252,Anallese,Amari,Anallese Amari,analleseamari@gmail.com,247430,INR,recovered
CUST-001253,Aaryan,Besnard,Aaryan Besnard,aaryanbesnard@gmail.com,256410,INR,pending
CUST-001254,Jena,Boarer,Jena Boarer,jenaboarer@gmail.com,628250,INR,pending
CUST-001255,Demetris,Billye,Demetris Billye,demetrisbillye@gmail.com,476380,INR,active
CUST-001256,Elvera,Allyson,Elvera Allyson,elveraallyson@gmail.com,631650,INR,recovered
CUST-001257,Hadria,Amara,Hadria Amara,hadriaamara@gmail.com,404750,INR,recovered
CUST-001258,Hermione,Adabel,Hermione Adabel,hermioneadabel@gmail.com,791160,INR,overdue
CUST-001259,Benedikta,Srivastava,Benedikta Srivastava,benediktasrivastava@gmail.com,571580,INR,in_progress
CUST-001260,Gratia,August,Gratia August,gratiaaugust@gmail.com,223120,INR,in_progress
CUST-001261,Claudina,August,Claudina August,claudinaaugust@gmail.com,989790,INR,pending
CUST-001262,Eddy,Adorl,Eddy Adorl,eddyadorl@gmail.com,265720,INR,pending
CUST-001263,Cristal,Annemarie,Cristal Annemarie,cristalannemarie@gmail.com,777350,INR,in_progress
CUST-001264,Audy,Amor,Audy Amor,audyamor@gmail.com,205820,INR,in_progress
CUST-001265,Annabell,Biddick,Annabell Biddick,annabellbiddick@gmail.com,86610,INR,active
CUST-001266,Amalita,Affra,Amalita Affra,amalitaaffra@gmail.com,341360,INR,recovered
CUST-001267,Anil,Biamonte,Anil Biamonte,anilbiamonte@gmail.com,866360,INR,recovered
CUST-001268,Christabel,Adelheid,Christabel Adelheid,christabeladelheid@gmail.com,400810,INR,active
CUST-001269,Emmaline,Bevers,Emmaline Bevers,emmalinebevers@gmail.com,474390,INR,overdue
CUST-001270,Dacey,Binetta,Dacey Binetta,daceybinetta@gmail.com,954050,INR,in_progress
CUST-001271,Beatrix,Alderman,Beatrix Alderman,beatrixalderman@gmail.com,153580,INR,active
CUST-001272,Delphinia,Alisander,Delphinia Alisander,delphiniaalisander@gmail.com,877040,INR,overdue
CUST-001273,Gabbi,Aubert,Gabbi Aubert,gabbiaubert@gmail.com,904570,INR,overdue
CUST-001274,Denyse,Alben,Denyse Alben,denysealben@gmail.com,725500,INR,overdue
CUST-001275,Amata,Blight,Amata Blight,amatablight@gmail.com,194090,INR,in_progress
CUST-001276,Alberta,Bellis,Alberta Bellis,albertabellis@gmail.com,370630,INR,active
CUST-001277,Brynna,Birgitta,Brynna Birgitta,brynnabirgitta@gmail.com,895660,INR,overdue
CUST-001278,Giustina,Albertina,Giustina Albertina,giustinaalbertina@gmail.com,137840,INR,pending
CUST-001279,Constantine,Alek,Constantine Alek,constantinealek@gmail.com,559500,INR,overdue
CUST-001280,Gillie,Arakawa,Gillie Arakawa,gilliearakawa@gmail.com,163310,INR,pending
CUST-001281,Carole,Aletha,Carole Aletha,carolealetha@gmail.com,911040,INR,pending
CUST-001282,Auberta,Aylmar,Auberta Aylmar,aubertaaylmar@gmail.com,503830,INR,active
CUST-001283,Estel,Alayne,Estel Alayne,estelalayne@gmail.com,79740,INR,active
CUST-001284,Helenka,Arela,Helenka Arela,helenkaarela@gmail.com,668520,INR,recovered
CUST-001285,Ardenia,Arva,Ardenia Arva,ardeniaarva@gmail.com,57720,INR,overdue
CUST-001286,Dulci,Bergwall,Dulci Bergwall,dulcibergwall@gmail.com,375800,INR,pending
CUST-001287,Dannye,Aliza,Dannye Aliza,dannyealiza@gmail.com,894180,INR,active
CUST-001288,Cherye,Adamsun,Cherye Adamsun,cheryeadamsun@gmail.com,846630,INR,overdue
CUST-001289,Carmine,Audsley,Carmine Audsley,carmineaudsley@gmail.com,989640,INR,active
CUST-001290,Flory,Barbee,Flory Barbee,florybarbee@gmail.com,559110,INR,recovered
CUST-001291,Tanmay,Atkinson,Tanmay Atkinson,tanmayatkinson@gmail.com,739150,INR,recovered
CUST-001292,Cathie,Abdulla,Cathie Abdulla,cathieabdulla@gmail.com,496720,INR,recovered
CUST-001293,Carolyne,Abel,Carolyne Abel,carolyneabel@gmail.com,447980,INR,recovered
CUST-001294,Brina,Agretha,Brina Agretha,brinaagretha@gmail.com,401770,INR,active
CUST-001295,Adelle,Alboran,Adelle Alboran,adellealboran@gmail.com,168570,INR,overdue
CUST-001296,Bernelle,Bixby,Bernelle Bixby,bernellebixby@gmail.com,155700,INR,in_progress
CUST-001297,Gwendolen,Sandhu,Gwendolen Sandhu,gwendolensandhu@gmail.com,136210,INR,recovered
CUST-001298,Catha,Birmingham,Catha Birmingham,cathabirmingham@gmail.com,519420,INR,pending
CUST-001299,Hettie,Attalie,Hettie Attalie,hettieattalie@gmail.com,484010,INR,recovered
CUST-001300,Aleda,Bhatia,Aleda Bhatia,aledabhatia@gmail.com,161910,INR,active
CUST-001301,Ernestine,Bathsheb,Ernestine Bathsheb,ernestinebathsheb@gmail.com,642850,INR,pending
CUST-001302,Bobette,Appledorf,Bobette Appledorf,bobetteappledorf@gmail.com,302880,INR,overdue
CUST-001303,Ashien,Alroy,Ashien Alroy,ashienalroy@gmail.com,757670,INR,overdue
CUST-001304,Glori,Allissa,Glori Allissa,gloriallissa@gmail.com,847090,INR,overdue
CUST-001305,Gleda,Ailene,Gleda Ailene,gledaailene@gmail.com,323740,INR,pending
CUST-001306,Ettie,Blessington,Ettie Blessington,ettieblessington@gmail.com,688620,INR,overdue
CUST-001307,Elwira,Andrej,Elwira Andrej,elwiraandrej@gmail.com,270910,INR,recovered
CUST-001308,Elena,Berkeley,Elena Berkeley,elenaberkeley@gmail.com,918290,INR,overdue
CUST-001309,Elfrieda,Blackmun,Elfrieda Blackmun,elfriedablackmun@gmail.com,30190,INR,recovered
CUST-001310,Clotilda,Bennink,Clotilda Bennink,clotildabennink@gmail.com,584660,INR,pending
CUST-001311,Jacquie,Ajax,Jacquie Ajax,jacquieajax@gmail.com,167380,INR,in_progress
CUST-001312,Mohit,Arny,Mohit Arny,mohitarny@gmail.com,924180,INR,pending
CUST-001313,Bili,Almita,Bili Almita,bilialmita@gmail.com,68900,INR,in_progress
CUST-001314,Jacenta,Bartley,Jacenta Bartley,jacentabartley@gmail.com,799620,INR,in_progress
CUST-001315,Eartha,Abbotsun,Eartha Abbotsun,earthaabbotsun@gmail.com,678680,INR,overdue
CUST-001316,Dyane,Beverley,Dyane Beverley,dyanebeverley@gmail.com,383740,INR,active
CUST-001317,Christean,Airel,Christean Airel,christeanairel@gmail.com,954460,INR,recovered
CUST-001318,Emlynne,Pathak,Emlynne Pathak,emlynnepathak@gmail.com,888150,INR,recovered
CUST-001319,Gabbey,Aziza,Gabbey Aziza,gabbeyaziza@gmail.com,288520,INR,in_progress
CUST-001320,Catharina,Alpheus,Catharina Alpheus,catharinaalpheus@gmail.com,941310,INR,pending
CUST-001321,Cherlyn,Adda,Cherlyn Adda,cherlynadda@gmail.com,517350,INR,overdue
CUST-001322,Hillary,Almeria,Hillary Almeria,hillaryalmeria@gmail.com,335550,INR,recovered
CUST-001323,Hulda,Bekki,Hulda Bekki,huldabekki@gmail.com,602250,INR,pending
CUST-001324,Clarabelle,Anette,Clarabelle Anette,clarabelleanette@gmail.com,617850,INR,recovered
CUST-001325,Garnet,Adelle,Garnet Adelle,garnetadelle@gmail.com,499810,INR,active
CUST-001326,Germaine,Anderegg,Germaine Anderegg,germaineanderegg@gmail.com,69270,INR,recovered
CUST-001327,Ebba,Arabeila,Ebba Arabeila,ebbaarabeila@gmail.com,163110,INR,overdue
CUST-001328,Barbey,Bianka,Barbey Bianka,barbeybianka@gmail.com,937870,INR,in_progress
CUST-001329,Samar,Berk,Samar Berk,samarberk@gmail.com,466610,INR,recovered
CUST-001330,Edna,Babara,Edna Babara,ednababara@gmail.com,476290,INR,recovered
CUST-001331,Gert,Bayly,Gert Bayly,gertbayly@gmail.com,370640,INR,recovered
CUST-001332,Elmira,Aloin,Elmira Aloin,elmiraaloin@gmail.com,741340,INR,active
CUST-001333,Cam,Bjork,Cam Bjork,cambjork@gmail.com,900950,INR,overdue
CUST-001334,Aleta,Africa,Aleta Africa,aletaafrica@gmail.com,569960,INR,recovered
CUST-001335,Allis,Barlow,Allis Barlow,allisbarlow@gmail.com,501660,INR,pending
CUST-001336,Analise,Ambler,Analise Ambler,analiseambler@gmail.com,631240,INR,active
CUST-001337,Benita,Annadiana,Benita Annadiana,benitaannadiana@gmail.com,964230,INR,in_progress
CUST-001338,Bambie,Apollo,Bambie Apollo,bambieapollo@gmail.com,162680,INR,overdue
CUST-001339,Fedora,Aret,Fedora Aret,fedoraaret@gmail.com,515590,INR,active
CUST-001340,Evy,Artemas,Evy Artemas,evyartemas@gmail.com,552290,INR,recovered
CUST-001341,Angelia,Barstow,Angelia Barstow,angeliabarstow@gmail.com,190040,INR,pending
CUST-001342,Aeriel,Anjela,Aeriel Anjela,aerielanjela@gmail.com,805160,INR,pending
CUST-001343,Esmeralda,Bashemeth,Esmeralda Bashemeth,esmeraldabashemeth@gmail.com,790140,INR,active
CUST-001344,Emmie,Alexandrina,Emmie Alexandrina,emmiealexandrina@gmail.com,2690,INR,in_progress
CUST-001345,Anthiathia,Avra,Anthiathia Avra,anthiathiaavra@gmail.com,193250,INR,active
CUST-001346,Elsie,Addi,Elsie Addi,elsieaddi@gmail.com,616180,INR,pending
CUST-001347,Emalia,Anselma,Emalia Anselma,emaliaanselma@gmail.com,375530,INR,recovered
CUST-001348,Brietta,Balough,Brietta Balough,briettabalough@gmail.com,94880,INR,active
CUST-001349,Ellyn,Anatole,Ellyn Anatole,ellynanatole@gmail.com,793400,INR,overdue
CUST-001350,Fawnia,Antonio,Fawnia Antonio,fawniaantonio@gmail.com,611370,INR,overdue
CUST-001351,Jandy,Angeli,Jandy Angeli,jandyangeli@gmail.com,836180,INR,pending
CUST-001352,Darell,Arella,Darell Arella,darellarella@gmail.com,430380,INR,overdue
CUST-001353,Glad,Aeneas,Glad Aeneas,gladaeneas@gmail.com,740010,INR,overdue
CUST-001354,Angel,Alyworth,Angel Alyworth,angelalyworth@gmail.com,780620,INR,overdue
CUST-001355,Drucill,Bashemath,Drucill Bashemath,drucillbashemath@gmail.com,780130,INR,active
CUST-001356,Betsey,Baggott,Betsey Baggott,betseybaggott@gmail.com,166370,INR,pending
CUST-001357,Deonne,Batty,Deonne Batty,deonnebatty@gmail.com,419760,INR,pending
CUST-001358,Coraline,Annmarie,Coraline Annmarie,coralineannmarie@gmail.com,444900,INR,recovered
CUST-001359,Alane,Srivastava,Alane Srivastava,alanesrivastava@gmail.com,622560,INR,active
CUST-001360,Jacquetta,Alburg,Jacquetta Alburg,jacquettaalburg@gmail.com,366170,INR,overdue
CUST-001361,Heath,Aramanta,Heath Aramanta,heatharamanta@gmail.com,331100,INR,overdue
CUST-001362,Chelsae,Bobina,Chelsae Bobina,chelsaebobina@gmail.com,835730,INR,active
CUST-001363,Debee,Alex,Debee Alex,debeealex@gmail.com,667940,INR,recovered
CUST-001364,Cinnamon,Atcliffe,Cinnamon Atcliffe,cinnamonatcliffe@gmail.com,654140,INR,overdue
CUST-001365,Belle,Abel,Belle Abel,belleabel@gmail.com,323770,INR,pending
CUST-001366,Isadora,Alejoa,Isadora Alejoa,isadoraalejoa@gmail.com,368850,INR,recovered
CUST-001367,Cherida,Arva,Cherida Arva,cheridaarva@gmail.com,885850,INR,pending
CUST-001368,Carilyn,Auston,Carilyn Auston,carilynauston@gmail.com,673280,INR,recovered
CUST-001369,Gerladina,Alameda,Gerladina Alameda,gerladinaalameda@gmail.com,883250,INR,active
CUST-001370,Calli,Amos,Calli Amos,calliamos@gmail.com,220620,INR,recovered
CUST-001371,Ermentrude,Almira,Ermentrude Almira,ermentrudealmira@gmail.com,294710,INR,pending
CUST-001372,Gabrielle,Belden,Gabrielle Belden,gabriellebelden@gmail.com,617440,INR,recovered
CUST-001373,Imojean,Boff,Imojean Boff,imojeanboff@gmail.com,544060,INR,active
CUST-001374,Elwira,Ammadis,Elwira Ammadis,elwiraammadis@gmail.com,35160,INR,active
CUST-001375,Gael,Angeli,Gael Angeli,gaelangeli@gmail.com,534750,INR,recovered
CUST-001376,Advik,Bigot,Advik Bigot,advikbigot@gmail.com,674440,INR,overdue
CUST-001377,Delcine,Belmonte,Delcine Belmonte,delcinebelmonte@gmail.com,758260,INR,in_progress
CUST-001378,Charmian,Ardine,Charmian Ardine,charmianardine@gmail.com,732380,INR,in_progress
CUST-001379,Edita,Abercromby,Edita Abercromby,editaabercromby@gmail.com,689630,INR,in_progress
CUST-001380,Anett,Alber,Anett Alber,anettalber@gmail.com,231310,INR,active
CUST-001381,Donelle,Abran,Donelle Abran,donelleabran@gmail.com,689850,INR,pending
CUST-001382,Abbye,Batory,Abbye Batory,abbyebatory@gmail.com,715960,INR,overdue
CUST-001383,Gail,Ahrens,Gail Ahrens,gailahrens@gmail.com,634900,INR,active
CUST-001384,Erena,Beaufert,Erena Beaufert,erenabeaufert@gmail.com,535690,INR,pending
CUST-001385,Dona,Blainey,Dona Blainey,donablainey@gmail.com,342750,INR,pending
CUST-001386,Fina,Balling,Fina Balling,finaballing@gmail.com,146700,INR,overdue
CUST-001387,Elsa,Beverley,Elsa Beverley,elsabeverley@gmail.com,754630,INR,pending
CUST-001388,Cara,Barbur,Cara Barbur,carabarbur@gmail.com,532540,INR,active
CUST-001389,Caryl,Antonia,Caryl Antonia,carylantonia@gmail.com,610400,INR,recovered
CUST-001390,Clarabelle,Appolonia,Clarabelle Appolonia,clarabelleappolonia@gmail.com,632860,INR,active
CUST-001391,Fern,Apple,Fern Apple,fernapple@gmail.com,402080,INR,active
CUST-001392,Audre,Adda,Audre Adda,audreadda@gmail.com,895870,INR,in_progress
CUST-001393,Bert,Arlinda,Bert Arlinda,bertarlinda@gmail.com,691300,INR,recovered
CUST-001394,Garnet,Andrel,Garnet Andrel,garnetandrel@gmail.com,504530,INR,recovered
CUST-001395,Addie,Anneliese,Addie Anneliese,addieanneliese@gmail.com,173690,INR,overdue
CUST-001396,Elsinore,Artie,Elsinore Artie,elsinoreartie@gmail.com,320430,INR,overdue
CUST-001397,Guillemette,Boesch,Guillemette Boesch,guillemetteboesch@gmail.com,395860,INR,recovered
CUST-001398,Fredra,Amieva,Fredra Amieva,fredraamieva@gmail.com,454270,INR,overdue
CUST-001399,Georgina,Rawat,Georgina Rawat,georginarawat@gmail.com,460610,INR,active
CUST-001400,Ingaborg,Ashwin,Ingaborg Ashwin,ingaborgashwin@gmail.com,347220,INR,active
CUST-001401,Cassandry,Africa,Cassandry Africa,cassandryafrica@gmail.com,897190,INR,active
CUST-001402,Gale,Aphra,Gale Aphra,galeaphra@gmail.com,526250,INR,in_progress
CUST-001403,Doe,Bobker,Doe Bobker,doebobker@gmail.com,380160,INR,pending
CUST-001404,Devonna,Almita,Devonna Almita,devonnaalmita@gmail.com,127970,INR,recovered
CUST-001405,Aura,Becki,Aura Becki,aurabecki@gmail.com,216850,INR,active
CUST-001406,Frederique,Belford,Frederique Belford,frederiquebelford@gmail.com,592920,INR,active
CUST-001407,Harriette,Aluino,Harriette Aluino,harriettealuino@gmail.com,884470,INR,recovered
CUST-001408,Adriana,Alta,Adriana Alta,adrianaalta@gmail.com,539810,INR,overdue
CUST-001409,Adiana,Beatrix,Adiana Beatrix,adianabeatrix@gmail.com,660290,INR,in_progress
CUST-001410,Dory,Ardussi,Dory Ardussi,doryardussi@gmail.com,314900,INR,active
CUST-001411,Hedvig,Andrea,Hedvig Andrea,hedvigandrea@gmail.com,127770,INR,overdue
CUST-001412,Darya,Andryc,Darya Andryc,daryaandryc@gmail.com,730380,INR,in_progress
CUST-001413,Dolli,Alger,Dolli Alger,dollialger@gmail.com,221770,INR,in_progress
CUST-001414,Geri,Amethyst,Geri Amethyst,geriamethyst@gmail.com,971160,INR,active
CUST-001415,Dyna,Auliffe,Dyna Auliffe,dynaauliffe@gmail.com,8990,INR,recovered
CUST-001416,Jaimie,Arissa,Jaimie Arissa,jaimiearissa@gmail.com,129100,INR,active
CUST-001417,Basia,Patel,Basia Patel,basiapatel@gmail.com,772780,INR,recovered
CUST-001418,Glynda,Bardo,Glynda Bardo,glyndabardo@gmail.com,832660,INR,pending
CUST-001419,Diandra,Aloysius,Diandra Aloysius,diandraaloysius@gmail.com,671580,INR,in_progress
CUST-001420,Ilene,Bertasi,Ilene Bertasi,ilenebertasi@gmail.com,159280,INR,recovered
CUST-001421,Dulcea,Abey,Dulcea Abey,dulceaabey@gmail.com,583840,INR,active
CUST-001422,Sachin,Arelus,Sachin Arelus,sachinarelus@gmail.com,543060,INR,pending
CUST-001423,Dodie,Aldon,Dodie Aldon,dodiealdon@gmail.com,388020,INR,pending
CUST-001424,Shweta,Avis,Shweta Avis,shwetaavis@gmail.com,75180,INR,pending
CUST-001425,Bill,Anatol,Bill Anatol,billanatol@gmail.com,94600,INR,pending
CUST-001426,Amaleta,Arnaud,Amaleta Arnaud,amaletaarnaud@gmail.com,169160,INR,in_progress
CUST-001427,Dyana,Atthia,Dyana Atthia,dyanaatthia@gmail.com,978540,INR,in_progress
CUST-001428,Devin,Angelia,Devin Angelia,devinangelia@gmail.com,872170,INR,active
CUST-001429,Feliza,Anderson,Feliza Anderson,felizaanderson@gmail.com,628070,INR,overdue
CUST-001430,Berget,Anne,Berget Anne,bergetanne@gmail.com,385670,INR,pending
CUST-001431,Elianora,Auliffe,Elianora Auliffe,elianoraauliffe@gmail.com,939280,INR,pending
CUST-001432,Diahann,Bethesda,Diahann Bethesda,diahannbethesda@gmail.com,620090,INR,in_progress
CUST-001433,Annnora,Bernadene,Annnora Bernadene,annnorabernadene@gmail.com,240210,INR,pending
CUST-001434,Inesita,Astrea,Inesita Astrea,inesitaastrea@gmail.com,121600,INR,in_progress
CUST-001435,Cora,Bartholemy,Cora Bartholemy,corabartholemy@gmail.com,476460,INR,overdue
CUST-001436,Bernadene,Berry,Bernadene Berry,bernadeneberry@gmail.com,353940,INR,recovered
CUST-001437,Dyann,Blanca,Dyann Blanca,dyannblanca@gmail.com,657310,INR,active
CUST-001438,Eydie,Bicknell,Eydie Bicknell,eydiebicknell@gmail.com,830980,INR,overdue
CUST-001439,Bernice,Adelric,Bernice Adelric,berniceadelric@gmail.com,128780,INR,recovered
CUST-001440,Helaine,Ace,Helaine Ace,helaineace@gmail.com,796550,INR,pending
CUST-001441,Hattie,Amata,Hattie Amata,hattieamata@gmail.com,737600,INR,active
CUST-001442,Francene,Baerl,Francene Baerl,francenebaerl@gmail.com,111320,INR,recovered
CUST-001443,Alyce,Barton,Alyce Barton,alycebarton@gmail.com,235060,INR,active
CUST-001444,Gerti,Barnabe,Gerti Barnabe,gertibarnabe@gmail.com,664900,INR,in_progress
CUST-001445,Elise,Ballinger,Elise Ballinger,eliseballinger@gmail.com,245860,INR,overdue
CUST-001446,Jelene,Beth,Jelene Beth,jelenebeth@gmail.com,324790,INR,active
CUST-001447,Arabel,Arlee,Arabel Arlee,arabelarlee@gmail.com,866540,INR,overdue
CUST-001448,Freddi,Annabella,Freddi Annabella,freddiannabella@gmail.com,705730,INR,recovered
CUST-001449,Daniela,Ashwell,Daniela Ashwell,danielaashwell@gmail.com,845940,INR,pending
CUST-001450,Emeline,Alonzo,Emeline Alonzo,emelinealonzo@gmail.com,782530,INR,pending
CUST-001451,Darryl,Amory,Darryl Amory,darrylamory@gmail.com,475270,INR,pending
CUST-001452,Chelsy,Alaster,Chelsy Alaster,chelsyalaster@gmail.com,727270,INR,in_progress
CUST-001453,Jackquelin,Barra,Jackquelin Barra,jackquelinbarra@gmail.com,19860,INR,in_progress
CUST-001454,Alfie,Ancilin,Alfie Ancilin,alfieancilin@gmail.com,709080,INR,recovered
CUST-001455,Deidre,Bein,Deidre Bein,deidrebein@gmail.com,814860,INR,active
CUST-001456,Aline,Ailssa,Aline Ailssa,alineailssa@gmail.com,376900,INR,pending
CUST-001457,Gipsy,Astor,Gipsy Astor,gipsyastor@gmail.com,158010,INR,in_progress
CUST-001458,Aili,Abshier,Aili Abshier,ailiabshier@gmail.com,359960,INR,pending
CUST-001459,Breanne,Athenian,Breanne Athenian,breanneathenian@gmail.com,814030,INR,overdue
CUST-001460,Dorena,Anderer,Dorena Anderer,dorenaanderer@gmail.com,252000,INR,in_progress
CUST-001461,Deborah,Andreas,Deborah Andreas,deborahandreas@gmail.com,4870,INR,active
CUST-001462,Cam,Blase,Cam Blase,camblase@gmail.com,769790,INR,recovered
CUST-001463,Elli,Block,Elli Block,elliblock@gmail.com,273460,INR,pending
CUST-001464,Emilia,Amalie,Emilia Amalie,emiliaamalie@gmail.com,130290,INR,overdue
CUST-001465,Elizabeth,Adriell,Elizabeth Adriell,elizabethadriell@gmail.com,945120,INR,overdue
CUST-001466,Janela,Bagley,Janela Bagley,janelabagley@gmail.com,819740,INR,pending
CUST-001467,Hyacinth,Agathy,Hyacinth Agathy,hyacinthagathy@gmail.com,802980,INR,overdue
CUST-001468,Dodi,Bathesda,Dodi Bathesda,dodibathesda@gmail.com,49640,INR,pending
CUST-001469,Cecile,Ancelin,Cecile Ancelin,cecileancelin@gmail.com,682220,INR,pending
CUST-001470,Hope,Ag,Hope Ag,hopeag@gmail.com,412190,INR,overdue
CUST-001471,Donni,Barabbas,Donni Barabbas,donnibarabbas@gmail.com,133210,INR,recovered
CUST-001472,Bette,Bevvy,Bette Bevvy,bettebevvy@gmail.com,112740,INR,active
CUST-001473,Hedwig,Adon,Hedwig Adon,hedwigadon@gmail.com,684190,INR,recovered
CUST-001474,Elyse,Androw,Elyse Androw,elyseandrow@gmail.com,672230,INR,recovered
CUST-001475,Basia,Barbe,Basia Barbe,basiabarbe@gmail.com,729350,INR,in_progress
CUST-001476,Bernette,Addison,Bernette Addison,bernetteaddison@gmail.com,965820,INR,active
CUST-001477,Franky,Antebi,Franky Antebi,frankyantebi@gmail.com,987610,INR,overdue
CUST-001478,Francesca,Appolonia,Francesca Appolonia,francescaappolonia@gmail.com,410890,INR,active
CUST-001479,Gladi,Asa,Gladi Asa,gladiasa@gmail.com,437870,INR,active
CUST-001480,Gayla,Adah,Gayla Adah,gaylaadah@gmail.com,468100,INR,overdue
CUST-001481,Gaurav,Allen,Gaurav Allen,gauravallen@gmail.com,160130,INR,in_progress
CUST-001482,Ami,Banna,Ami Banna,amibanna@gmail.com,212950,INR,recovered
CUST-001483,Erminia,Augusta,Erminia Augusta,erminiaaugusta@gmail.com,885860,INR,pending
CUST-001484,Esme,Alphonsine,Esme Alphonsine,esmealphonsine@gmail.com,409170,INR,pending
CUST-001485,Elissa,Alyssa,Elissa Alyssa,elissaalyssa@gmail.com,576140,INR,active
CUST-001486,Jasmine,Amargo,Jasmine Amargo,jasmineamargo@gmail.com,45370,INR,overdue
CUST-001487,Edithe,Barbie,Edithe Barbie,edithebarbie@gmail.com,869750,INR,recovered
CUST-001488,Ernestine,Bezanson,Ernestine Bezanson,ernestinebezanson@gmail.com,306710,INR,in_progress
CUST-001489,Darice,Arlana,Darice Arlana,daricearlana@gmail.com,555810,INR,pending
CUST-001490,Janeczka,Rawat,Janeczka Rawat,janeczkarawat@gmail.com,112920,INR,pending
CUST-001491,Darsey,Bhandari,Darsey Bhandari,darseybhandari@gmail.com,287160,INR,active
CUST-001492,Andee,Anica,Andee Anica,andeeanica@gmail.com,862890,INR,in_progress
CUST-001493,Brana,Aley,Brana Aley,branaaley@gmail.com,291080,INR,active
CUST-001494,Ashia,Armington,Ashia Armington,ashiaarmington@gmail.com,351430,INR,overdue
CUST-001495,Emma,Baptlsta,Emma Baptlsta,emmabaptlsta@gmail.com,55000,INR,overdue
CUST-001496,Catlin,Betta,Catlin Betta,catlinbetta@gmail.com,869860,INR,in_progress
CUST-001497,Eolanda,Alleras,Eolanda Alleras,eolandaalleras@gmail.com,703790,INR,active
CUST-001498,Doroteya,Allison,Doroteya Allison,doroteyaallison@gmail.com,650410,INR,overdue
CUST-001499,Geraldine,Verma,Geraldine Verma,geraldineverma@gmail.com,766890,INR,in_progress
CUST-001500,Chantal,Barby,Chantal Barby,chantalbarby@gmail.com,974520,INR,overdue
CUST-001501,Erma,Arhna,Erma Arhna,ermaarhna@gmail.com,325890,INR,in_progress
CUST-001502,Cora,Athelstan,Cora Athelstan,coraathelstan@gmail.com,229190,INR,in_progress
CUST-001503,Edithe,Antony,Edithe Antony,editheantony@gmail.com,556740,INR,in_progress
CUST-001504,Idalina,Astred,Idalina Astred,idalinaastred@gmail.com,711670,INR,pending
CUST-001505,Darice,Kumar,Darice Kumar,daricekumar@gmail.com,337620,INR,recovered
CUST-001506,Aurlie,Ambrose,Aurlie Ambrose,aurlieambrose@gmail.com,951940,INR,active
CUST-001507,Advaith,Bettina,Advaith Bettina,advaithbettina@gmail.com,880460,INR,overdue
CUST-001508,Frances,Binni,Frances Binni,francesbinni@gmail.com,981050,INR,pending
CUST-001509,Elizabeth,Bay,Elizabeth Bay,elizabethbay@gmail.com,984600,INR,overdue
CUST-001510,Fallon,Ardenia,Fallon Ardenia,fallonardenia@gmail.com,335140,INR,in_progress
CUST-001511,Doreen,Baldridge,Doreen Baldridge,doreenbaldridge@gmail.com,491190,INR,recovered
CUST-001512,Charmine,Aspia,Charmine Aspia,charmineaspia@gmail.com,107840,INR,overdue
CUST-001513,Clarice,Ama,Clarice Ama,clariceama@gmail.com,94560,INR,active
CUST-001514,Chlo,Sinha,Chlo Sinha,chlosinha@gmail.com,793560,INR,overdue
CUST-001515,Cassandra,Blood,Cassandra Blood,cassandrablood@gmail.com,536880,INR,overdue
CUST-001516,Aleda,Achilles,Aleda Achilles,aledaachilles@gmail.com,243570,INR,in_progress
CUST-001517,Mahesh,Ambrose,Mahesh Ambrose,maheshambrose@gmail.com,354570,INR,recovered
CUST-001518,Candie,Bedelia,Candie Bedelia,candiebedelia@gmail.com,52030,INR,active
CUST-001519,Gillan,Boff,Gillan Boff,gillanboff@gmail.com,270270,INR,in_progress
CUST-001520,Donetta,Bevin,Donetta Bevin,donettabevin@gmail.com,423110,INR,active
CUST-001521,Darla,Alwitt,Darla Alwitt,darlaalwitt@gmail.com,905330,INR,overdue
CUST-001522,Ema,Almena,Ema Almena,emaalmena@gmail.com,411000,INR,pending
CUST-001523,Emlynn,Ardine,Emlynn Ardine,emlynnardine@gmail.com,398260,INR,recovered
CUST-001524,Deedee,Bay,Deedee Bay,deedeebay@gmail.com,477210,INR,pending
CUST-001525,Caralie,Adam,Caralie Adam,caralieadam@gmail.com,761080,INR,in_progress
CUST-001526,Dorice,Adonis,Dorice Adonis,doriceadonis@gmail.com,239720,INR,overdue
CUST-001527,Corrine,Adriano,Corrine Adriano,corrineadriano@gmail.com,840,INR,in_progress
CUST-001528,Heda,Arella,Heda Arella,hedaarella@gmail.com,958330,INR,recovered
CUST-001529,Cybill,Amil,Cybill Amil,cybillamil@gmail.com,615710,INR,pending
CUST-001530,Heloise,Aeneas,Heloise Aeneas,heloiseaeneas@gmail.com,779550,INR,pending
CUST-001531,Gail,Barcot,Gail Barcot,gailbarcot@gmail.com,765880,INR,pending
CUST-001532,Cassie,Aluino,Cassie Aluino,cassiealuino@gmail.com,693120,INR,active
CUST-001533,Cassaundra,Ancel,Cassaundra Ancel,cassaundraancel@gmail.com,191400,INR,pending
CUST-001534,Shivam,Bain,Shivam Bain,shivambain@gmail.com,735790,INR,recovered
CUST-001535,Glory,Beach,Glory Beach,glorybeach@gmail.com,204120,INR,pending
CUST-001536,Helaine,Bascomb,Helaine Bascomb,helainebascomb@gmail.com,3130,INR,active
CUST-001537,Estele,Attlee,Estele Attlee,esteleattlee@gmail.com,949650,INR,recovered
CUST-001538,Emmalyn,Ashton,Emmalyn Ashton,emmalynashton@gmail.com,562170,INR,overdue
CUST-001539,Gwendolin,Astred,Gwendolin Astred,gwendolinastred@gmail.com,507850,INR,active
CUST-001540,Etti,Abisia,Etti Abisia,ettiabisia@gmail.com,545380,INR,active
CUST-001541,Edna,Archangel,Edna Archangel,ednaarchangel@gmail.com,627500,INR,pending
CUST-001542,Amargo,Alex,Amargo Alex,amargoalex@gmail.com,784800,INR,overdue
CUST-001543,Cristie,Binnie,Cristie Binnie,cristiebinnie@gmail.com,216890,INR,recovered
CUST-001544,Carmela,Betty,Carmela Betty,carmelabetty@gmail.com,399110,INR,recovered
CUST-001545,Amalle,Bergen,Amalle Bergen,amallebergen@gmail.com,604000,INR,overdue
CUST-001546,Helge,Bennink,Helge Bennink,helgebennink@gmail.com,54690,INR,recovered
CUST-001547,Coraline,Belloir,Coraline Belloir,coralinebelloir@gmail.com,185860,INR,in_progress
CUST-001548,Bessy,Baxy,Bessy Baxy,bessybaxy@gmail.com,416160,INR,recovered
CUST-001549,Alameda,Aguayo,Alameda Aguayo,alamedaaguayo@gmail.com,680890,INR,recovered
CUST-001550,Elly,Aeniah,Elly Aeniah,ellyaeniah@gmail.com,540580,INR,pending
CUST-001551,Ashla,Atthia,Ashla Atthia,ashlaatthia@gmail.com,530040,INR,active
CUST-001552,Erna,Auria,Erna Auria,ernaauria@gmail.com,377930,INR,overdue
CUST-001553,Dredi,Affrica,Dredi Affrica,drediaffrica@gmail.com,570030,INR,pending
CUST-001554,Charity,Aimil,Charity Aimil,charityaimil@gmail.com,696240,INR,in_progress
CUST-001555,Dorette,Aube,Dorette Aube,doretteaube@gmail.com,923030,INR,pending
CUST-001556,Brandi,Arakawa,Brandi Arakawa,brandiarakawa@gmail.com,157850,INR,active
CUST-001557,Alexi,Amara,Alexi Amara,alexiamara@gmail.com,272420,INR,active
CUST-001558,Adrianne,Bertelli,Adrianne Bertelli,adriannebertelli@gmail.com,925680,INR,overdue
CUST-001559,Daile,Adalie,Daile Adalie,daileadalie@gmail.com,631890,INR,active
CUST-001560,Chandra,Allie,Chandra Allie,chandraallie@gmail.com,55240,INR,active
CUST-001561,Glynis,Bazluke,Glynis Bazluke,glynisbazluke@gmail.com,187310,INR,recovered
CUST-001562,Gracie,Ahearn,Gracie Ahearn,gracieahearn@gmail.com,284810,INR,overdue
CUST-001563,Dehlia,Andreana,Dehlia Andreana,dehliaandreana@gmail.com,189220,INR,recovered
CUST-001564,Frayda,Alaric,Frayda Alaric,fraydaalaric@gmail.com,973000,INR,recovered
CUST-001565,Florence,Angelico,Florence Angelico,florenceangelico@gmail.com,690840,INR,in_progress
CUST-001566,Brynn,Beau,Brynn Beau,brynnbeau@gmail.com,783400,INR,in_progress
CUST-001567,Anastasie,Alameda,Anastasie Alameda,anastasiealameda@gmail.com,902850,INR,pending
CUST-001568,Corrine,Ahron,Corrine Ahron,corrineahron@gmail.com,978720,INR,pending
CUST-001569,Ginnie,Bilek,Ginnie Bilek,ginniebilek@gmail.com,200030,INR,pending
CUST-001570,Celine,Abbotsun,Celine Abbotsun,celineabbotsun@gmail.com,862400,INR,pending
CUST-001571,Ame,Bodrogi,Ame Bodrogi,amebodrogi@gmail.com,674790,INR,overdue
CUST-001572,Georgina,Beth,Georgina Beth,georginabeth@gmail.com,824580,INR,active
CUST-001573,Janaye,Bhayani,Janaye Bhayani,janayebhayani@gmail.com,975540,INR,in_progress
CUST-001574,Gerda,Barnabe,Gerda Barnabe,gerdabarnabe@gmail.com,781790,INR,overdue
CUST-001575,Darsie,Bianka,Darsie Bianka,darsiebianka@gmail.com,762080,INR,recovered
CUST-001576,Annemarie,Ardme,Annemarie Ardme,annemarieardme@gmail.com,333000,INR,in_progress
CUST-001577,Dorie,Barayon,Dorie Barayon,doriebarayon@gmail.com,895410,INR,overdue
CUST-001578,Devonne,Blane,Devonne Blane,devonneblane@gmail.com,980440,INR,overdue
CUST-001579,Heida,Adon,Heida Adon,heidaadon@gmail.com,985900,INR,active
CUST-001580,Agathe,Belicia,Agathe Belicia,agathebelicia@gmail.com,833990,INR,recovered
CUST-001581,Ariana,Aleedis,Ariana Aleedis,arianaaleedis@gmail.com,280590,INR,pending
CUST-001582,Caitlin,More,Caitlin More,caitlinmore@gmail.com,607240,INR,active
CUST-001583,Eda,Beacham,Eda Beacham,edabeacham@gmail.com,288090,INR,recovered
CUST-001584,Caria,Bakeman,Caria Bakeman,cariabakeman@gmail.com,530740,INR,in_progress
CUST-001585,Brinna,Bo,Brinna Bo,brinnabo@gmail.com,416250,INR,pending
CUST-001586,Chloe,Adne,Chloe Adne,chloeadne@gmail.com,363170,INR,overdue
CUST-001587,Chanda,Berry,Chanda Berry,chandaberry@gmail.com,567700,INR,pending
CUST-001588,Belia,Alvin,Belia Alvin,beliaalvin@gmail.com,11780,INR,pending
CUST-001589,Cami,Azral,Cami Azral,camiazral@gmail.com,760690,INR,pending
CUST-001590,Gloriane,Benson,Gloriane Benson,glorianebenson@gmail.com,58020,INR,overdue
CUST-001591,Celia,Anastasius,Celia Anastasius,celiaanastasius@gmail.com,257330,INR,pending
CUST-001592,Vihaan,Bergess,Vihaan Bergess,vihaanbergess@gmail.com,239660,INR,in_progress
CUST-001593,Doris,Bausch,Doris Bausch,dorisbausch@gmail.com,977150,INR,in_progress
CUST-001594,Jacinthe,Adriano,Jacinthe Adriano,jacintheadriano@gmail.com,604270,INR,in_progress
CUST-001595,Aaren,Blakeley,Aaren Blakeley,aarenblakeley@gmail.com,644520,INR,recovered
CUST-001596,Vikram,Balmuth,Vikram Balmuth,vikrambalmuth@gmail.com,196960,INR,pending
CUST-001597,Ailina,Alenson,Ailina Alenson,ailinaalenson@gmail.com,868840,INR,overdue
CUST-001598,Aurelie,Ackler,Aurelie Ackler,aurelieackler@gmail.com,845910,INR,in_progress
CUST-001599,Aurilia,Adeline,Aurilia Adeline,auriliaadeline@gmail.com,66610,INR,active
CUST-001600,Dawna,Amarillas,Dawna Amarillas,dawnaamarillas@gmail.com,615850,INR,active
CUST-001601,Gretna,Blackington,Gretna Blackington,gretnablackington@gmail.com,596360,INR,active
CUST-001602,Dale,Aramenta,Dale Aramenta,dalearamenta@gmail.com,976260,INR,in_progress
CUST-001603,Carry,Amabel,Carry Amabel,carryamabel@gmail.com,553700,INR,pending
CUST-001604,Adoree,Pawar,Adoree Pawar,adoreepawar@gmail.com,343440,INR,overdue
CUST-001605,Betta,Bluh,Betta Bluh,bettabluh@gmail.com,355540,INR,in_progress
CUST-001606,Doretta,Adham,Doretta Adham,dorettaadham@gmail.com,475940,INR,in_progress
CUST-001607,Gerta,Annmaria,Gerta Annmaria,gertaannmaria@gmail.com,831730,INR,recovered
CUST-001608,Evy,Behre,Evy Behre,evybehre@gmail.com,522850,INR,pending
CUST-001609,Emeline,Bernardo,Emeline Bernardo,emelinebernardo@gmail.com,430800,INR,pending
CUST-001610,Gerianne,Alburg,Gerianne Alburg,geriannealburg@gmail.com,425800,INR,recovered
CUST-001611,Aindrea,Bertrand,Aindrea Bertrand,aindreabertrand@gmail.com,46610,INR,active
CUST-001612,Del,Blane,Del Blane,delblane@gmail.com,517500,INR,pending
CUST-001613,Alys,Beare,Alys Beare,alysbeare@gmail.com,908360,INR,overdue
CUST-001614,Glad,Barnabas,Glad Barnabas,gladbarnabas@gmail.com,633270,INR,pending
CUST-001615,Emma,Alvis,Emma Alvis,emmaalvis@gmail.com,432480,INR,overdue
CUST-001616,Jaimie,Anne,Jaimie Anne,jaimieanne@gmail.com,412580,INR,active
CUST-001617,Doreen,Afton,Doreen Afton,doreenafton@gmail.com,111240,INR,in_progress
CUST-001618,Augusta,Arette,Augusta Arette,augustaarette@gmail.com,173520,INR,in_progress
CUST-001619,Ertha,Aindrea,Ertha Aindrea,erthaaindrea@gmail.com,515400,INR,pending
CUST-001620,Gerianna,Babbie,Gerianna Babbie,geriannababbie@gmail.com,966440,INR,overdue
CUST-001621,Brandise,Allix,Brandise Allix,brandiseallix@gmail.com,962640,INR,active
CUST-001622,Charlot,Ardenia,Charlot Ardenia,charlotardenia@gmail.com,713020,INR,in_progress
CUST-001623,Audrye,Barayon,Audrye Barayon,audryebarayon@gmail.com,944520,INR,overdue
CUST-001624,Darda,Atal,Darda Atal,dardaatal@gmail.com,973970,INR,recovered
CUST-001625,Austin,Alexander,Austin Alexander,austinalexander@gmail.com,151910,INR,recovered
CUST-001626,Heather,Aubigny,Heather Aubigny,heatheraubigny@gmail.com,921780,INR,active
CUST-001627,Billi,Berghoff,Billi Berghoff,billiberghoff@gmail.com,907660,INR,active
CUST-001628,Irita,Alejo,Irita Alejo,iritaalejo@gmail.com,310090,INR,overdue
CUST-001629,Holli,Anabella,Holli Anabella,hollianabella@gmail.com,63610,INR,active
CUST-001630,Charlotte,Aretta,Charlotte Aretta,charlottearetta@gmail.com,167980,INR,recovered
CUST-001631,Aurea,Aholla,Aurea Aholla,aureaaholla@gmail.com,174030,INR,overdue
CUST-001632,Jaclin,Apfelstadt,Jaclin Apfelstadt,jaclinapfelstadt@gmail.com,141280,INR,overdue
CUST-001633,Annora,Anastassia,Annora Anastassia,annoraanastassia@gmail.com,959020,INR,in_progress
CUST-001634,Alessandra,Bill,Alessandra Bill,alessandrabill@gmail.com,205980,INR,overdue
CUST-001635,Elfrieda,Barbabas,Elfrieda Barbabas,elfriedabarbabas@gmail.com,564190,INR,overdue
CUST-001636,Fredra,Bakerman,Fredra Bakerman,fredrabakerman@gmail.com,520950,INR,in_progress
CUST-001637,Anetta,Anora,Anetta Anora,anettaanora@gmail.com,611680,INR,in_progress
CUST-001638,Avni,Bahr,Avni Bahr,avnibahr@gmail.com,331890,INR,active
CUST-001639,Corine,Ambrosia,Corine Ambrosia,corineambrosia@gmail.com,630060,INR,pending
CUST-001640,Jena,Alesandrini,Jena Alesandrini,jenaalesandrini@gmail.com,913120,INR,overdue
CUST-001641,Camilla,Arndt,Camilla Arndt,camillaarndt@gmail.com,562780,INR,pending
CUST-001642,Cheryl,Ardy,Cheryl Ardy,cherylardy@gmail.com,887390,INR,recovered
CUST-001643,Amabelle,Boeke,Amabelle Boeke,amabelleboeke@gmail.com,673830,INR,recovered
CUST-001644,Gertie,Bell,Gertie Bell,gertiebell@gmail.com,600380,INR,active
CUST-001645,Gilbertina,Blen,Gilbertina Blen,gilbertinablen@gmail.com,225330,INR,overdue
CUST-001646,Brana,Astto,Brana Astto,branaastto@gmail.com,538870,INR,overdue
CUST-001647,Caril,Ardine,Caril Ardine,carilardine@gmail.com,894040,INR,pending
CUST-001648,Hatty,Behnken,Hatty Behnken,hattybehnken@gmail.com,759550,INR,in_progress
CUST-001649,Candide,Abra,Candide Abra,candideabra@gmail.com,469180,INR,recovered
CUST-001650,Christi,Andy,Christi Andy,christiandy@gmail.com,240000,INR,pending
CUST-001651,Ailina,Antonie,Ailina Antonie,ailinaantonie@gmail.com,243530,INR,overdue
CUST-001652,Betteann,Banquer,Betteann Banquer,betteannbanquer@gmail.com,560920,INR,active
CUST-001653,Arline,Athelstan,Arline Athelstan,arlineathelstan@gmail.com,601480,INR,active
CUST-001654,Birdie,Birkle,Birdie Birkle,birdiebirkle@gmail.com,359010,INR,overdue
CUST-001655,Enriqueta,Ardrey,Enriqueta Ardrey,enriquetaardrey@gmail.com,6690,INR,in_progress
CUST-001656,Corly,Bennie,Corly Bennie,corlybennie@gmail.com,576570,INR,pending
CUST-001657,Dyan,Bili,Dyan Bili,dyanbili@gmail.com,707760,INR,active
CUST-001658,Emlyn,Ambert,Emlyn Ambert,emlynambert@gmail.com,447830,INR,pending
CUST-001659,Chelsie,Ashlen,Chelsie Ashlen,chelsieashlen@gmail.com,743140,INR,pending
CUST-001660,Elwira,Bassett,Elwira Bassett,elwirabassett@gmail.com,945910,INR,recovered
CUST-001661,Idell,Barty,Idell Barty,idellbarty@gmail.com,213200,INR,active
CUST-001662,Abby,Bagger,Abby Bagger,abbybagger@gmail.com,965890,INR,overdue
CUST-001663,Elsi,Blake,Elsi Blake,elsiblake@gmail.com,544140,INR,overdue
CUST-001664,Adelaide,Aaberg,Adelaide Aaberg,adelaideaaberg@gmail.com,968750,INR,recovered
CUST-001665,Cristionna,Berns,Cristionna Berns,cristionnaberns@gmail.com,660040,INR,active
CUST-001666,Harriot,Baiss,Harriot Baiss,harriotbaiss@gmail.com,485030,INR,in_progress
CUST-001667,Anya,Arnelle,Anya Arnelle,anyaarnelle@gmail.com,876960,INR,in_progress
CUST-001668,Conni,Blodget,Conni Blodget,conniblodget@gmail.com,379790,INR,active
CUST-001669,Carmencita,Binni,Carmencita Binni,carmencitabinni@gmail.com,325820,INR,active
CUST-001670,Casey,Armstrong,Casey Armstrong,caseyarmstrong@gmail.com,972860,INR,in_progress
CUST-001671,Goldie,Aminta,Goldie Aminta,goldieaminta@gmail.com,61290,INR,recovered
CUST-001672,Carmelina,Alley,Carmelina Alley,carmelinaalley@gmail.com,165210,INR,pending
CUST-001673,Cassondra,Anjali,Cassondra Anjali,cassondraanjali@gmail.com,856860,INR,recovered
CUST-001674,Betsey,Ames,Betsey Ames,betseyames@gmail.com,444770,INR,active
CUST-001675,Fifine,Andie,Fifine Andie,fifineandie@gmail.com,888730,INR,overdue
CUST-001676,Gene,Bartolomeo,Gene Bartolomeo,genebartolomeo@gmail.com,423420,INR,active
CUST-001677,Christel,Almund,Christel Almund,christelalmund@gmail.com,918460,INR,in_progress
CUST-001678,Blanche,Alanah,Blanche Alanah,blanchealanah@gmail.com,302210,INR,recovered
CUST-001679,Inger,Reddy,Inger Reddy,ingerreddy@gmail.com,460910,INR,pending
CUST-001680,Giuditta,Audres,Giuditta Audres,giudittaaudres@gmail.com,524950,INR,active
CUST-001681,Eugine,Anett,Eugine Anett,eugineanett@gmail.com,890830,INR,recovered
CUST-001682,Jacintha,Abramson,Jacintha Abramson,jacinthaabramson@gmail.com,181280,INR,recovered
CUST-001683,Amie,Arda,Amie Arda,amiearda@gmail.com,911940,INR,recovered
CUST-001684,Jeanette,Apps,Jeanette Apps,jeanetteapps@gmail.com,391220,INR,in_progress
CUST-001685,Ethelin,Bertsche,Ethelin Bertsche,ethelinbertsche@gmail.com,809740,INR,active
CUST-001686,Celestina,Annecorinne,Celestina Annecorinne,celestinaannecorinne@gmail.com,638060,INR,pending
CUST-001687,Cacilie,Bette,Cacilie Bette,caciliebette@gmail.com,998830,INR,overdue
CUST-001688,Dolorita,Adamis,Dolorita Adamis,doloritaadamis@gmail.com,73270,INR,overdue
CUST-001689,Amelita,Alissa,Amelita Alissa,amelitaalissa@gmail.com,625120,INR,in_progress
CUST-001690,Cherrita,Bently,Cherrita Bently,cherritabently@gmail.com,275890,INR,active
CUST-001691,Carmela,Billat,Carmela Billat,carmelabillat@gmail.com,358950,INR,active
CUST-001692,Augusta,Angus,Augusta Angus,augustaangus@gmail.com,794700,INR,overdue
CUST-001693,Ag,Abby,Ag Abby,agabby@gmail.com,587650,INR,overdue
CUST-001694,Dionis,Andrews,Dionis Andrews,dionisandrews@gmail.com,464090,INR,overdue
CUST-001695,Devonna,Alwyn,Devonna Alwyn,devonnaalwyn@gmail.com,544980,INR,overdue
CUST-001696,Charlene,Abigael,Charlene Abigael,charleneabigael@gmail.com,934560,INR,pending
CUST-001697,Giralda,Aramenta,Giralda Aramenta,giraldaaramenta@gmail.com,268700,INR,pending
CUST-001698,Gert,Ashford,Gert Ashford,gertashford@gmail.com,550080,INR,recovered
CUST-001699,Alvinia,Adamo,Alvinia Adamo,alviniaadamo@gmail.com,741470,INR,pending
CUST-001700,Christal,Amund,Christal Amund,christalamund@gmail.com,98120,INR,overdue
CUST-001701,Gnni,Archibold,Gnni Archibold,gnniarchibold@gmail.com,88460,INR,recovered
CUST-001702,Isabella,Beckman,Isabella Beckman,isabellabeckman@gmail.com,428070,INR,overdue
CUST-001703,Ernaline,Bever,Ernaline Bever,ernalinebever@gmail.com,723280,INR,overdue
CUST-001704,Candi,Atkins,Candi Atkins,candiatkins@gmail.com,926930,INR,overdue
CUST-001705,Arlee,Anestassia,Arlee Anestassia,arleeanestassia@gmail.com,463290,INR,overdue
CUST-001706,Ardelle,Baumann,Ardelle Baumann,ardellebaumann@gmail.com,658920,INR,recovered
CUST-001707,Bren,Adin,Bren Adin,brenadin@gmail.com,577800,INR,pending
CUST-001708,Analiese,Barrett,Analiese Barrett,analiesebarrett@gmail.com,31730,INR,in_progress
CUST-001709,Flossy,Aliber,Flossy Aliber,flossyaliber@gmail.com,325120,INR,recovered
CUST-001710,Amye,Amii,Amye Amii,amyeamii@gmail.com,765170,INR,active
CUST-001711,Ailsun,Agnesse,Ailsun Agnesse,ailsunagnesse@gmail.com,839420,INR,pending
CUST-001712,Prisha,Balduin,Prisha Balduin,prishabalduin@gmail.com,523620,INR,active
CUST-001713,Isidora,Algie,Isidora Algie,isidoraalgie@gmail.com,332850,INR,pending
CUST-001714,Dell,Atlante,Dell Atlante,dellatlante@gmail.com,301780,INR,recovered
CUST-001715,Flossy,Bacchus,Flossy Bacchus,flossybacchus@gmail.com,566680,INR,pending
CUST-001716,Audre,Adalheid,Audre Adalheid,audreadalheid@gmail.com,205640,INR,in_progress
CUST-001717,Almira,Alexa,Almira Alexa,almiraalexa@gmail.com,628200,INR,pending
CUST-001718,Isidora,Aldas,Isidora Aldas,isidoraaldas@gmail.com,681780,INR,overdue
CUST-001719,Fanchette,Arvie,Fanchette Arvie,fanchettearvie@gmail.com,80270,INR,overdue
CUST-001720,Anthea,Adamski,Anthea Adamski,antheaadamski@gmail.com,396490,INR,recovered
CUST-001721,Eartha,Audette,Eartha Audette,earthaaudette@gmail.com,301060,INR,in_progress
CUST-001722,Sai,Andras,Sai Andras,saiandras@gmail.com,528700,INR,in_progress
CUST-001723,Birgitta,Birkner,Birgitta Birkner,birgittabirkner@gmail.com,373940,INR,recovered
CUST-001724,Alie,Attlee,Alie Attlee,alieattlee@gmail.com,504360,INR,active
CUST-001725,Charil,Bivins,Charil Bivins,charilbivins@gmail.com,145840,INR,pending
CUST-001726,Auria,Bathsheb,Auria Bathsheb,auriabathsheb@gmail.com,281000,INR,overdue
CUST-001727,Rahul,Abba,Rahul Abba,rahulabba@gmail.com,243550,INR,active
CUST-001728,Hertha,Arhna,Hertha Arhna,herthaarhna@gmail.com,687030,INR,active
CUST-001729,Ainsley,Beckerman,Ainsley Beckerman,ainsleybeckerman@gmail.com,103810,INR,in_progress
CUST-001730,Fan,Akim,Fan Akim,fanakim@gmail.com,622610,INR,pending
CUST-001731,Alisha,Arlee,Alisha Arlee,alishaarlee@gmail.com,383710,INR,recovered
CUST-001732,Guglielma,Aldredge,Guglielma Aldredge,guglielmaaldredge@gmail.com,777510,INR,active
CUST-001733,Cacilie,Amaris,Cacilie Amaris,cacilieamaris@gmail.com,877110,INR,active
CUST-001734,Berny,Bang,Berny Bang,bernybang@gmail.com,57040,INR,recovered
CUST-001735,Corina,Ackley,Corina Ackley,corinaackley@gmail.com,282280,INR,overdue
CUST-001736,Ailis,Afra,Ailis Afra,ailisafra@gmail.com,93210,INR,overdue
CUST-001737,Cloris,Roy,Cloris Roy,clorisroy@gmail.com,446050,INR,in_progress
CUST-001738,Ariela,Bank,Ariela Bank,arielabank@gmail.com,685930,INR,overdue
CUST-001739,Brigit,Base,Brigit Base,brigitbase@gmail.com,55940,INR,overdue
CUST-001740,Almire,Attenborough,Almire Attenborough,almireattenborough@gmail.com,312920,INR,active
CUST-001741,Clerissa,Arabel,Clerissa Arabel,clerissaarabel@gmail.com,998290,INR,in_progress
CUST-001742,Didi,Aeniah,Didi Aeniah,didiaeniah@gmail.com,535160,INR,in_progress
CUST-001743,Elena,Bennet,Elena Bennet,elenabennet@gmail.com,12300,INR,recovered
CUST-001744,Jammie,Almond,Jammie Almond,jammiealmond@gmail.com,745520,INR,recovered
CUST-001745,Cori,Armando,Cori Armando,coriarmando@gmail.com,501040,INR,active
CUST-001746,Corie,Bazluke,Corie Bazluke,coriebazluke@gmail.com,617520,INR,overdue
CUST-001747,Helyn,Amberly,Helyn Amberly,helynamberly@gmail.com,262160,INR,in_progress
CUST-001748,Dyan,Avi,Dyan Avi,dyanavi@gmail.com,640480,INR,in_progress
CUST-001749,Ertha,Aiello,Ertha Aiello,erthaaiello@gmail.com,45850,INR,recovered
CUST-001750,Gertrude,Beatriz,Gertrude Beatriz,gertrudebeatriz@gmail.com,987090,INR,pending
CUST-001751,Eolanda,Benedict,Eolanda Benedict,eolandabenedict@gmail.com,469290,INR,pending
CUST-001752,Inger,Adama,Inger Adama,ingeradama@gmail.com,940300,INR,pending
CUST-001753,Danica,Astra,Danica Astra,danicaastra@gmail.com,236440,INR,recovered
CUST-001754,Chrissy,Bella,Chrissy Bella,chrissybella@gmail.com,231650,INR,in_progress
CUST-001755,Edita,Ardin,Edita Ardin,editaardin@gmail.com,804320,INR,in_progress
CUST-001756,Andromache,Angelis,Andromache Angelis,andromacheangelis@gmail.com,685480,INR,pending
CUST-001757,Daisie,Blain,Daisie Blain,daisieblain@gmail.com,974750,INR,in_progress
CUST-001758,Corilla,Auvil,Corilla Auvil,corillaauvil@gmail.com,107030,INR,pending
CUST-001759,Cybill,Adlar,Cybill Adlar,cybilladlar@gmail.com,598410,INR,active
CUST-001760,Abbey,Berey,Abbey Berey,abbeyberey@gmail.com,879880,INR,overdue
CUST-001761,Andy,Bettencourt,Andy Bettencourt,andybettencourt@gmail.com,917220,INR,recovered
CUST-001762,Hattie,Basile,Hattie Basile,hattiebasile@gmail.com,450980,INR,pending
CUST-001763,Felice,Sinha,Felice Sinha,felicesinha@gmail.com,616050,INR,active
CUST-001764,Emmy,Aschim,Emmy Aschim,emmyaschim@gmail.com,425870,INR,overdue
CUST-001765,Brittney,Betthezel,Brittney Betthezel,brittneybetthezel@gmail.com,801390,INR,in_progress
CUST-001766,Greta,Bayer,Greta Bayer,gretabayer@gmail.com,316210,INR,overdue
CUST-001767,Aurea,Alatea,Aurea Alatea,aureaalatea@gmail.com,702100,INR,active
CUST-001768,Antonie,Bamford,Antonie Bamford,antoniebamford@gmail.com,676050,INR,in_progress
CUST-001769,Helyn,Aldridge,Helyn Aldridge,helynaldridge@gmail.com,636840,INR,overdue
CUST-001770,Andie,Arlee,Andie Arlee,andiearlee@gmail.com,94370,INR,in_progress
CUST-001771,Crissie,Bender,Crissie Bender,crissiebender@gmail.com,104620,INR,recovered
CUST-001772,Arabella,Arnulfo,Arabella Arnulfo,arabellaarnulfo@gmail.com,394280,INR,overdue
CUST-001773,Janeva,Baggott,Janeva Baggott,janevabaggott@gmail.com,157480,INR,in_progress
CUST-001774,Dedie,Alfonzo,Dedie Alfonzo,dediealfonzo@gmail.com,306770,INR,recovered
CUST-001775,Eartha,Baiss,Eartha Baiss,earthabaiss@gmail.com,728920,INR,in_progress
CUST-001776,Crista,Verma,Crista Verma,cristaverma@gmail.com,105550,INR,in_progress
CUST-001777,Bonny,Ancel,Bonny Ancel,bonnyancel@gmail.com,741240,INR,in_progress
CUST-001778,Dorry,Bing,Dorry Bing,dorrybing@gmail.com,382760,INR,in_progress
CUST-001779,Andriette,Bianca,Andriette Bianca,andriettebianca@gmail.com,927620,INR,recovered
CUST-001780,Elvera,Bettencourt,Elvera Bettencourt,elverabettencourt@gmail.com,587520,INR,in_progress
CUST-001781,Corella,Aubrey,Corella Aubrey,corellaaubrey@gmail.com,100470,INR,overdue
CUST-001782,Ardisj,Belsky,Ardisj Belsky,ardisjbelsky@gmail.com,663660,INR,recovered
CUST-001783,Heidie,Avaria,Heidie Avaria,heidieavaria@gmail.com,214420,INR,overdue
CUST-001784,Cicely,Bedelia,Cicely Bedelia,cicelybedelia@gmail.com,806540,INR,in_progress
CUST-001785,Jacinta,Alyda,Jacinta Alyda,jacintaalyda@gmail.com,47520,INR,active
CUST-001786,Dido,Barnard,Dido Barnard,didobarnard@gmail.com,267080,INR,pending
CUST-001787,Shalini,Albert,Shalini Albert,shalinialbert@gmail.com,410590,INR,in_progress
CUST-001788,Fan,Bern,Fan Bern,fanbern@gmail.com,401530,INR,in_progress
CUST-001789,Hyacinthia,Barayon,Hyacinthia Barayon,hyacinthiabarayon@gmail.com,710080,INR,recovered
CUST-001790,Fionnula,Acquah,Fionnula Acquah,fionnulaacquah@gmail.com,748710,INR,in_progress
CUST-001791,Agata,Biegel,Agata Biegel,agatabiegel@gmail.com,76340,INR,in_progress
CUST-001792,Ellissa,Arlette,Ellissa Arlette,ellissaarlette@gmail.com,880430,INR,recovered
CUST-001793,Agretha,Ali,Agretha Ali,agrethaali@gmail.com,51250,INR,active
CUST-001794,Babs,Adhern,Babs Adhern,babsadhern@gmail.com,571590,INR,pending
CUST-001795,Brinn,Auberon,Brinn Auberon,brinnauberon@gmail.com,271960,INR,in_progress
CUST-001796,Evy,Mittal,Evy Mittal,evymittal@gmail.com,693240,INR,active
CUST-001797,Aditi,Bathelda,Aditi Bathelda,aditibathelda@gmail.com,205770,INR,overdue
CUST-001798,Elfreda,Adelind,Elfreda Adelind,elfredaadelind@gmail.com,800400,INR,overdue
CUST-001799,Charla,Alvin,Charla Alvin,charlaalvin@gmail.com,510680,INR,active
CUST-001800,Amalia,Adalia,Amalia Adalia,amaliaadalia@gmail.com,528230,INR,overdue
CUST-001801,Blaire,Biddy,Blaire Biddy,blairebiddy@gmail.com,535140,INR,in_progress
CUST-001802,Carlie,Bigler,Carlie Bigler,carliebigler@gmail.com,875920,INR,recovered
CUST-001803,Beverley,Bernard,Beverley Bernard,beverleybernard@gmail.com,822850,INR,recovered
CUST-001804,Fanchette,Averir,Fanchette Averir,fanchetteaverir@gmail.com,564470,INR,overdue
CUST-001805,Cyndie,Augusta,Cyndie Augusta,cyndieaugusta@gmail.com,597980,INR,active
CUST-001806,Danice,Singh,Danice Singh,danicesingh@gmail.com,583850,INR,in_progress
CUST-001807,Benoite,Berkley,Benoite Berkley,benoiteberkley@gmail.com,112170,INR,active
CUST-001808,Austina,Atwater,Austina Atwater,austinaatwater@gmail.com,53530,INR,in_progress
CUST-001809,Daron,Badr,Daron Badr,daronbadr@gmail.com,950360,INR,recovered
CUST-001810,Damita,Barolet,Damita Barolet,damitabarolet@gmail.com,409820,INR,recovered
CUST-001811,Heidi,Annnora,Heidi Annnora,heidiannnora@gmail.com,296170,INR,overdue
CUST-001812,Ginelle,Analiese,Ginelle Analiese,ginelleanaliese@gmail.com,982690,INR,pending
CUST-001813,Dacy,Armalla,Dacy Armalla,dacyarmalla@gmail.com,129490,INR,in_progress
CUST-001814,Amandi,Abbotsun,Amandi Abbotsun,amandiabbotsun@gmail.com,550320,INR,pending
CUST-001815,Agnes,Arquit,Agnes Arquit,agnesarquit@gmail.com,269580,INR,in_progress
CUST-001816,Dotti,Aldin,Dotti Aldin,dottialdin@gmail.com,186720,INR,overdue
CUST-001817,Collen,Anita,Collen Anita,collenanita@gmail.com,73450,INR,overdue
CUST-001818,Chicky,Atwater,Chicky Atwater,chickyatwater@gmail.com,290330,INR,recovered
CUST-001819,Emalia,Bjorn,Emalia Bjorn,emaliabjorn@gmail.com,397440,INR,overdue
CUST-001820,Atlante,Anniken,Atlante Anniken,atlanteanniken@gmail.com,572320,INR,recovered
CUST-001821,Fionnula,Anatola,Fionnula Anatola,fionnulaanatola@gmail.com,537660,INR,recovered
CUST-001822,Atlante,Abell,Atlante Abell,atlanteabell@gmail.com,919660,INR,active
CUST-001823,Cherianne,Bobseine,Cherianne Bobseine,cheriannebobseine@gmail.com,325450,INR,in_progress
CUST-001824,Brigit,Aires,Brigit Aires,brigitaires@gmail.com,820290,INR,pending
CUST-001825,Enrichetta,Boffa,Enrichetta Boffa,enrichettaboffa@gmail.com,711670,INR,in_progress
CUST-001826,Chelsea,Baskett,Chelsea Baskett,chelseabaskett@gmail.com,449230,INR,recovered
CUST-001827,Adrienne,Balbur,Adrienne Balbur,adriennebalbur@gmail.com,880840,INR,in_progress
CUST-001828,Cornelle,Aurea,Cornelle Aurea,cornelleaurea@gmail.com,886020,INR,active
CUST-001829,Anthia,Aldo,Anthia Aldo,anthiaaldo@gmail.com,906480,INR,pending
CUST-001830,Brittany,Beasley,Brittany Beasley,brittanybeasley@gmail.com,188960,INR,in_progress
CUST-001831,Edithe,Bergeman,Edithe Bergeman,edithebergeman@gmail.com,318040,INR,recovered
CUST-001832,Hally,Alrich,Hally Alrich,hallyalrich@gmail.com,276950,INR,active
CUST-001833,Carla,Benoit,Carla Benoit,carlabenoit@gmail.com,641460,INR,pending
CUST-001834,Inessa,Bodwell,Inessa Bodwell,inessabodwell@gmail.com,373840,INR,active
CUST-001835,Cody,Antoinette,Cody Antoinette,codyantoinette@gmail.com,321030,INR,pending
CUST-001836,Audi,Arte,Audi Arte,audiarte@gmail.com,836650,INR,active
CUST-001837,Debbi,Alfi,Debbi Alfi,debbialfi@gmail.com,486720,INR,overdue
CUST-001838,Angele,Billmyre,Angele Billmyre,angelebillmyre@gmail.com,790840,INR,in_progress
CUST-001839,Avie,Adalie,Avie Adalie,avieadalie@gmail.com,758130,INR,pending
CUST-001840,Cherise,Anestassia,Cherise Anestassia,cheriseanestassia@gmail.com,135940,INR,pending
CUST-001841,Celesta,Bannerman,Celesta Bannerman,celestabannerman@gmail.com,587910,INR,in_progress
CUST-001842,Aeriell,Acherman,Aeriell Acherman,aeriellacherman@gmail.com,835500,INR,active
CUST-001843,Ariela,Agarwal,Ariela Agarwal,arielaagarwal@gmail.com,776090,INR,active
CUST-001844,Celina,Ambrosius,Celina Ambrosius,celinaambrosius@gmail.com,536660,INR,active
CUST-001845,Harriett,Amalee,Harriett Amalee,harriettamalee@gmail.com,887600,INR,overdue
CUST-001846,Bernadette,Baird,Bernadette Baird,bernadettebaird@gmail.com,632010,INR,in_progress
CUST-001847,Hyacinthia,Appleton,Hyacinthia Appleton,hyacinthiaappleton@gmail.com,797460,INR,active
CUST-001848,Ettie,Bartolome,Ettie Bartolome,ettiebartolome@gmail.com,576010,INR,in_progress
CUST-001849,Coraline,Belen,Coraline Belen,coralinebelen@gmail.com,109640,INR,pending
CUST-001850,Else,Ardra,Else Ardra,elseardra@gmail.com,69580,INR,in_progress
CUST-001851,Cairistiona,Adelbert,Cairistiona Adelbert,cairistionaadelbert@gmail.com,106820,INR,active
CUST-001852,Antoinette,Amann,Antoinette Amann,antoinetteamann@gmail.com,977670,INR,recovered
CUST-001853,Ellyn,Pathak,Ellyn Pathak,ellynpathak@gmail.com,721750,INR,pending
CUST-001854,Gabie,Algernon,Gabie Algernon,gabiealgernon@gmail.com,189240,INR,overdue
CUST-001855,Elvira,Bertelli,Elvira Bertelli,elvirabertelli@gmail.com,299690,INR,pending
CUST-001856,Debby,Ashmead,Debby Ashmead,debbyashmead@gmail.com,251550,INR,in_progress
CUST-001857,Constance,Blinnie,Constance Blinnie,constanceblinnie@gmail.com,430710,INR,overdue
CUST-001858,Eugenie,Arnold,Eugenie Arnold,eugeniearnold@gmail.com,467520,INR,in_progress
CUST-001859,Benita,Bobbye,Benita Bobbye,benitabobbye@gmail.com,936140,INR,pending
CUST-001860,Britteny,Ardis,Britteny Ardis,brittenyardis@gmail.com,242370,INR,in_progress
CUST-001861,Florence,Aholla,Florence Aholla,florenceaholla@gmail.com,396620,INR,overdue
CUST-001862,Bobbie,Adamsun,Bobbie Adamsun,bobbieadamsun@gmail.com,423390,INR,in_progress
CUST-001863,Vaidehi,Adriane,Vaidehi Adriane,vaidehiadriane@gmail.com,455180,INR,in_progress
CUST-001864,Bianca,Aron,Bianca Aron,biancaaron@gmail.com,623670,INR,active
CUST-001865,Emmy,Adriaens,Emmy Adriaens,emmyadriaens@gmail.com,486170,INR,in_progress
CUST-001866,Amitie,Antonio,Amitie Antonio,amitieantonio@gmail.com,54400,INR,overdue
CUST-001867,Corina,Anny,Corina Anny,corinaanny@gmail.com,665930,INR,in_progress
CUST-001868,Dannie,Bara,Dannie Bara,danniebara@gmail.com,118600,INR,recovered
CUST-001869,Francene,Annecorinne,Francene Annecorinne,franceneannecorinne@gmail.com,209630,INR,pending
CUST-001870,Adelind,Adaha,Adelind Adaha,adelindadaha@gmail.com,334750,INR,pending
CUST-001871,Janifer,Bausch,Janifer Bausch,janiferbausch@gmail.com,129590,INR,in_progress
CUST-001872,Alameda,Allister,Alameda Allister,alamedaallister@gmail.com,230930,INR,overdue
CUST-001873,Arlie,Apollus,Arlie Apollus,arlieapollus@gmail.com,812320,INR,in_progress
CUST-001874,Bettye,Akela,Bettye Akela,bettyeakela@gmail.com,528960,INR,pending
CUST-001875,Babb,Blackman,Babb Blackman,babbblackman@gmail.com,741220,INR,active
CUST-001876,Jacklyn,Alderman,Jacklyn Alderman,jacklynalderman@gmail.com,443310,INR,pending
CUST-001877,Eachelle,Boar,Eachelle Boar,eachelleboar@gmail.com,961700,INR,in_progress
CUST-001878,Florie,Benisch,Florie Benisch,floriebenisch@gmail.com,311190,INR,recovered
CUST-001879,Evie,Blasius,Evie Blasius,evieblasius@gmail.com,133140,INR,recovered
CUST-001880,Daisi,Amye,Daisi Amye,daisiamye@gmail.com,692590,INR,recovered
CUST-001881,Elle,Bergh,Elle Bergh,ellebergh@gmail.com,282320,INR,pending
CUST-001882,Aubry,Amice,Aubry Amice,aubryamice@gmail.com,434070,INR,recovered
CUST-001883,Bee,Bertrand,Bee Bertrand,beebertrand@gmail.com,512260,INR,in_progress
CUST-001884,Aubree,Ackley,Aubree Ackley,aubreeackley@gmail.com,283760,INR,recovered
CUST-001885,Dodie,Barna,Dodie Barna,dodiebarna@gmail.com,391130,INR,pending
CUST-001886,Jenine,Anissa,Jenine Anissa,jenineanissa@gmail.com,373330,INR,pending
CUST-001887,Aura,Almira,Aura Almira,auraalmira@gmail.com,569180,INR,pending
CUST-001888,Claudie,Anatole,Claudie Anatole,claudieanatole@gmail.com,101650,INR,in_progress
CUST-001889,Myra,Bannerman,Myra Bannerman,myrabannerman@gmail.com,241400,INR,overdue
CUST-001890,Cory,Abdulla,Cory Abdulla,coryabdulla@gmail.com,20590,INR,overdue
CUST-001891,Aggy,Andres,Aggy Andres,aggyandres@gmail.com,991050,INR,overdue
CUST-001892,Eleni,Allin,Eleni Allin,eleniallin@gmail.com,859760,INR,overdue
CUST-001893,Bunni,Arber,Bunni Arber,bunniarber@gmail.com,510680,INR,in_progress
CUST-001894,Eilis,Adey,Eilis Adey,eilisadey@gmail.com,472430,INR,overdue
CUST-001895,Dulciana,Allmon,Dulciana Allmon,dulcianaallmon@gmail.com,350350,INR,recovered
CUST-001896,Cookie,Aviv,Cookie Aviv,cookieaviv@gmail.com,933260,INR,pending
CUST-001897,Alameda,Alba,Alameda Alba,alamedaalba@gmail.com,979380,INR,pending
CUST-001898,Angelica,Antonie,Angelica Antonie,angelicaantonie@gmail.com,981250,INR,active
CUST-001899,Chrysa,Aramenta,Chrysa Aramenta,chrysaaramenta@gmail.com,944510,INR,pending
CUST-001900,Alane,Barvick,Alane Barvick,alanebarvick@gmail.com,511900,INR,recovered
CUST-001901,Crissie,Ami,Crissie Ami,crissieami@gmail.com,769680,INR,pending
CUST-001902,Hildegarde,Benjamen,Hildegarde Benjamen,hildegardebenjamen@gmail.com,452870,INR,active
CUST-001903,Annabelle,Alyse,Annabelle Alyse,annabellealyse@gmail.com,146930,INR,in_progress
CUST-001904,Janine,Alain,Janine Alain,janinealain@gmail.com,993970,INR,recovered
CUST-001905,Agretha,Alpheus,Agretha Alpheus,agrethaalpheus@gmail.com,835550,INR,pending
CUST-001906,Allys,Anjali,Allys Anjali,allysanjali@gmail.com,155690,INR,recovered
CUST-001907,Dulsea,Andromada,Dulsea Andromada,dulseaandromada@gmail.com,493140,INR,recovered
CUST-001908,Harriet,Adiell,Harriet Adiell,harrietadiell@gmail.com,938430,INR,pending
CUST-001909,Auberta,Amoreta,Auberta Amoreta,aubertaamoreta@gmail.com,279510,INR,pending
CUST-001910,Brett,Patil,Brett Patil,brettpatil@gmail.com,554670,INR,in_progress
CUST-001911,Arabela,Berg,Arabela Berg,arabelaberg@gmail.com,604190,INR,recovered
CUST-001912,Cherise,Bannasch,Cherise Bannasch,cherisebannasch@gmail.com,594930,INR,in_progress
CUST-001913,Andromache,Berlauda,Andromache Berlauda,andromacheberlauda@gmail.com,552780,INR,active
CUST-001914,Brigit,Adaiha,Brigit Adaiha,brigitadaiha@gmail.com,880350,INR,pending
CUST-001915,Elke,Armillia,Elke Armillia,elkearmillia@gmail.com,768510,INR,in_progress
CUST-001916,Glen,Aila,Glen Aila,glenaila@gmail.com,758130,INR,active
CUST-001917,Cammy,Adrienne,Cammy Adrienne,cammyadrienne@gmail.com,222810,INR,recovered
CUST-001918,Babara,Abdel,Babara Abdel,babaraabdel@gmail.com,912010,INR,pending
CUST-001919,Florence,Amelina,Florence Amelina,florenceamelina@gmail.com,613040,INR,active
CUST-001920,Candide,Beulah,Candide Beulah,candidebeulah@gmail.com,590440,INR,in_progress
CUST-001921,Anastassia,Berardo,Anastassia Berardo,anastassiaberardo@gmail.com,165550,INR,active
CUST-001922,Annadiane,Bartholemy,Annadiane Bartholemy,annadianebartholemy@gmail.com,286470,INR,in_progress
CUST-001923,Gaurav,Akel,Gaurav Akel,gauravakel@gmail.com,61970,INR,pending
CUST-001924,Carlynn,Amaryllis,Carlynn Amaryllis,carlynnamaryllis@gmail.com,196990,INR,recovered
CUST-001925,Dorri,Armand,Dorri Armand,dorriarmand@gmail.com,110950,INR,overdue
CUST-001926,Annalee,Azarria,Annalee Azarria,annaleeazarria@gmail.com,216910,INR,active
CUST-001927,Glynis,Abey,Glynis Abey,glynisabey@gmail.com,797600,INR,overdue
CUST-001928,Aura,Abad,Aura Abad,auraabad@gmail.com,378850,INR,recovered
CUST-001929,Carmelina,Bloch,Carmelina Bloch,carmelinabloch@gmail.com,538010,INR,in_progress
CUST-001930,Eula,Arianie,Eula Arianie,eulaarianie@gmail.com,998020,INR,pending
CUST-001931,Agnella,Ajit,Agnella Ajit,agnellaajit@gmail.com,911090,INR,pending
CUST-001932,Bessy,Arezzini,Bessy Arezzini,bessyarezzini@gmail.com,956160,INR,pending
CUST-001933,Elset,Argyres,Elset Argyres,elsetargyres@gmail.com,692030,INR,recovered
CUST-001934,Amy,Berti,Amy Berti,amyberti@gmail.com,777190,INR,overdue
CUST-001935,Cleopatra,Benson,Cleopatra Benson,cleopatrabenson@gmail.com,573960,INR,recovered
CUST-001936,Hillary,Abe,Hillary Abe,hillaryabe@gmail.com,879440,INR,overdue
CUST-001937,Isabelita,Bern,Isabelita Bern,isabelitabern@gmail.com,896460,INR,recovered
CUST-001938,Rudra,Bathsheb,Rudra Bathsheb,rudrabathsheb@gmail.com,866120,INR,in_progress
CUST-001939,Bobbe,Bloxberg,Bobbe Bloxberg,bobbebloxberg@gmail.com,684190,INR,in_progress
CUST-001940,Crissie,Biebel,Crissie Biebel,crissiebiebel@gmail.com,650990,INR,overdue
CUST-001941,Aubrie,Aeniah,Aubrie Aeniah,aubrieaeniah@gmail.com,983670,INR,recovered
CUST-001942,Jacinthe,Benisch,Jacinthe Benisch,jacinthebenisch@gmail.com,805760,INR,pending
CUST-001943,Callie,Amalbena,Callie Amalbena,callieamalbena@gmail.com,675260,INR,in_progress
CUST-001944,Delores,Arin,Delores Arin,deloresarin@gmail.com,588960,INR,active
CUST-001945,Frayda,Barkley,Frayda Barkley,fraydabarkley@gmail.com,700300,INR,recovered
CUST-001946,Annaliese,Abate,Annaliese Abate,annalieseabate@gmail.com,168890,INR,in_progress
CUST-001947,Becki,Berlyn,Becki Berlyn,beckiberlyn@gmail.com,737370,INR,pending
CUST-001948,Anthea,Arette,Anthea Arette,antheaarette@gmail.com,842240,INR,pending
CUST-001949,Cassandre,Apicella,Cassandre Apicella,cassandreapicella@gmail.com,110560,INR,in_progress
CUST-001950,Gladi,Alathia,Gladi Alathia,gladialathia@gmail.com,972170,INR,in_progress
CUST-001951,Genovera,Bathesda,Genovera Bathesda,genoverabathesda@gmail.com,732180,INR,recovered
CUST-001952,Davida,Agrippina,Davida Agrippina,davidaagrippina@gmail.com,55350,INR,pending
CUST-001953,Clareta,Almire,Clareta Almire,claretaalmire@gmail.com,431760,INR,overdue
CUST-001954,Dode,Anneliese,Dode Anneliese,dodeanneliese@gmail.com,266260,INR,in_progress
CUST-001955,Daffi,Bacchus,Daffi Bacchus,daffibacchus@gmail.com,786700,INR,active
CUST-001956,Janot,Akerley,Janot Akerley,janotakerley@gmail.com,393570,INR,overdue
CUST-001957,Andrei,Banna,Andrei Banna,andreibanna@gmail.com,499950,INR,in_progress
CUST-001958,Auguste,Bilek,Auguste Bilek,augustebilek@gmail.com,757090,INR,active
CUST-001959,Aprilette,Aronoff,Aprilette Aronoff,aprilettearonoff@gmail.com,53580,INR,in_progress
CUST-001960,Ania,Armillia,Ania Armillia,aniaarmillia@gmail.com,355360,INR,active
CUST-001961,Avivah,Andersen,Avivah Andersen,avivahandersen@gmail.com,19580,INR,overdue
CUST-001962,Grazia,Aenea,Grazia Aenea,graziaaenea@gmail.com,875700,INR,in_progress
CUST-001963,Ebony,Adelaide,Ebony Adelaide,ebonyadelaide@gmail.com,89430,INR,active
CUST-001964,Becki,Alveta,Becki Alveta,beckialveta@gmail.com,63000,INR,recovered
CUST-001965,Aarav,Annmarie,Aarav Annmarie,aaravannmarie@gmail.com,197270,INR,pending
CUST-001966,Bibbie,Ainslie,Bibbie Ainslie,bibbieainslie@gmail.com,729570,INR,overdue
CUST-001967,Constantina,Bain,Constantina Bain,constantinabain@gmail.com,398820,INR,recovered
CUST-001968,Beilul,Benji,Beilul Benji,beilulbenji@gmail.com,382020,INR,active
CUST-001969,Fern,Adine,Fern Adine,fernadine@gmail.com,796710,INR,in_progress
CUST-001970,Chrissy,Blain,Chrissy Blain,chrissyblain@gmail.com,264030,INR,overdue
CUST-001971,Dorolisa,Aisha,Dorolisa Aisha,dorolisaaisha@gmail.com,36120,INR,in_progress
CUST-001972,Frances,Ark,Frances Ark,francesark@gmail.com,147560,INR,recovered
CUST-001973,Bebe,Beal,Bebe Beal,bebebeal@gmail.com,838080,INR,recovered
CUST-001974,Hortense,Barram,Hortense Barram,hortensebarram@gmail.com,596780,INR,active
CUST-001975,Carlynne,Ara,Carlynne Ara,carlynneara@gmail.com,46460,INR,pending
CUST-001976,Darla,Aiken,Darla Aiken,darlaaiken@gmail.com,763910,INR,in_progress
CUST-001977,Om,Bailar,Om Bailar,ombailar@gmail.com,316190,INR,in_progress
CUST-001978,Dix,Anissa,Dix Anissa,dixanissa@gmail.com,767790,INR,in_progress
CUST-001979,Jacquette,Alroy,Jacquette Alroy,jacquettealroy@gmail.com,73450,INR,in_progress
CUST-001980,Jannel,Absa,Jannel Absa,jannelabsa@gmail.com,677040,INR,pending
CUST-001981,Dione,Allyce,Dione Allyce,dioneallyce@gmail.com,440410,INR,recovered
CUST-001982,Fianna,Aeriel,Fianna Aeriel,fiannaaeriel@gmail.com,898610,INR,active
CUST-001983,Gypsy,Annalise,Gypsy Annalise,gypsyannalise@gmail.com,677500,INR,in_progress
CUST-001984,Crissie,Bezanson,Crissie Bezanson,crissiebezanson@gmail.com,340950,INR,overdue
CUST-001985,Bess,Adamik,Bess Adamik,bessadamik@gmail.com,215060,INR,pending
CUST-001986,Freda,Andriette,Freda Andriette,fredaandriette@gmail.com,9790,INR,pending
CUST-001987,Abhishek,Aleetha,Abhishek Aleetha,abhishekaleetha@gmail.com,30470,INR,active
CUST-001988,Godiva,Adrianna,Godiva Adrianna,godivaadrianna@gmail.com,499460,INR,active
CUST-001989,Eveleen,Abbotson,Eveleen Abbotson,eveleenabbotson@gmail.com,557750,INR,overdue
CUST-001990,Brandice,Athal,Brandice Athal,brandiceathal@gmail.com,302750,INR,in_progress
CUST-001991,Clotilda,Alano,Clotilda Alano,clotildaalano@gmail.com,649100,INR,in_progress
CUST-001992,Franni,Negi,Franni Negi,franninegi@gmail.com,208970,INR,recovered
CUST-001993,Georgette,Biernat,Georgette Biernat,georgettebiernat@gmail.com,215000,INR,pending
CUST-001994,Frankie,Audrey,Frankie Audrey,frankieaudrey@gmail.com,204690,INR,in_progress
CUST-001995,Chery,Amaleta,Chery Amaleta,cheryamaleta@gmail.com,269420,INR,overdue
CUST-001996,Concettina,Anastasio,Concettina Anastasio,concettinaanastasio@gmail.com,909650,INR,in_progress
CUST-001997,Colene,Ban,Colene Ban,coleneban@gmail.com,430850,INR,active
CUST-001998,Agatha,Chopra,Agatha Chopra,agathachopra@gmail.com,216980,INR,overdue
CUST-001999,Anvi,Adamsun,Anvi Adamsun,anviadamsun@gmail.com,275730,INR,pending
CUST-002000,Elisa,Baiel,Elisa Baiel,elisabaiel@gmail.com,737850,INR,overdue
CUST-002001,Feliza,Ackley,Feliza Ackley,felizaackley@gmail.com,151470,INR,recovered
CUST-002002,Dode,Ashlan,Dode Ashlan,dodeashlan@gmail.com,859910,INR,in_progress
CUST-002003,Anestassia,Azeria,Anestassia Azeria,anestassiaazeria@gmail.com,576090,INR,in_progress
CUST-002004,Emma,Birecree,Emma Birecree,emmabirecree@gmail.com,226710,INR,recovered
CUST-002005,Barrie,Adallard,Barrie Adallard,barrieadallard@gmail.com,189430,INR,recovered
CUST-002006,Ginnifer,Amara,Ginnifer Amara,ginniferamara@gmail.com,845850,INR,recovered
CUST-002007,Gabie,Bayer,Gabie Bayer,gabiebayer@gmail.com,364250,INR,recovered
CUST-002008,Janeczka,Ashford,Janeczka Ashford,janeczkaashford@gmail.com,937670,INR,active
CUST-002009,Hollie,Bagley,Hollie Bagley,holliebagley@gmail.com,779040,INR,pending
CUST-002010,Brear,Angelo,Brear Angelo,brearangelo@gmail.com,766730,INR,recovered
CUST-002011,Beth,Aronoff,Beth Aronoff,betharonoff@gmail.com,638800,INR,overdue
CUST-002012,Elayne,Barcot,Elayne Barcot,elaynebarcot@gmail.com,911060,INR,active
CUST-002013,Bliss,Baily,Bliss Baily,blissbaily@gmail.com,660400,INR,overdue
CUST-002014,Georgeta,Amarette,Georgeta Amarette,georgetaamarette@gmail.com,656140,INR,recovered
CUST-002015,Drona,Baseler,Drona Baseler,dronabaseler@gmail.com,653470,INR,overdue
CUST-002016,Gussie,Adamo,Gussie Adamo,gussieadamo@gmail.com,118350,INR,active
CUST-002017,Ilyse,Beatty,Ilyse Beatty,ilysebeatty@gmail.com,775990,INR,in_progress
CUST-002018,Elianora,Arv,Elianora Arv,elianoraarv@gmail.com,323910,INR,overdue
CUST-002019,Isobel,Adela,Isobel Adela,isobeladela@gmail.com,896440,INR,pending
CUST-002020,Gisella,Berky,Gisella Berky,gisellaberky@gmail.com,609110,INR,pending
CUST-002021,Eleonora,Arvonio,Eleonora Arvonio,eleonoraarvonio@gmail.com,70040,INR,in_progress
CUST-002022,Elinor,Ause,Elinor Ause,elinorause@gmail.com,471180,INR,recovered
CUST-002023,Eydie,Arlette,Eydie Arlette,eydiearlette@gmail.com,150800,INR,recovered
CUST-002024,Abbi,Alika,Abbi Alika,abbialika@gmail.com,372950,INR,pending
CUST-002025,Allyn,Anurag,Allyn Anurag,allynanurag@gmail.com,863990,INR,active
CUST-002026,Aditya,Agee,Aditya Agee,adityaagee@gmail.com,465940,INR,in_progress
CUST-002027,Eadith,Anita,Eadith Anita,eadithanita@gmail.com,168980,INR,recovered
CUST-002028,Frankie,Arney,Frankie Arney,frankiearney@gmail.com,267460,INR,pending
CUST-002029,Gertrud,Bajaj,Gertrud Bajaj,gertrudbajaj@gmail.com,165360,INR,pending
CUST-002030,Fernande,Berlauda,Fernande Berlauda,fernandeberlauda@gmail.com,478750,INR,in_progress
CUST-002031,Costanza,Alake,Costanza Alake,costanzaalake@gmail.com,194110,INR,in_progress
CUST-002032,Elisa,Armin,Elisa Armin,elisaarmin@gmail.com,735440,INR,active
CUST-002033,Gwenni,Bennett,Gwenni Bennett,gwennibennett@gmail.com,316710,INR,overdue
CUST-002034,Else,Alarise,Else Alarise,elsealarise@gmail.com,437890,INR,overdue
CUST-002035,Cloris,Aleda,Cloris Aleda,clorisaleda@gmail.com,24270,INR,active
CUST-002036,Carena,Anastasie,Carena Anastasie,carenaanastasie@gmail.com,991480,INR,in_progress
CUST-002037,Betsey,Becka,Betsey Becka,betseybecka@gmail.com,1560,INR,recovered
CUST-002038,Giustina,Amati,Giustina Amati,giustinaamati@gmail.com,581360,INR,pending
CUST-002039,Brittany,Arjun,Brittany Arjun,brittanyarjun@gmail.com,373500,INR,pending
CUST-002040,Aili,Beitnes,Aili Beitnes,ailibeitnes@gmail.com,601780,INR,overdue
CUST-002041,Cally,Berry,Cally Berry,callyberry@gmail.com,697250,INR,overdue
CUST-002042,Agatha,Alexei,Agatha Alexei,agathaalexei@gmail.com,287470,INR,active
CUST-002043,Allyson,Aldous,Allyson Aldous,allysonaldous@gmail.com,768170,INR,active
CUST-002044,Evelina,Ard,Evelina Ard,evelinaard@gmail.com,473910,INR,overdue
CUST-002045,Iormina,Biggs,Iormina Biggs,iorminabiggs@gmail.com,180680,INR,pending
CUST-002046,Grata,Blondelle,Grata Blondelle,gratablondelle@gmail.com,893210,INR,in_progress
CUST-002047,Abra,Amory,Abra Amory,abraamory@gmail.com,866110,INR,recovered
CUST-002048,Advik,Anderson,Advik Anderson,advikanderson@gmail.com,668220,INR,overdue
CUST-002049,Esme,Ashman,Esme Ashman,esmeashman@gmail.com,269990,INR,pending
CUST-002050,Carilyn,Alida,Carilyn Alida,carilynalida@gmail.com,287920,INR,active
CUST-002051,Barrie,Andrew,Barrie Andrew,barrieandrew@gmail.com,716970,INR,pending
CUST-002052,Jade,Adams,Jade Adams,jadeadams@gmail.com,785190,INR,in_progress
CUST-002053,Ashien,Nair,Ashien Nair,ashiennair@gmail.com,465900,INR,recovered
CUST-002054,Corrie,Barlow,Corrie Barlow,corriebarlow@gmail.com,585130,INR,overdue
CUST-002055,Andromache,Balbinder,Andromache Balbinder,andromachebalbinder@gmail.com,663060,INR,in_progress
CUST-002056,Ethelyn,Anatol,Ethelyn Anatol,ethelynanatol@gmail.com,234590,INR,active
CUST-002057,Claudette,Audy,Claudette Audy,claudetteaudy@gmail.com,598440,INR,overdue
CUST-002058,Dollie,Amargo,Dollie Amargo,dollieamargo@gmail.com,553440,INR,recovered
CUST-002059,Iona,Pandey,Iona Pandey,ionapandey@gmail.com,393490,INR,in_progress
CUST-002060,Brandais,Ash,Brandais Ash,brandaisash@gmail.com,16460,INR,overdue
CUST-002061,Collen,Adore,Collen Adore,collenadore@gmail.com,153060,INR,active
CUST-002062,Edithe,Athenian,Edithe Athenian,editheathenian@gmail.com,437120,INR,recovered
CUST-002063,Ella,Bickart,Ella Bickart,ellabickart@gmail.com,675110,INR,pending
CUST-002064,Evania,Ary,Evania Ary,evaniaary@gmail.com,806620,INR,in_progress
CUST-002065,Ardath,Alane,Ardath Alane,ardathalane@gmail.com,220970,INR,in_progress
CUST-002066,Ardis,Besnard,Ardis Besnard,ardisbesnard@gmail.com,315290,INR,pending
CUST-002067,Caril,Aphra,Caril Aphra,carilaphra@gmail.com,111450,INR,active
CUST-002068,Desiree,Bailar,Desiree Bailar,desireebailar@gmail.com,734550,INR,in_progress
CUST-002069,Arliene,Singhal,Arliene Singhal,arlienesinghal@gmail.com,636380,INR,pending
CUST-002070,Jelene,Altaf,Jelene Altaf,jelenealtaf@gmail.com,114650,INR,active
CUST-002071,Anestassia,Bashuk,Anestassia Bashuk,anestassiabashuk@gmail.com,381710,INR,active
CUST-002072,Donia,Birchard,Donia Birchard,doniabirchard@gmail.com,137240,INR,pending
CUST-002073,Divya,Andrew,Divya Andrew,divyaandrew@gmail.com,412450,INR,overdue
CUST-002074,Arlena,Barbour,Arlena Barbour,arlenabarbour@gmail.com,771350,INR,recovered
CUST-002075,Evvie,Amado,Evvie Amado,evvieamado@gmail.com,889740,INR,overdue
CUST-002076,Eada,Ambrosio,Eada Ambrosio,eadaambrosio@gmail.com,90660,INR,pending
CUST-002077,Betta,Ackerman,Betta Ackerman,bettaackerman@gmail.com,611220,INR,overdue
CUST-002078,Ansley,Abba,Ansley Abba,ansleyabba@gmail.com,230370,INR,in_progress
CUST-002079,Celeste,Airlie,Celeste Airlie,celesteairlie@gmail.com,109330,INR,in_progress
CUST-002080,Carmen,Agueda,Carmen Agueda,carmenagueda@gmail.com,706830,INR,recovered
CUST-002081,Gwenore,Annie,Gwenore Annie,gwenoreannie@gmail.com,459060,INR,in_progress
CUST-002082,Annamarie,Ado,Annamarie Ado,annamarieado@gmail.com,862280,INR,in_progress
CUST-002083,Jamie,Ainsley,Jamie Ainsley,jamieainsley@gmail.com,823480,INR,pending
CUST-002084,Fanchon,Alaine,Fanchon Alaine,fanchonalaine@gmail.com,163290,INR,pending
CUST-002085,Carin,Augy,Carin Augy,carinaugy@gmail.com,211360,INR,pending
CUST-002086,Gianna,Aurie,Gianna Aurie,giannaaurie@gmail.com,355110,INR,active
CUST-002087,Ingaberg,Bauske,Ingaberg Bauske,ingabergbauske@gmail.com,828920,INR,in_progress
CUST-002088,Fidelity,Amir,Fidelity Amir,fidelityamir@gmail.com,847590,INR,pending
CUST-002089,Jacquelin,Alarise,Jacquelin Alarise,jacquelinalarise@gmail.com,556150,INR,active
CUST-002090,Bernelle,Arabele,Bernelle Arabele,bernellearabele@gmail.com,88520,INR,in_progress
CUST-002091,Delora,Bakeman,Delora Bakeman,delorabakeman@gmail.com,766180,INR,in_progress
CUST-002092,Eilis,Aldrich,Eilis Aldrich,eilisaldrich@gmail.com,657370,INR,overdue
CUST-002093,Harriet,Bascio,Harriet Bascio,harrietbascio@gmail.com,114040,INR,in_progress
CUST-002094,Bella,Aslam,Bella Aslam,bellaaslam@gmail.com,240490,INR,in_progress
CUST-002095,Danita,Aylward,Danita Aylward,danitaaylward@gmail.com,19530,INR,overdue
CUST-002096,Adelheid,Allina,Adelheid Allina,adelheidallina@gmail.com,639660,INR,pending
CUST-002097,Goldarina,Alpers,Goldarina Alpers,goldarinaalpers@gmail.com,373140,INR,overdue
CUST-002098,Chery,Anglo,Chery Anglo,cheryanglo@gmail.com,275660,INR,pending
CUST-002099,Cassondra,Audrye,Cassondra Audrye,cassondraaudrye@gmail.com,968220,INR,overdue
CUST-002100,Hollie,Backler,Hollie Backler,holliebackler@gmail.com,148530,INR,active
CUST-002101,Arlene,Artima,Arlene Artima,arleneartima@gmail.com,726980,INR,active
CUST-002102,Gayla,Sandhu,Gayla Sandhu,gaylasandhu@gmail.com,994210,INR,pending
CUST-002103,Cassy,Armillda,Cassy Armillda,cassyarmillda@gmail.com,566890,INR,pending
CUST-002104,Jacquenette,Audwen,Jacquenette Audwen,jacquenetteaudwen@gmail.com,622860,INR,recovered
CUST-002105,Atalanta,Bernita,Atalanta Bernita,atalantabernita@gmail.com,218990,INR,recovered
CUST-002106,Dyanna,Bathilda,Dyanna Bathilda,dyannabathilda@gmail.com,513790,INR,recovered
CUST-002107,Carroll,Adon,Carroll Adon,carrolladon@gmail.com,995770,INR,overdue
CUST-002108,Celine,Baten,Celine Baten,celinebaten@gmail.com,51080,INR,active
CUST-002109,Gisella,Amye,Gisella Amye,gisellaamye@gmail.com,653190,INR,in_progress
CUST-002110,Fallon,Bagley,Fallon Bagley,fallonbagley@gmail.com,712030,INR,active
CUST-002111,Dora,Baillieu,Dora Baillieu,dorabaillieu@gmail.com,238390,INR,recovered
CUST-002112,Davida,Athalia,Davida Athalia,davidaathalia@gmail.com,566310,INR,active
CUST-002113,Chrysa,Bartko,Chrysa Bartko,chrysabartko@gmail.com,154660,INR,overdue
CUST-002114,Alameda,Atalie,Alameda Atalie,alamedaatalie@gmail.com,64280,INR,active
CUST-002115,Guinevere,Adham,Guinevere Adham,guinevereadham@gmail.com,706450,INR,pending
CUST-002116,Britteny,Boesch,Britteny Boesch,brittenyboesch@gmail.com,795060,INR,in_progress
CUST-002117,Cherey,Bearce,Cherey Bearce,chereybearce@gmail.com,286410,INR,in_progress
CUST-002118,Alison,Aniweta,Alison Aniweta,alisonaniweta@gmail.com,527630,INR,active
CUST-002119,Caitrin,Arden,Caitrin Arden,caitrinarden@gmail.com,701880,INR,pending
CUST-002120,Almeda,Baryram,Almeda Baryram,almedabaryram@gmail.com,962310,INR,pending
CUST-002121,Catlin,Alisen,Catlin Alisen,catlinalisen@gmail.com,804020,INR,pending
CUST-002122,Denny,Beedon,Denny Beedon,dennybeedon@gmail.com,11050,INR,in_progress
CUST-002123,Isabella,Alessandro,Isabella Alessandro,isabellaalessandro@gmail.com,670380,INR,recovered
CUST-002124,Dorothee,Aliber,Dorothee Aliber,dorotheealiber@gmail.com,517510,INR,in_progress
CUST-002125,Celeste,Annissa,Celeste Annissa,celesteannissa@gmail.com,42030,INR,overdue
CUST-002126,Charmion,Aland,Charmion Aland,charmionaland@gmail.com,401830,INR,overdue
CUST-002127,Brynna,Alethia,Brynna Alethia,brynnaalethia@gmail.com,508360,INR,recovered
CUST-002128,Gwenny,Ange,Gwenny Ange,gwennyange@gmail.com,474110,INR,active
CUST-002129,Ag,Ambrogio,Ag Ambrogio,agambrogio@gmail.com,133830,INR,active
CUST-002130,Janela,Ardyth,Janela Ardyth,janelaardyth@gmail.com,223430,INR,overdue
CUST-002131,Ashly,Backler,Ashly Backler,ashlybackler@gmail.com,317440,INR,pending
CUST-002132,Ines,Aldin,Ines Aldin,inesaldin@gmail.com,541620,INR,in_progress
CUST-002133,Gwenni,Aria,Gwenni Aria,gwenniaria@gmail.com,415880,INR,in_progress
CUST-002134,Analiese,Blanding,Analiese Blanding,analieseblanding@gmail.com,671630,INR,pending
CUST-002135,Fawnia,Bindman,Fawnia Bindman,fawniabindman@gmail.com,190600,INR,pending
CUST-002136,Imogene,Batory,Imogene Batory,imogenebatory@gmail.com,368090,INR,recovered
CUST-002137,Gus,Astrea,Gus Astrea,gusastrea@gmail.com,429270,INR,overdue
CUST-002138,Ardis,Artamas,Ardis Artamas,ardisartamas@gmail.com,5470,INR,pending
CUST-002139,Brit,Beulah,Brit Beulah,britbeulah@gmail.com,661260,INR,pending
CUST-002140,Angelle,Shetty,Angelle Shetty,angelleshetty@gmail.com,630320,INR,active
CUST-002141,Florencia,Bazluke,Florencia Bazluke,florenciabazluke@gmail.com,395740,INR,recovered
CUST-002142,Dorthy,Armilda,Dorthy Armilda,dorthyarmilda@gmail.com,660850,INR,overdue
CUST-002143,Fionna,Barrett,Fionna Barrett,fionnabarrett@gmail.com,719250,INR,active
CUST-002144,Gretta,Bayly,Gretta Bayly,grettabayly@gmail.com,349110,INR,in_progress
CUST-002145,Jean,Agueda,Jean Agueda,jeanagueda@gmail.com,584660,INR,overdue
CUST-002146,Deanne,Bibbye,Deanne Bibbye,deannebibbye@gmail.com,218380,INR,active
CUST-002147,Gus,Autumn,Gus Autumn,gusautumn@gmail.com,325580,INR,overdue
CUST-002148,Evangelin,Belldas,Evangelin Belldas,evangelinbelldas@gmail.com,824210,INR,in_progress
CUST-002149,Auberta,Alper,Auberta Alper,aubertaalper@gmail.com,493460,INR,recovered
CUST-002150,Fan,Abie,Fan Abie,fanabie@gmail.com,54600,INR,in_progress
CUST-002151,Dotti,Adah,Dotti Adah,dottiadah@gmail.com,524820,INR,overdue
CUST-002152,Jacklyn,Aker,Jacklyn Aker,jacklynaker@gmail.com,417780,INR,in_progress
CUST-002153,Anjanette,Bail,Anjanette Bail,anjanettebail@gmail.com,381720,INR,pending
CUST-002154,Darla,Archaimbaud,Darla Archaimbaud,darlaarchaimbaud@gmail.com,283610,INR,overdue
CUST-002155,Albertina,Abran,Albertina Abran,albertinaabran@gmail.com,591340,INR,in_progress
CUST-002156,Clovis,Beaufert,Clovis Beaufert,clovisbeaufert@gmail.com,983440,INR,in_progress
CUST-002157,Collette,Rao,Collette Rao,colletterao@gmail.com,772050,INR,overdue
CUST-002158,Carry,Akeyla,Carry Akeyla,carryakeyla@gmail.com,81970,INR,recovered
CUST-002159,Elisa,Beaulieu,Elisa Beaulieu,elisabeaulieu@gmail.com,509680,INR,in_progress
CUST-002160,Dena,Begga,Dena Begga,denabegga@gmail.com,576090,INR,recovered
CUST-002161,Elnora,Armin,Elnora Armin,elnoraarmin@gmail.com,254940,INR,overdue
CUST-002162,Arden,Dutta,Arden Dutta,ardendutta@gmail.com,93860,INR,pending
CUST-002163,Felice,Annunciata,Felice Annunciata,feliceannunciata@gmail.com,346440,INR,active
CUST-002164,Catrina,Bobbye,Catrina Bobbye,catrinabobbye@gmail.com,33420,INR,pending
CUST-002165,Felecia,Behn,Felecia Behn,feleciabehn@gmail.com,60740,INR,recovered
CUST-002166,Ebony,Bloxberg,Ebony Bloxberg,ebonybloxberg@gmail.com,491390,INR,active
CUST-002167,Danila,Beauvais,Danila Beauvais,danilabeauvais@gmail.com,328970,INR,active
CUST-002168,Candide,Aramen,Candide Aramen,candidearamen@gmail.com,340330,INR,active
CUST-002169,Arlee,Adamsun,Arlee Adamsun,arleeadamsun@gmail.com,620830,INR,recovered
CUST-002170,Denice,Ashely,Denice Ashely,deniceashely@gmail.com,39220,INR,in_progress
CUST-002171,Caroljean,Barthol,Caroljean Barthol,caroljeanbarthol@gmail.com,591460,INR,recovered
CUST-002172,Damita,Bartholemy,Damita Bartholemy,damitabartholemy@gmail.com,58540,INR,recovered
CUST-002173,Anallise,Shukla,Anallise Shukla,analliseshukla@gmail.com,885040,INR,recovered
CUST-002174,Farrah,Beckerman,Farrah Beckerman,farrahbeckerman@gmail.com,352250,INR,overdue
CUST-002175,Christi,Baler,Christi Baler,christibaler@gmail.com,283100,INR,in_progress
CUST-002176,Hyacinth,Blankenship,Hyacinth Blankenship,hyacinthblankenship@gmail.com,119970,INR,in_progress
CUST-002177,Gusty,Argent,Gusty Argent,gustyargent@gmail.com,456770,INR,pending
CUST-002178,Elysee,Azeria,Elysee Azeria,elyseeazeria@gmail.com,593930,INR,overdue
CUST-002179,Ethelda,Bethena,Ethelda Bethena,etheldabethena@gmail.com,631700,INR,pending
CUST-002180,Jacenta,Annadiana,Jacenta Annadiana,jacentaannadiana@gmail.com,912330,INR,active
CUST-002181,Aurore,Bernadine,Aurore Bernadine,aurorebernadine@gmail.com,711470,INR,pending
CUST-002182,Janot,Beatrisa,Janot Beatrisa,janotbeatrisa@gmail.com,472090,INR,recovered
CUST-002183,Gayleen,Antebi,Gayleen Antebi,gayleenantebi@gmail.com,76060,INR,active
CUST-002184,Caralie,Aila,Caralie Aila,caralieaila@gmail.com,940120,INR,overdue
CUST-002185,Cissy,Any,Cissy Any,cissyany@gmail.com,176350,INR,active
CUST-002186,Fayth,Blaseio,Fayth Blaseio,faythblaseio@gmail.com,492550,INR,in_progress
CUST-002187,Blancha,Abrahams,Blancha Abrahams,blanchaabrahams@gmail.com,108610,INR,pending
CUST-002188,Gretal,Bethesda,Gretal Bethesda,gretalbethesda@gmail.com,490770,INR,in_progress
CUST-002189,Harli,Aloisia,Harli Aloisia,harlialoisia@gmail.com,514080,INR,active
CUST-002190,Blinnie,Benedikt,Blinnie Benedikt,blinniebenedikt@gmail.com,288710,INR,in_progress
CUST-002191,Emelita,Bocock,Emelita Bocock,emelitabocock@gmail.com,36300,INR,overdue
CUST-002192,Corrina,Andras,Corrina Andras,corrinaandras@gmail.com,710610,INR,active
CUST-002193,Carlota,Barris,Carlota Barris,carlotabarris@gmail.com,510790,INR,pending
CUST-002194,Annis,Azelea,Annis Azelea,annisazelea@gmail.com,874930,INR,overdue
CUST-002195,Arabele,Alburga,Arabele Alburga,arabelealburga@gmail.com,830830,INR,in_progress
CUST-002196,Harrie,Anny,Harrie Anny,harrieanny@gmail.com,166980,INR,recovered
CUST-002197,Fianna,Kumar,Fianna Kumar,fiannakumar@gmail.com,653950,INR,active
CUST-002198,Gillie,Aleris,Gillie Aleris,gilliealeris@gmail.com,816850,INR,overdue
CUST-002199,Clarita,Andrews,Clarita Andrews,claritaandrews@gmail.com,208850,INR,overdue
CUST-002200,Annmarie,Blaise,Annmarie Blaise,annmarieblaise@gmail.com,795640,INR,recovered
CUST-002201,Andree,Adorl,Andree Adorl,andreeadorl@gmail.com,732250,INR,recovered
CUST-002202,Barbee,Alber,Barbee Alber,barbeealber@gmail.com,984420,INR,in_progress
CUST-002203,Elinor,Alberic,Elinor Alberic,elinoralberic@gmail.com,370840,INR,pending
CUST-002204,Adrianne,Alatea,Adrianne Alatea,adriannealatea@gmail.com,991780,INR,active
CUST-002205,Dyana,Anthony,Dyana Anthony,dyanaanthony@gmail.com,396400,INR,recovered
CUST-002206,Fanny,Bird,Fanny Bird,fannybird@gmail.com,88760,INR,pending
CUST-002207,Hedwig,Acherman,Hedwig Acherman,hedwigacherman@gmail.com,238710,INR,in_progress
CUST-002208,Carina,Aniela,Carina Aniela,carinaaniela@gmail.com,720040,INR,recovered
CUST-002209,Cathy,Adila,Cathy Adila,cathyadila@gmail.com,953100,INR,in_progress
CUST-002210,Emera,Alyse,Emera Alyse,emeraalyse@gmail.com,859180,INR,overdue
CUST-002211,Farah,Batchelor,Farah Batchelor,farahbatchelor@gmail.com,140910,INR,overdue
CUST-002212,Harmony,Arline,Harmony Arline,harmonyarline@gmail.com,977010,INR,overdue
CUST-002213,Fawnia,Abbe,Fawnia Abbe,fawniaabbe@gmail.com,115030,INR,overdue
CUST-002214,Glori,Bidget,Glori Bidget,gloribidget@gmail.com,524530,INR,active
CUST-002215,Benedetta,Aunson,Benedetta Aunson,benedettaaunson@gmail.com,454710,INR,active
CUST-002216,Charlot,Agnew,Charlot Agnew,charlotagnew@gmail.com,643980,INR,active
CUST-002217,Hildagarde,Arlin,Hildagarde Arlin,hildagardearlin@gmail.com,475690,INR,in_progress
CUST-002218,Averil,Barsky,Averil Barsky,averilbarsky@gmail.com,260830,INR,pending
CUST-002219,Ginger,Albertson,Ginger Albertson,gingeralbertson@gmail.com,305010,INR,active
CUST-002220,Hallie,Amar,Hallie Amar,hallieamar@gmail.com,736100,INR,overdue
CUST-002221,Deane,Alec,Deane Alec,deanealec@gmail.com,698120,INR,recovered
CUST-002222,Cissy,Ahmed,Cissy Ahmed,cissyahmed@gmail.com,301330,INR,pending
CUST-002223,Eolanda,Bee,Eolanda Bee,eolandabee@gmail.com,864650,INR,active
CUST-002224,Navya,Barrus,Navya Barrus,navyabarrus@gmail.com,948340,INR,in_progress
CUST-002225,Cindee,Bobseine,Cindee Bobseine,cindeebobseine@gmail.com,307820,INR,active
CUST-002226,Vedant,Blumenthal,Vedant Blumenthal,vedantblumenthal@gmail.com,974160,INR,in_progress
CUST-002227,Cristy,Alex,Cristy Alex,cristyalex@gmail.com,721980,INR,overdue
CUST-002228,Guglielma,Audri,Guglielma Audri,guglielmaaudri@gmail.com,104420,INR,recovered
CUST-002229,Halette,Kapoor,Halette Kapoor,halettekapoor@gmail.com,493730,INR,overdue
CUST-002230,Isobel,Aurilia,Isobel Aurilia,isobelaurilia@gmail.com,528420,INR,active
CUST-002231,Eolande,Bixler,Eolande Bixler,eolandebixler@gmail.com,912180,INR,active
CUST-002232,Gweneth,Berkie,Gweneth Berkie,gwenethberkie@gmail.com,727180,INR,pending
CUST-002233,Demeter,Aubry,Demeter Aubry,demeteraubry@gmail.com,527290,INR,recovered
CUST-002234,Jaymee,Andromeda,Jaymee Andromeda,jaymeeandromeda@gmail.com,212860,INR,active
CUST-002235,Cissiee,Ammadis,Cissiee Ammadis,cissieeammadis@gmail.com,371370,INR,pending
CUST-002236,Allissa,April,Allissa April,allissaapril@gmail.com,977930,INR,overdue
CUST-002237,Aretha,Adlar,Aretha Adlar,arethaadlar@gmail.com,730420,INR,in_progress
CUST-002238,Abigail,Allx,Abigail Allx,abigailallx@gmail.com,217550,INR,recovered
CUST-002239,Khushi,Azriel,Khushi Azriel,khushiazriel@gmail.com,348090,INR,pending
CUST-002240,Celestyna,Asa,Celestyna Asa,celestynaasa@gmail.com,533150,INR,active
CUST-002241,Dita,Asel,Dita Asel,ditaasel@gmail.com,93640,INR,pending
CUST-002242,Brenn,Allisan,Brenn Allisan,brennallisan@gmail.com,421290,INR,in_progress
CUST-002243,Florencia,Beare,Florencia Beare,florenciabeare@gmail.com,400160,INR,overdue
CUST-002244,Helge,Bobine,Helge Bobine,helgebobine@gmail.com,461410,INR,in_progress
CUST-002245,Jany,Adrial,Jany Adrial,janyadrial@gmail.com,336360,INR,recovered
CUST-002246,Germana,Batista,Germana Batista,germanabatista@gmail.com,560420,INR,active
CUST-002247,Henrieta,Blasius,Henrieta Blasius,henrietablasius@gmail.com,198620,INR,recovered
CUST-002248,Cordy,Andel,Cordy Andel,cordyandel@gmail.com,892360,INR,overdue
CUST-002249,Clio,Blackwell,Clio Blackwell,clioblackwell@gmail.com,98890,INR,overdue
CUST-002250,Barbee,Almita,Barbee Almita,barbeealmita@gmail.com,85190,INR,in_progress
CUST-002251,Casey,Alexio,Casey Alexio,caseyalexio@gmail.com,351730,INR,active
CUST-002252,Jacinta,Boff,Jacinta Boff,jacintaboff@gmail.com,975220,INR,active
CUST-002253,Gertrudis,Amadeo,Gertrudis Amadeo,gertrudisamadeo@gmail.com,67200,INR,in_progress
CUST-002254,Addie,Alpert,Addie Alpert,addiealpert@gmail.com,177610,INR,pending
CUST-002255,Chery,Aschim,Chery Aschim,cheryaschim@gmail.com,350110,INR,active
CUST-002256,Alvina,Kaur,Alvina Kaur,alvinakaur@gmail.com,996530,INR,in_progress
CUST-002257,Inna,Blondell,Inna Blondell,innablondell@gmail.com,590730,INR,recovered
CUST-002258,Fayette,Roy,Fayette Roy,fayetteroy@gmail.com,107150,INR,in_progress
CUST-002259,Ardisj,Arun,Ardisj Arun,ardisjarun@gmail.com,789380,INR,overdue
CUST-002260,George,Baptist,George Baptist,georgebaptist@gmail.com,537510,INR,pending
CUST-002261,Cybil,Akerboom,Cybil Akerboom,cybilakerboom@gmail.com,610840,INR,in_progress
CUST-002262,Gloria,Beilul,Gloria Beilul,gloriabeilul@gmail.com,780540,INR,pending
CUST-002263,Aigneis,Blythe,Aigneis Blythe,aigneisblythe@gmail.com,690010,INR,recovered
CUST-002264,Adelle,Bakerman,Adelle Bakerman,adellebakerman@gmail.com,614430,INR,recovered
CUST-002265,Carleen,Belvia,Carleen Belvia,carleenbelvia@gmail.com,99710,INR,active
CUST-002266,Avivah,Arlin,Avivah Arlin,avivaharlin@gmail.com,593880,INR,in_progress
CUST-002267,Fiann,Blanc,Fiann Blanc,fiannblanc@gmail.com,685130,INR,active
CUST-002268,Bernie,Aldric,Bernie Aldric,berniealdric@gmail.com,626950,INR,active
CUST-002269,Harrie,Anana,Harrie Anana,harrieanana@gmail.com,976220,INR,pending
CUST-002270,Christye,Bloxberg,Christye Bloxberg,christyebloxberg@gmail.com,944740,INR,pending
CUST-002271,Andromache,Alix,Andromache Alix,andromachealix@gmail.com,155880,INR,recovered
CUST-002272,Glynis,Barbey,Glynis Barbey,glynisbarbey@gmail.com,379840,INR,pending
CUST-002273,Emilee,Singh,Emilee Singh,emileesingh@gmail.com,760230,INR,overdue
CUST-002274,Janot,Alroi,Janot Alroi,janotalroi@gmail.com,170470,INR,active
CUST-002275,Edith,Airla,Edith Airla,edithairla@gmail.com,420330,INR,recovered
CUST-002276,Gloria,Bazil,Gloria Bazil,gloriabazil@gmail.com,259800,INR,pending
CUST-002277,Agnese,Aubyn,Agnese Aubyn,agneseaubyn@gmail.com,272050,INR,pending
CUST-002278,Ivett,Ahmed,Ivett Ahmed,ivettahmed@gmail.com,987560,INR,active
CUST-002279,Brynna,Alyosha,Brynna Alyosha,brynnaalyosha@gmail.com,750450,INR,recovered
CUST-002280,Annamaria,Ambrosine,Annamaria Ambrosine,annamariaambrosine@gmail.com,484940,INR,overdue
CUST-002281,Hildagard,Artemas,Hildagard Artemas,hildagardartemas@gmail.com,391360,INR,pending
CUST-002282,Swati,Bobbye,Swati Bobbye,swatibobbye@gmail.com,250760,INR,in_progress
CUST-002283,Dyane,Avram,Dyane Avram,dyaneavram@gmail.com,506460,INR,recovered
CUST-002284,Mahi,An,Mahi An,mahian@gmail.com,110880,INR,pending
CUST-002285,Davita,Angadresma,Davita Angadresma,davitaangadresma@gmail.com,513640,INR,recovered
CUST-002286,Celinka,Bender,Celinka Bender,celinkabender@gmail.com,653600,INR,pending
CUST-002287,Annadiana,Aime,Annadiana Aime,annadianaaime@gmail.com,153390,INR,active
CUST-002288,Fernande,Patil,Fernande Patil,fernandepatil@gmail.com,475790,INR,in_progress
CUST-002289,Averil,Berthoud,Averil Berthoud,averilberthoud@gmail.com,173270,INR,in_progress
CUST-002290,Dulcinea,Annadiana,Dulcinea Annadiana,dulcineaannadiana@gmail.com,696940,INR,active
CUST-002291,Ardella,Askwith,Ardella Askwith,ardellaaskwith@gmail.com,718590,INR,in_progress
CUST-002292,Carlee,Arvell,Carlee Arvell,carleearvell@gmail.com,530890,INR,in_progress
CUST-002293,Fanchette,Bensky,Fanchette Bensky,fanchettebensky@gmail.com,910890,INR,pending
CUST-002294,Arleta,Adalard,Arleta Adalard,arletaadalard@gmail.com,769550,INR,in_progress
CUST-002295,Amelina,Audly,Amelina Audly,amelinaaudly@gmail.com,613550,INR,overdue
CUST-002296,Alleen,Bili,Alleen Bili,alleenbili@gmail.com,217990,INR,recovered
CUST-002297,Anissa,Berton,Anissa Berton,anissaberton@gmail.com,486400,INR,overdue
CUST-002298,Adora,Berne,Adora Berne,adoraberne@gmail.com,415990,INR,overdue
CUST-002299,Carolann,Acima,Carolann Acima,carolannacima@gmail.com,361700,INR,in_progress
CUST-002300,Adoree,Billi,Adoree Billi,adoreebilli@gmail.com,755150,INR,overdue
CUST-002301,Elaina,Bigler,Elaina Bigler,elainabigler@gmail.com,386420,INR,recovered
CUST-002302,Elvera,Agnola,Elvera Agnola,elveraagnola@gmail.com,610380,INR,overdue
CUST-002303,Briney,Agarwal,Briney Agarwal,brineyagarwal@gmail.com,110530,INR,pending
CUST-002304,Celisse,Bink,Celisse Bink,celissebink@gmail.com,975350,INR,overdue
CUST-002305,Enid,Bettine,Enid Bettine,enidbettine@gmail.com,571910,INR,active
CUST-002306,Cordula,Belita,Cordula Belita,cordulabelita@gmail.com,309830,INR,recovered
CUST-002307,Jeannine,Alleyne,Jeannine Alleyne,jeanninealleyne@gmail.com,686270,INR,in_progress
CUST-002308,Editha,Bellda,Editha Bellda,edithabellda@gmail.com,950930,INR,in_progress
CUST-002309,Cornelia,Beale,Cornelia Beale,corneliabeale@gmail.com,118860,INR,in_progress
CUST-002310,Clara,Adonis,Clara Adonis,claraadonis@gmail.com,15890,INR,overdue
CUST-002311,Friederike,Alyson,Friederike Alyson,friederikealyson@gmail.com,260260,INR,active
CUST-002312,Courtney,Banky,Courtney Banky,courtneybanky@gmail.com,754720,INR,active
CUST-002313,Daniele,Baxy,Daniele Baxy,danielebaxy@gmail.com,842790,INR,recovered
CUST-002314,Jenica,Ardith,Jenica Ardith,jenicaardith@gmail.com,871260,INR,recovered
CUST-002315,Druci,Amabil,Druci Amabil,druciamabil@gmail.com,35680,INR,recovered
CUST-002316,Debra,Belier,Debra Belier,debrabelier@gmail.com,814900,INR,pending
CUST-002317,Fidelity,Aldon,Fidelity Aldon,fidelityaldon@gmail.com,539720,INR,recovered
CUST-002318,Eleanore,Beauregard,Eleanore Beauregard,eleanorebeauregard@gmail.com,485260,INR,active
CUST-002319,Chery,Amary,Chery Amary,cheryamary@gmail.com,245320,INR,recovered
CUST-002320,Hallie,Adhern,Hallie Adhern,hallieadhern@gmail.com,851150,INR,recovered
CUST-002321,Carmelle,August,Carmelle August,carmelleaugust@gmail.com,947380,INR,active
CUST-002322,Issie,Adelbert,Issie Adelbert,issieadelbert@gmail.com,32040,INR,pending
CUST-002323,Damara,Australia,Damara Australia,damaraaustralia@gmail.com,886470,INR,overdue
CUST-002324,Brinna,Arva,Brinna Arva,brinnaarva@gmail.com,514500,INR,active
CUST-002325,Ertha,Aia,Ertha Aia,erthaaia@gmail.com,251120,INR,pending
CUST-002326,Camilla,Boelter,Camilla Boelter,camillaboelter@gmail.com,214490,INR,active
CUST-002327,Hephzibah,Bensky,Hephzibah Bensky,hephzibahbensky@gmail.com,416960,INR,active
CUST-002328,Jania,Alathia,Jania Alathia,janiaalathia@gmail.com,445570,INR,in_progress
CUST-002329,Corabella,Amory,Corabella Amory,corabellaamory@gmail.com,73240,INR,recovered
CUST-002330,Clarette,Asare,Clarette Asare,claretteasare@gmail.com,667450,INR,pending
CUST-002331,Anderea,Andrej,Anderea Andrej,andereaandrej@gmail.com,962190,INR,pending
CUST-002332,Bess,Bergerac,Bess Bergerac,bessbergerac@gmail.com,83810,INR,active
CUST-002333,Deanne,Alvan,Deanne Alvan,deannealvan@gmail.com,535560,INR,overdue
CUST-002334,Harmony,Beattie,Harmony Beattie,harmonybeattie@gmail.com,349870,INR,active
CUST-002335,Saurabh,Bagley,Saurabh Bagley,saurabhbagley@gmail.com,914820,INR,active
CUST-002336,Cosette,Autrey,Cosette Autrey,cosetteautrey@gmail.com,901800,INR,overdue
CUST-002337,Federica,Akerboom,Federica Akerboom,federicaakerboom@gmail.com,878430,INR,active
CUST-002338,Fayina,Amil,Fayina Amil,fayinaamil@gmail.com,667520,INR,recovered
CUST-002339,Emelyne,Asta,Emelyne Asta,emelyneasta@gmail.com,371490,INR,overdue
CUST-002340,Eleanor,Africa,Eleanor Africa,eleanorafrica@gmail.com,802080,INR,pending
CUST-002341,Evangelia,Averir,Evangelia Averir,evangeliaaverir@gmail.com,48060,INR,in_progress
CUST-002342,Florinda,Banquer,Florinda Banquer,florindabanquer@gmail.com,999090,INR,pending
CUST-002343,Annemarie,Beetner,Annemarie Beetner,annemariebeetner@gmail.com,10680,INR,overdue
CUST-002344,Fancy,Berk,Fancy Berk,fancyberk@gmail.com,314170,INR,active
CUST-002345,Brenna,Aggappera,Brenna Aggappera,brennaaggappera@gmail.com,64710,INR,recovered
CUST-002346,Erica,Amerigo,Erica Amerigo,ericaamerigo@gmail.com,420810,INR,recovered
CUST-002347,Giovanna,Alon,Giovanna Alon,giovannaalon@gmail.com,25800,INR,active
CUST-002348,Cammi,Bibbye,Cammi Bibbye,cammibibbye@gmail.com,959090,INR,in_progress
CUST-002349,Agnella,Adelaida,Agnella Adelaida,agnellaadelaida@gmail.com,713540,INR,overdue
CUST-002350,Georgeta,Audette,Georgeta Audette,georgetaaudette@gmail.com,538030,INR,recovered
CUST-002351,Georgianne,Bixby,Georgianne Bixby,georgiannebixby@gmail.com,480950,INR,active
CUST-002352,Eddie,Armond,Eddie Armond,eddiearmond@gmail.com,404600,INR,overdue
CUST-002353,Kiran,Annunciata,Kiran Annunciata,kiranannunciata@gmail.com,844860,INR,active
CUST-002354,Elsbeth,Bensky,Elsbeth Bensky,elsbethbensky@gmail.com,857870,INR,pending
CUST-002355,Jeanie,Aleron,Jeanie Aleron,jeaniealeron@gmail.com,345460,INR,overdue
CUST-002356,Babita,Barncard,Babita Barncard,babitabarncard@gmail.com,783370,INR,recovered
CUST-002357,Ermengarde,Audwen,Ermengarde Audwen,ermengardeaudwen@gmail.com,858310,INR,pending
CUST-002358,Blanche,Bish,Blanche Bish,blanchebish@gmail.com,778470,INR,recovered
CUST-002359,Isis,Ashok,Isis Ashok,isisashok@gmail.com,454170,INR,recovered
CUST-002360,Dido,Bartle,Dido Bartle,didobartle@gmail.com,434930,INR,in_progress
CUST-002361,Avrit,Bodwell,Avrit Bodwell,avritbodwell@gmail.com,681210,INR,recovered
CUST-002362,Consolata,Ardme,Consolata Ardme,consolataardme@gmail.com,226070,INR,active
CUST-002363,Felicle,Acus,Felicle Acus,felicleacus@gmail.com,988440,INR,recovered
CUST-002364,Andromache,Alo,Andromache Alo,andromachealo@gmail.com,501570,INR,active
CUST-002365,Brinn,Anton,Brinn Anton,brinnanton@gmail.com,554780,INR,overdue
CUST-002366,Indira,Alsworth,Indira Alsworth,indiraalsworth@gmail.com,755870,INR,active
CUST-002367,Dell,Attenweiler,Dell Attenweiler,dellattenweiler@gmail.com,413460,INR,pending
CUST-002368,Fredelia,Agnew,Fredelia Agnew,fredeliaagnew@gmail.com,197020,INR,pending
CUST-002369,Mukesh,Bloem,Mukesh Bloem,mukeshbloem@gmail.com,90250,INR,overdue
CUST-002370,Anica,Beryle,Anica Beryle,anicaberyle@gmail.com,576200,INR,pending
CUST-002371,Alika,Surana,Alika Surana,alikasurana@gmail.com,86420,INR,active
CUST-002372,Carlye,Allcot,Carlye Allcot,carlyeallcot@gmail.com,926160,INR,overdue
CUST-002373,Dynah,Balbinder,Dynah Balbinder,dynahbalbinder@gmail.com,61730,INR,recovered
CUST-002374,Camellia,Alix,Camellia Alix,camelliaalix@gmail.com,761060,INR,recovered
CUST-002375,Anneliese,Bergerac,Anneliese Bergerac,anneliesebergerac@gmail.com,447420,INR,recovered
CUST-002376,Charmain,Ailee,Charmain Ailee,charmainailee@gmail.com,456870,INR,recovered
CUST-002377,Hetty,Aurita,Hetty Aurita,hettyaurita@gmail.com,25100,INR,in_progress
CUST-002378,Carlee,Abdulla,Carlee Abdulla,carleeabdulla@gmail.com,913210,INR,active
CUST-002379,Carmella,Adlai,Carmella Adlai,carmellaadlai@gmail.com,779710,INR,overdue
CUST-002380,Jan,Artimas,Jan Artimas,janartimas@gmail.com,622150,INR,pending
CUST-002381,Dorella,Aluino,Dorella Aluino,dorellaaluino@gmail.com,405090,INR,pending
CUST-002382,Brandi,Addia,Brandi Addia,brandiaddia@gmail.com,870680,INR,in_progress
CUST-002383,Charisse,Ajit,Charisse Ajit,charisseajit@gmail.com,748530,INR,in_progress
CUST-002384,Darleen,Barnum,Darleen Barnum,darleenbarnum@gmail.com,219010,INR,in_progress
CUST-002385,Glennie,Athene,Glennie Athene,glennieathene@gmail.com,616970,INR,overdue
CUST-002386,Dianemarie,Patil,Dianemarie Patil,dianemariepatil@gmail.com,695690,INR,recovered
CUST-002387,Hanni,Bartolome,Hanni Bartolome,hannibartolome@gmail.com,875610,INR,recovered
CUST-002388,Bessy,Alcus,Bessy Alcus,bessyalcus@gmail.com,966460,INR,in_progress
CUST-002389,Irma,Blinni,Irma Blinni,irmablinni@gmail.com,307960,INR,in_progress
CUST-002390,Berthe,Ambrosine,Berthe Ambrosine,bertheambrosine@gmail.com,819490,INR,in_progress
CUST-002391,Catie,Amadis,Catie Amadis,catieamadis@gmail.com,784570,INR,pending
CUST-002392,Alexis,Aldwin,Alexis Aldwin,alexisaldwin@gmail.com,114650,INR,in_progress
CUST-002393,Ishaan,Afrika,Ishaan Afrika,ishaanafrika@gmail.com,33270,INR,active
CUST-002394,Erminia,Alodie,Erminia Alodie,erminiaalodie@gmail.com,524170,INR,in_progress
CUST-002395,Elle,Sen,Elle Sen,ellesen@gmail.com,934790,INR,active
CUST-002396,Drucy,Arissa,Drucy Arissa,drucyarissa@gmail.com,879580,INR,overdue
CUST-002397,Ashla,Adiana,Ashla Adiana,ashlaadiana@gmail.com,568240,INR,in_progress
CUST-002398,Heda,Aeriela,Heda Aeriela,hedaaeriela@gmail.com,535660,INR,overdue
CUST-002399,Vikas,Alvita,Vikas Alvita,vikasalvita@gmail.com,839810,INR,active
CUST-002400,Eleonore,Amberly,Eleonore Amberly,eleonoreamberly@gmail.com,77960,INR,overdue
CUST-002401,Ramesh,Aiken,Ramesh Aiken,rameshaiken@gmail.com,222860,INR,active
CUST-002402,Shalini,Adrianne,Shalini Adrianne,shaliniadrianne@gmail.com,149280,INR,in_progress
CUST-002403,Corissa,Arley,Corissa Arley,corissaarley@gmail.com,453560,INR,recovered
CUST-002404,Janith,Aylmer,Janith Aylmer,janithaylmer@gmail.com,681990,INR,in_progress
CUST-002405,Elisabetta,Alina,Elisabetta Alina,elisabettaalina@gmail.com,992330,INR,recovered
CUST-002406,Elnore,Pawar,Elnore Pawar,elnorepawar@gmail.com,111410,INR,active
CUST-002407,Amelie,Amby,Amelie Amby,amelieamby@gmail.com,35550,INR,overdue
CUST-002408,Coreen,Amorete,Coreen Amorete,coreenamorete@gmail.com,632940,INR,pending
CUST-002409,Brear,Berck,Brear Berck,brearberck@gmail.com,836920,INR,overdue
CUST-002410,Dhruv,Alie,Dhruv Alie,dhruvalie@gmail.com,559510,INR,in_progress
CUST-002411,Collete,Alben,Collete Alben,colletealben@gmail.com,297980,INR,active
CUST-002412,Adrienne,Bithia,Adrienne Bithia,adriennebithia@gmail.com,301210,INR,active
CUST-002413,Daisy,Angela,Daisy Angela,daisyangela@gmail.com,564180,INR,overdue
CUST-002414,Gladys,Alguire,Gladys Alguire,gladysalguire@gmail.com,866050,INR,active
CUST-002415,Damita,Abshier,Damita Abshier,damitaabshier@gmail.com,946900,INR,pending
CUST-002416,Fredia,Barbaresi,Fredia Barbaresi,frediabarbaresi@gmail.com,281030,INR,active
CUST-002417,Jaclin,Bentlee,Jaclin Bentlee,jaclinbentlee@gmail.com,639590,INR,active
CUST-002418,Hedwig,Alduino,Hedwig Alduino,hedwigalduino@gmail.com,919650,INR,active
CUST-002419,Ange,Alverson,Ange Alverson,angealverson@gmail.com,570080,INR,in_progress
CUST-002420,Bamby,Arnie,Bamby Arnie,bambyarnie@gmail.com,989450,INR,in_progress
CUST-002421,Harlie,Baumbaugh,Harlie Baumbaugh,harliebaumbaugh@gmail.com,896370,INR,pending
CUST-002422,Ericka,Bauske,Ericka Bauske,erickabauske@gmail.com,972060,INR,pending
CUST-002423,Irena,Basir,Irena Basir,irenabasir@gmail.com,845660,INR,pending
CUST-002424,Hanna,Aldarcie,Hanna Aldarcie,hannaaldarcie@gmail.com,307310,INR,in_progress
CUST-002425,Adria,Allbee,Adria Allbee,adriaallbee@gmail.com,180130,INR,in_progress
CUST-002426,Sneha,Blum,Sneha Blum,snehablum@gmail.com,410420,INR,in_progress
CUST-002427,Claudina,Adlay,Claudina Adlay,claudinaadlay@gmail.com,481650,INR,in_progress
CUST-002428,Gwyn,Baptista,Gwyn Baptista,gwynbaptista@gmail.com,190020,INR,overdue
CUST-002429,Chiquita,Airel,Chiquita Airel,chiquitaairel@gmail.com,245690,INR,recovered
CUST-002430,Angelique,Allbee,Angelique Allbee,angeliqueallbee@gmail.com,985260,INR,recovered
CUST-002431,Frederique,Bilbe,Frederique Bilbe,frederiquebilbe@gmail.com,640030,INR,pending
CUST-002432,Dottie,Blane,Dottie Blane,dottieblane@gmail.com,181160,INR,in_progress
CUST-002433,Ariella,Alexandria,Ariella Alexandria,ariellaalexandria@gmail.com,910040,INR,pending
CUST-002434,Dacy,Alleyn,Dacy Alleyn,dacyalleyn@gmail.com,359380,INR,overdue
CUST-002435,Caroljean,Adley,Caroljean Adley,caroljeanadley@gmail.com,518630,INR,recovered
CUST-002436,Anestassia,Aloysia,Anestassia Aloysia,anestassiaaloysia@gmail.com,537750,INR,pending
CUST-002437,Blakeley,Adaline,Blakeley Adaline,blakeleyadaline@gmail.com,654620,INR,active
CUST-002438,Ashli,Aelber,Ashli Aelber,ashliaelber@gmail.com,565260,INR,active
CUST-002439,Hendrika,Barber,Hendrika Barber,hendrikabarber@gmail.com,300810,INR,pending
CUST-002440,Eachelle,Bethel,Eachelle Bethel,eachellebethel@gmail.com,882620,INR,active
CUST-002441,Ardys,Aman,Ardys Aman,ardysaman@gmail.com,648110,INR,pending
CUST-002442,Bee,Ansela,Bee Ansela,beeansela@gmail.com,845870,INR,pending
CUST-002443,Becky,Ardella,Becky Ardella,beckyardella@gmail.com,886650,INR,active
CUST-002444,Anthia,Addy,Anthia Addy,anthiaaddy@gmail.com,12720,INR,pending
CUST-002445,Arleen,Ammon,Arleen Ammon,arleenammon@gmail.com,390050,INR,pending
CUST-002446,Dael,Betz,Dael Betz,daelbetz@gmail.com,60910,INR,active
CUST-002447,Elisabeth,Bazluke,Elisabeth Bazluke,elisabethbazluke@gmail.com,220380,INR,overdue
CUST-002448,Daron,An,Daron An,daronan@gmail.com,812780,INR,recovered
CUST-002449,Em,Albright,Em Albright,emalbright@gmail.com,949130,INR,active
CUST-002450,Adoree,Bannister,Adoree Bannister,adoreebannister@gmail.com,756530,INR,recovered
CUST-002451,Sumit,Adelle,Sumit Adelle,sumitadelle@gmail.com,501000,INR,pending
CUST-002452,Berri,Beverley,Berri Beverley,berribeverley@gmail.com,159840,INR,in_progress
CUST-002453,Anjanette,Beebe,Anjanette Beebe,anjanettebeebe@gmail.com,986340,INR,overdue
CUST-002454,Esta,Ally,Esta Ally,estaally@gmail.com,976210,INR,in_progress
CUST-002455,Pranav,Arlee,Pranav Arlee,pranavarlee@gmail.com,680210,INR,overdue
CUST-002456,Britte,Aubigny,Britte Aubigny,britteaubigny@gmail.com,802300,INR,pending
CUST-002457,Daisey,Bennet,Daisey Bennet,daiseybennet@gmail.com,349950,INR,overdue
CUST-002458,Cloris,Ag,Cloris Ag,clorisag@gmail.com,814990,INR,overdue
CUST-002459,Eugenia,Aristotle,Eugenia Aristotle,eugeniaaristotle@gmail.com,3010,INR,in_progress
CUST-002460,Eulalie,Blalock,Eulalie Blalock,eulalieblalock@gmail.com,563690,INR,pending
CUST-002461,Breena,Avis,Breena Avis,breenaavis@gmail.com,409980,INR,recovered
CUST-002462,Alisun,Angel,Alisun Angel,alisunangel@gmail.com,403500,INR,pending
CUST-002463,Ami,Baumann,Ami Baumann,amibaumann@gmail.com,86400,INR,pending
CUST-002464,Chloette,Bara,Chloette Bara,chloettebara@gmail.com,652840,INR,overdue
CUST-002465,Helenka,Gill,Helenka Gill,helenkagill@gmail.com,224610,INR,overdue
CUST-002466,Cyndia,Adriell,Cyndia Adriell,cyndiaadriell@gmail.com,445460,INR,recovered
CUST-002467,Heddi,Abert,Heddi Abert,heddiabert@gmail.com,140370,INR,in_progress
CUST-002468,Frederique,Batish,Frederique Batish,frederiquebatish@gmail.com,762240,INR,recovered
CUST-002469,Ethelyn,Anne,Ethelyn Anne,ethelynanne@gmail.com,574660,INR,in_progress
CUST-002470,De,Baerl,De Baerl,debaerl@gmail.com,368290,INR,in_progress
CUST-002471,Andriette,Beall,Andriette Beall,andriettebeall@gmail.com,307790,INR,recovered
CUST-002472,Griselda,Ancalin,Griselda Ancalin,griseldaancalin@gmail.com,745910,INR,in_progress
CUST-002473,Elberta,Aloin,Elberta Aloin,elbertaaloin@gmail.com,421090,INR,in_progress
CUST-002474,Carena,Blase,Carena Blase,carenablase@gmail.com,565180,INR,recovered
CUST-002475,Elvina,Audette,Elvina Audette,elvinaaudette@gmail.com,722300,INR,active
CUST-002476,Ardisj,Bakerman,Ardisj Bakerman,ardisjbakerman@gmail.com,390780,INR,overdue
CUST-002477,Carree,Adigun,Carree Adigun,carreeadigun@gmail.com,899840,INR,overdue
CUST-002478,Ardath,Ardin,Ardath Ardin,ardathardin@gmail.com,689600,INR,recovered
CUST-002479,Hortensia,Arnold,Hortensia Arnold,hortensiaarnold@gmail.com,865860,INR,pending
CUST-002480,Annabell,Amsden,Annabell Amsden,annabellamsden@gmail.com,80480,INR,pending
CUST-002481,Janeva,Alyce,Janeva Alyce,janevaalyce@gmail.com,503460,INR,in_progress
CUST-002482,Ali,Alva,Ali Alva,alialva@gmail.com,299860,INR,overdue
CUST-002483,De,Almeria,De Almeria,dealmeria@gmail.com,75750,INR,overdue
CUST-002484,Bellina,Bergquist,Bellina Bergquist,bellinabergquist@gmail.com,253950,INR,in_progress
CUST-002485,Hesther,Alice,Hesther Alice,hestheralice@gmail.com,925550,INR,in_progress
CUST-002486,Chrystal,Angelita,Chrystal Angelita,chrystalangelita@gmail.com,804680,INR,in_progress
CUST-002487,Gill,Basham,Gill Basham,gillbasham@gmail.com,395200,INR,active
CUST-002488,Ester,Bee,Ester Bee,esterbee@gmail.com,706760,INR,in_progress
CUST-002489,Cora,Arlina,Cora Arlina,coraarlina@gmail.com,70800,INR,active
CUST-002490,Adore,Ansilma,Adore Ansilma,adoreansilma@gmail.com,598470,INR,overdue
CUST-002491,Fan,Bayard,Fan Bayard,fanbayard@gmail.com,884500,INR,active
CUST-002492,Clarisse,Best,Clarisse Best,clarissebest@gmail.com,212560,INR,in_progress
CUST-002493,Felecia,Albion,Felecia Albion,feleciaalbion@gmail.com,513810,INR,overdue
CUST-002494,Claire,Annamaria,Claire Annamaria,claireannamaria@gmail.com,51380,INR,active
CUST-002495,Catha,Ailyn,Catha Ailyn,cathaailyn@gmail.com,373900,INR,overdue
CUST-002496,Cecelia,Adah,Cecelia Adah,ceceliaadah@gmail.com,433080,INR,in_progress
CUST-002497,Donella,Aryn,Donella Aryn,donellaaryn@gmail.com,53190,INR,overdue
CUST-002498,Gui,Ariadne,Gui Ariadne,guiariadne@gmail.com,701310,INR,recovered
CUST-002499,Dulcea,Bilek,Dulcea Bilek,dulceabilek@gmail.com,129220,INR,in_progress
CUST-002500,Elisabetta,Beckett,Elisabetta Beckett,elisabettabeckett@gmail.com,673710,INR,pending
CUST-002501,Ferdinanda,Barb,Ferdinanda Barb,ferdinandabarb@gmail.com,96240,INR,active
CUST-002502,Claudina,Antebi,Claudina Antebi,claudinaantebi@gmail.com,930950,INR,overdue
CUST-002503,Allyson,Alexa,Allyson Alexa,allysonalexa@gmail.com,509640,INR,in_progress
CUST-002504,Ambur,Allard,Ambur Allard,amburallard@gmail.com,361510,INR,active
CUST-002505,Felicity,Bastian,Felicity Bastian,felicitybastian@gmail.com,742570,INR,active
CUST-002506,Indira,Adelaida,Indira Adelaida,indiraadelaida@gmail.com,993310,INR,in_progress
CUST-002507,Doralynne,Adriel,Doralynne Adriel,doralynneadriel@gmail.com,205870,INR,pending
CUST-002508,Beth,Belloir,Beth Belloir,bethbelloir@gmail.com,61030,INR,recovered
CUST-002509,Dina,Bevon,Dina Bevon,dinabevon@gmail.com,878390,INR,active
CUST-002510,Atlanta,Annmarie,Atlanta Annmarie,atlantaannmarie@gmail.com,139400,INR,recovered
CUST-002511,Goldia,Hegde,Goldia Hegde,goldiahegde@gmail.com,787640,INR,overdue
CUST-002512,Allina,Allison,Allina Allison,allinaallison@gmail.com,775900,INR,recovered
CUST-002513,Britteny,Aryn,Britteny Aryn,brittenyaryn@gmail.com,831060,INR,in_progress
CUST-002514,Arluene,Blanchette,Arluene Blanchette,arlueneblanchette@gmail.com,16340,INR,active
CUST-002515,Davina,Bethel,Davina Bethel,davinabethel@gmail.com,275930,INR,active
CUST-002516,Jany,Alo,Jany Alo,janyalo@gmail.com,899250,INR,overdue
CUST-002517,Dela,Adhern,Dela Adhern,delaadhern@gmail.com,565990,INR,in_progress
CUST-002518,Ailis,Bartholomew,Ailis Bartholomew,ailisbartholomew@gmail.com,277980,INR,in_progress
CUST-002519,Neeta,Armillas,Neeta Armillas,neetaarmillas@gmail.com,954980,INR,overdue
CUST-002520,Chloris,Arvin,Chloris Arvin,chlorisarvin@gmail.com,649740,INR,in_progress
CUST-002521,Heloise,Bamberger,Heloise Bamberger,heloisebamberger@gmail.com,482130,INR,in_progress
CUST-002522,Jen,Bannon,Jen Bannon,jenbannon@gmail.com,169190,INR,in_progress
CUST-002523,Gabrielle,Bodrogi,Gabrielle Bodrogi,gabriellebodrogi@gmail.com,408650,INR,overdue
CUST-002524,Aarav,Alvord,Aarav Alvord,aaravalvord@gmail.com,394220,INR,in_progress
CUST-002525,Arlinda,Ardolino,Arlinda Ardolino,arlindaardolino@gmail.com,474030,INR,recovered
CUST-002526,Alanah,Blim,Alanah Blim,alanahblim@gmail.com,408900,INR,active
CUST-002527,Angil,Abie,Angil Abie,angilabie@gmail.com,874590,INR,overdue
CUST-002528,Dahlia,Amati,Dahlia Amati,dahliaamati@gmail.com,738420,INR,recovered
CUST-002529,Danni,Appleton,Danni Appleton,danniappleton@gmail.com,618290,INR,overdue
CUST-002530,Farrah,Barrada,Farrah Barrada,farrahbarrada@gmail.com,152950,INR,overdue
CUST-002531,Beitris,Shetty,Beitris Shetty,beitrisshetty@gmail.com,360160,INR,pending
CUST-002532,Dannye,Bainter,Dannye Bainter,dannyebainter@gmail.com,697690,INR,overdue
CUST-002533,Christalle,Anse,Christalle Anse,christalleanse@gmail.com,236240,INR,recovered
CUST-002534,Frieda,Bik,Frieda Bik,friedabik@gmail.com,387270,INR,in_progress
CUST-002535,Barbra,Ahab,Barbra Ahab,barbraahab@gmail.com,446810,INR,overdue
CUST-002536,Hinda,Adala,Hinda Adala,hindaadala@gmail.com,773930,INR,active
CUST-002537,Mohit,Anthe,Mohit Anthe,mohitanthe@gmail.com,935040,INR,recovered
CUST-002538,Gwendolen,Biegel,Gwendolen Biegel,gwendolenbiegel@gmail.com,300300,INR,recovered
CUST-002539,Charity,Affer,Charity Affer,charityaffer@gmail.com,293170,INR,active
CUST-002540,Issi,Aubyn,Issi Aubyn,issiaubyn@gmail.com,646980,INR,overdue
CUST-002541,Geralda,Bierman,Geralda Bierman,geraldabierman@gmail.com,582170,INR,in_progress
CUST-002542,Ediva,Bobinette,Ediva Bobinette,edivabobinette@gmail.com,40880,INR,in_progress
CUST-002543,Constancy,Ashman,Constancy Ashman,constancyashman@gmail.com,43220,INR,in_progress
CUST-002544,George,Alden,George Alden,georgealden@gmail.com,46620,INR,recovered
CUST-002545,Drucie,Anselma,Drucie Anselma,drucieanselma@gmail.com,177350,INR,active
CUST-002546,Caty,Blunk,Caty Blunk,catyblunk@gmail.com,22680,INR,overdue
CUST-002547,Athena,Binni,Athena Binni,athenabinni@gmail.com,548060,INR,recovered
CUST-002548,Drusilla,Balling,Drusilla Balling,drusillaballing@gmail.com,940100,INR,overdue
CUST-002549,Carmela,Ailbert,Carmela Ailbert,carmelaailbert@gmail.com,185210,INR,recovered
CUST-002550,Kabir,Allain,Kabir Allain,kabirallain@gmail.com,12780,INR,overdue
CUST-002551,Aurea,Abby,Aurea Abby,aureaabby@gmail.com,69270,INR,overdue
CUST-002552,Charlot,Amelia,Charlot Amelia,charlotamelia@gmail.com,994660,INR,recovered
CUST-002553,Carlynn,Adaurd,Carlynn Adaurd,carlynnadaurd@gmail.com,951370,INR,in_progress
CUST-002554,Christyna,Bartholomew,Christyna Bartholomew,christynabartholomew@gmail.com,281510,INR,overdue
CUST-002555,Alidia,Anastasia,Alidia Anastasia,alidiaanastasia@gmail.com,781120,INR,pending
CUST-002556,Goldy,Abbotsun,Goldy Abbotsun,goldyabbotsun@gmail.com,798730,INR,recovered
CUST-002557,Ermengarde,Alvita,Ermengarde Alvita,ermengardealvita@gmail.com,855250,INR,pending
CUST-002558,Estele,Basir,Estele Basir,estelebasir@gmail.com,606730,INR,overdue
CUST-002559,Ilka,Alba,Ilka Alba,ilkaalba@gmail.com,651380,INR,overdue
CUST-002560,Avril,Bergeron,Avril Bergeron,avrilbergeron@gmail.com,369580,INR,in_progress
CUST-002561,Fey,Adelaja,Fey Adelaja,feyadelaja@gmail.com,8380,INR,in_progress
CUST-002562,Bonita,Adolphe,Bonita Adolphe,bonitaadolphe@gmail.com,868840,INR,active
CUST-002563,Cassy,Alper,Cassy Alper,cassyalper@gmail.com,573960,INR,in_progress
CUST-002564,Helene,Blight,Helene Blight,heleneblight@gmail.com,918240,INR,recovered
CUST-002565,Muhammad,Ama,Muhammad Ama,muhammadama@gmail.com,386930,INR,recovered
CUST-002566,Charis,Blanchard,Charis Blanchard,charisblanchard@gmail.com,252170,INR,active
CUST-002567,Corabel,Blanc,Corabel Blanc,corabelblanc@gmail.com,595500,INR,overdue
CUST-002568,Betti,Anallese,Betti Anallese,bettianallese@gmail.com,636200,INR,in_progress
CUST-002569,Ivie,Andrei,Ivie Andrei,ivieandrei@gmail.com,587060,INR,in_progress
CUST-002570,Cherise,Balthazar,Cherise Balthazar,cherisebalthazar@gmail.com,232900,INR,pending
CUST-002571,Charlean,Barnum,Charlean Barnum,charleanbarnum@gmail.com,380600,INR,recovered
CUST-002572,Charmion,Alverson,Charmion Alverson,charmionalverson@gmail.com,976130,INR,recovered
CUST-002573,Andee,Azriel,Andee Azriel,andeeazriel@gmail.com,368250,INR,pending
CUST-002574,Ayn,Abigael,Ayn Abigael,aynabigael@gmail.com,485910,INR,overdue
CUST-002575,Muhammad,Bibbye,Muhammad Bibbye,muhammadbibbye@gmail.com,861440,INR,pending
CUST-002576,Hermine,Albric,Hermine Albric,herminealbric@gmail.com,984800,INR,active
CUST-002577,Angelica,Berry,Angelica Berry,angelicaberry@gmail.com,643430,INR,recovered
CUST-002578,Caye,Aeriela,Caye Aeriela,cayeaeriela@gmail.com,854160,INR,recovered
CUST-002579,Vishal,Andrus,Vishal Andrus,vishalandrus@gmail.com,576470,INR,in_progress
CUST-002580,Etheline,Blandina,Etheline Blandina,ethelineblandina@gmail.com,136410,INR,recovered
CUST-002581,Eloise,Angil,Eloise Angil,eloiseangil@gmail.com,206370,INR,recovered
CUST-002582,Helga,Artema,Helga Artema,helgaartema@gmail.com,203820,INR,pending
CUST-002583,Afton,Arie,Afton Arie,aftonarie@gmail.com,399200,INR,active
CUST-002584,Chastity,Arnon,Chastity Arnon,chastityarnon@gmail.com,851250,INR,pending
CUST-002585,Carie,Anallese,Carie Anallese,carieanallese@gmail.com,735570,INR,recovered
CUST-002586,Daffy,Bee,Daffy Bee,daffybee@gmail.com,292340,INR,active
CUST-002587,Alys,Armalda,Alys Armalda,alysarmalda@gmail.com,883640,INR,overdue
CUST-002588,Colette,Aynat,Colette Aynat,coletteaynat@gmail.com,540980,INR,pending
CUST-002589,Fancy,Bernardo,Fancy Bernardo,fancybernardo@gmail.com,399380,INR,in_progress
CUST-002590,Dianne,Amalberga,Dianne Amalberga,dianneamalberga@gmail.com,672230,INR,recovered
CUST-002591,Aloysia,Aklog,Aloysia Aklog,aloysiaaklog@gmail.com,406560,INR,in_progress
CUST-002592,Ellissa,Barthol,Ellissa Barthol,ellissabarthol@gmail.com,315210,INR,recovered
CUST-002593,Faun,Bagger,Faun Bagger,faunbagger@gmail.com,927840,INR,pending
CUST-002594,Christian,Bogey,Christian Bogey,christianbogey@gmail.com,310830,INR,active
CUST-002595,Bertie,Bliss,Bertie Bliss,bertiebliss@gmail.com,889450,INR,overdue
CUST-002596,Bebe,Aldo,Bebe Aldo,bebealdo@gmail.com,47070,INR,in_progress
CUST-002597,Gus,Adolph,Gus Adolph,gusadolph@gmail.com,53750,INR,active
CUST-002598,Andrei,Blank,Andrei Blank,andreiblank@gmail.com,236110,INR,active
CUST-002599,Dorothee,Attenborough,Dorothee Attenborough,dorotheeattenborough@gmail.com,834790,INR,in_progress
CUST-002600,Corenda,Alda,Corenda Alda,corendaalda@gmail.com,454050,INR,overdue
CUST-002601,Gwenette,Arly,Gwenette Arly,gwenettearly@gmail.com,871500,INR,in_progress
CUST-002602,Enrichetta,Allissa,Enrichetta Allissa,enrichettaallissa@gmail.com,915800,INR,recovered
CUST-002603,Jeana,Adel,Jeana Adel,jeanaadel@gmail.com,172950,INR,overdue
CUST-002604,Jeanine,Balas,Jeanine Balas,jeaninebalas@gmail.com,839940,INR,in_progress
CUST-002605,Darbie,Anyah,Darbie Anyah,darbieanyah@gmail.com,147440,INR,active
CUST-002606,Hortensia,Alejo,Hortensia Alejo,hortensiaalejo@gmail.com,423460,INR,pending
CUST-002607,Cherey,Bernardine,Cherey Bernardine,chereybernardine@gmail.com,898760,INR,in_progress
CUST-002608,Daile,Bessie,Daile Bessie,dailebessie@gmail.com,996300,INR,overdue
CUST-002609,Cecilla,Arabel,Cecilla Arabel,cecillaarabel@gmail.com,760880,INR,in_progress
CUST-002610,Demeter,Billen,Demeter Billen,demeterbillen@gmail.com,93840,INR,active
CUST-002611,Alison,Binnie,Alison Binnie,alisonbinnie@gmail.com,583430,INR,pending
CUST-002612,Doloritas,Ashil,Doloritas Ashil,doloritasashil@gmail.com,17390,INR,pending
CUST-002613,Jane,Amara,Jane Amara,janeamara@gmail.com,473760,INR,active
CUST-002614,Cynde,Ainsworth,Cynde Ainsworth,cyndeainsworth@gmail.com,897120,INR,active
CUST-002615,Dorotea,Adelle,Dorotea Adelle,doroteaadelle@gmail.com,839530,INR,pending
CUST-002616,Dorey,Boardman,Dorey Boardman,doreyboardman@gmail.com,661490,INR,active
CUST-002617,Grayce,Ancilin,Grayce Ancilin,grayceancilin@gmail.com,551990,INR,in_progress
CUST-002618,Ilsa,Berga,Ilsa Berga,ilsaberga@gmail.com,421020,INR,recovered
CUST-002619,Carlie,Betz,Carlie Betz,carliebetz@gmail.com,908450,INR,overdue
CUST-002620,Jeni,Bhatt,Jeni Bhatt,jenibhatt@gmail.com,825190,INR,recovered
CUST-002621,Audi,Alton,Audi Alton,audialton@gmail.com,591190,INR,pending
CUST-002622,Edeline,Aronson,Edeline Aronson,edelinearonson@gmail.com,439770,INR,recovered
CUST-002623,Cele,Binnings,Cele Binnings,celebinnings@gmail.com,242900,INR,active
CUST-002624,Adriane,Berkow,Adriane Berkow,adrianeberkow@gmail.com,497360,INR,active
CUST-002625,Izabel,Alake,Izabel Alake,izabelalake@gmail.com,487120,INR,in_progress
CUST-002626,Florri,Alana,Florri Alana,florrialana@gmail.com,221290,INR,pending
CUST-002627,Domini,Bang,Domini Bang,dominibang@gmail.com,648720,INR,in_progress
CUST-002628,Ginnie,Asare,Ginnie Asare,ginnieasare@gmail.com,929550,INR,in_progress
CUST-002629,Billie,Adriene,Billie Adriene,billieadriene@gmail.com,78710,INR,recovered
CUST-002630,Charla,Astto,Charla Astto,charlaastto@gmail.com,457470,INR,recovered
CUST-002631,Brynn,Arleyne,Brynn Arleyne,brynnarleyne@gmail.com,889330,INR,pending
CUST-002632,Elita,Avraham,Elita Avraham,elitaavraham@gmail.com,923450,INR,pending
CUST-002633,Emyle,Bara,Emyle Bara,emylebara@gmail.com,749200,INR,recovered
CUST-002634,Cindie,Belden,Cindie Belden,cindiebelden@gmail.com,674820,INR,active
CUST-002635,Colly,Batista,Colly Batista,collybatista@gmail.com,230910,INR,recovered
CUST-002636,Charlean,Avie,Charlean Avie,charleanavie@gmail.com,22680,INR,overdue
CUST-002637,Ethelyn,Ailin,Ethelyn Ailin,ethelynailin@gmail.com,433960,INR,in_progress
CUST-002638,Davida,Abdella,Davida Abdella,davidaabdella@gmail.com,513520,INR,overdue
CUST-002639,Abhishek,Bara,Abhishek Bara,abhishekbara@gmail.com,599090,INR,recovered
CUST-002640,Alverta,Amye,Alverta Amye,alvertaamye@gmail.com,71680,INR,active
CUST-002641,Athena,Adim,Athena Adim,athenaadim@gmail.com,985760,INR,pending
CUST-002642,Audie,Armstrong,Audie Armstrong,audiearmstrong@gmail.com,456430,INR,pending
CUST-002643,Alexa,Amando,Alexa Amando,alexaamando@gmail.com,944350,INR,in_progress
CUST-002644,Eba,Abrams,Eba Abrams,ebaabrams@gmail.com,505330,INR,pending
CUST-002645,Florida,Blakelee,Florida Blakelee,floridablakelee@gmail.com,826300,INR,pending
CUST-002646,Amelie,Ali,Amelie Ali,amelieali@gmail.com,369160,INR,overdue
CUST-002647,Dede,Audre,Dede Audre,dedeaudre@gmail.com,459080,INR,in_progress
CUST-002648,Corie,Anastasia,Corie Anastasia,corieanastasia@gmail.com,448670,INR,active
CUST-002649,Aeriell,Africah,Aeriell Africah,aeriellafricah@gmail.com,802860,INR,pending
CUST-002650,Davida,Kaur,Davida Kaur,davidakaur@gmail.com,7740,INR,active
CUST-002651,Denys,Audrey,Denys Audrey,denysaudrey@gmail.com,465250,INR,recovered
CUST-002652,Constance,Aubigny,Constance Aubigny,constanceaubigny@gmail.com,198170,INR,overdue
CUST-002653,Cherilyn,Bang,Cherilyn Bang,cherilynbang@gmail.com,876010,INR,pending
CUST-002654,Jen,Blim,Jen Blim,jenblim@gmail.com,960060,INR,in_progress
CUST-002655,Gerti,Aleck,Gerti Aleck,gertialeck@gmail.com,983080,INR,pending
CUST-002656,Brear,Barram,Brear Barram,brearbarram@gmail.com,334790,INR,recovered
CUST-002657,Greer,Bianka,Greer Bianka,greerbianka@gmail.com,255480,INR,active
CUST-002658,Gretal,Amando,Gretal Amando,gretalamando@gmail.com,783660,INR,active
CUST-002659,Becki,Beryl,Becki Beryl,beckiberyl@gmail.com,701700,INR,recovered
CUST-002660,Babita,Anyah,Babita Anyah,babitaanyah@gmail.com,221250,INR,active
CUST-002661,Doris,Allwein,Doris Allwein,dorisallwein@gmail.com,34830,INR,in_progress
CUST-002662,Alfreda,Adolphe,Alfreda Adolphe,alfredaadolphe@gmail.com,355730,INR,recovered
CUST-002663,Cristen,Arlina,Cristen Arlina,cristenarlina@gmail.com,269930,INR,pending
CUST-002664,Barbe,Avivah,Barbe Avivah,barbeavivah@gmail.com,781550,INR,pending
CUST-002665,Buffy,Barrus,Buffy Barrus,buffybarrus@gmail.com,553080,INR,recovered
CUST-002666,Danica,Barri,Danica Barri,danicabarri@gmail.com,134120,INR,in_progress
CUST-002667,Abigael,Bekki,Abigael Bekki,abigaelbekki@gmail.com,333310,INR,active
CUST-002668,Helaina,Binny,Helaina Binny,helainabinny@gmail.com,802740,INR,recovered
CUST-002669,Harlene,Aguayo,Harlene Aguayo,harleneaguayo@gmail.com,8860,INR,pending
CUST-002670,Sumit,Boeschen,Sumit Boeschen,sumitboeschen@gmail.com,684340,INR,overdue
CUST-002671,Elenore,Bick,Elenore Bick,elenorebick@gmail.com,509020,INR,active
CUST-002672,Bonnie,Allie,Bonnie Allie,bonnieallie@gmail.com,736690,INR,in_progress
CUST-002673,Giana,Ballard,Giana Ballard,gianaballard@gmail.com,64470,INR,pending
CUST-002674,Chicky,Betta,Chicky Betta,chickybetta@gmail.com,221780,INR,overdue
CUST-002675,Hanny,Andre,Hanny Andre,hannyandre@gmail.com,207240,INR,in_progress
CUST-002676,Deerdre,Bertsche,Deerdre Bertsche,deerdrebertsche@gmail.com,219830,INR,pending
CUST-002677,Diya,Mishra,Diya Mishra,diyamishra@gmail.com,138760,INR,active
CUST-002678,Jacklyn,Andrei,Jacklyn Andrei,jacklynandrei@gmail.com,670130,INR,recovered
CUST-002679,Claude,Ansley,Claude Ansley,claudeansley@gmail.com,34600,INR,in_progress
CUST-002680,Carolyn,Arne,Carolyn Arne,carolynarne@gmail.com,597280,INR,pending
CUST-002681,Darby,Apul,Darby Apul,darbyapul@gmail.com,505220,INR,active
CUST-002682,Jenifer,Ardy,Jenifer Ardy,jeniferardy@gmail.com,482560,INR,overdue
CUST-002683,Dorene,Arnelle,Dorene Arnelle,dorenearnelle@gmail.com,990450,INR,recovered
CUST-002684,Freddy,Anthiathia,Freddy Anthiathia,freddyanthiathia@gmail.com,322940,INR,recovered
CUST-002685,Doreen,Betthel,Doreen Betthel,doreenbetthel@gmail.com,704960,INR,recovered
CUST-002686,Harriette,Belloir,Harriette Belloir,harriettebelloir@gmail.com,565460,INR,active
CUST-002687,Janetta,Addison,Janetta Addison,janettaaddison@gmail.com,121460,INR,recovered
CUST-002688,Callie,Berky,Callie Berky,callieberky@gmail.com,760880,INR,recovered
CUST-002689,Charmine,Blasius,Charmine Blasius,charmineblasius@gmail.com,905280,INR,recovered
CUST-002690,Elga,Baptista,Elga Baptista,elgabaptista@gmail.com,44440,INR,in_progress
CUST-002691,Cornela,Bartel,Cornela Bartel,cornelabartel@gmail.com,976310,INR,overdue
CUST-002692,Faustine,Anderson,Faustine Anderson,faustineanderson@gmail.com,798980,INR,active
CUST-002693,Alysa,Andrews,Alysa Andrews,alysaandrews@gmail.com,773810,INR,in_progress
CUST-002694,Edythe,Kothari,Edythe Kothari,edythekothari@gmail.com,613440,INR,active
CUST-002695,Beryle,Auburta,Beryle Auburta,beryleauburta@gmail.com,549780,INR,overdue
CUST-002696,Emily,Andersen,Emily Andersen,emilyandersen@gmail.com,723510,INR,in_progress
CUST-002697,Donni,Aigneis,Donni Aigneis,donniaigneis@gmail.com,822620,INR,overdue
CUST-002698,Herminia,Benjamin,Herminia Benjamin,herminiabenjamin@gmail.com,805380,INR,in_progress
CUST-002699,Elsey,Ally,Elsey Ally,elseyally@gmail.com,835440,INR,in_progress
CUST-002700,Drucill,Bink,Drucill Bink,drucillbink@gmail.com,77360,INR,active
CUST-002701,Daron,Auroora,Daron Auroora,daronauroora@gmail.com,739620,INR,in_progress
CUST-002702,Camala,Auroora,Camala Auroora,camalaauroora@gmail.com,690000,INR,overdue
CUST-002703,Adrianna,Anzovin,Adrianna Anzovin,adriannaanzovin@gmail.com,689990,INR,active
CUST-002704,Gisella,Ava,Gisella Ava,gisellaava@gmail.com,812350,INR,in_progress
CUST-002705,Andriana,Audris,Andriana Audris,andrianaaudris@gmail.com,643120,INR,pending
CUST-002706,Delcine,Belloir,Delcine Belloir,delcinebelloir@gmail.com,874780,INR,in_progress
CUST-002707,Glenn,Addiel,Glenn Addiel,glennaddiel@gmail.com,429180,INR,pending
CUST-002708,Christal,Batha,Christal Batha,christalbatha@gmail.com,352830,INR,pending
CUST-002709,Corly,Alexandr,Corly Alexandr,corlyalexandr@gmail.com,713010,INR,overdue
CUST-002710,Dulci,Arlen,Dulci Arlen,dulciarlen@gmail.com,3240,INR,recovered
CUST-002711,Freddi,Betteann,Freddi Betteann,freddibetteann@gmail.com,623090,INR,overdue
CUST-002712,Caren,Aviva,Caren Aviva,carenaviva@gmail.com,742520,INR,in_progress
CUST-002713,Chiquita,Blunt,Chiquita Blunt,chiquitablunt@gmail.com,900370,INR,active
CUST-002714,Codie,Astred,Codie Astred,codieastred@gmail.com,119070,INR,pending
CUST-002715,Dolores,Angell,Dolores Angell,doloresangell@gmail.com,609030,INR,recovered
CUST-002716,Amelia,Annnora,Amelia Annnora,ameliaannnora@gmail.com,334510,INR,overdue
CUST-002717,Betsey,Allwein,Betsey Allwein,betseyallwein@gmail.com,79870,INR,pending
CUST-002718,Hilde,Basset,Hilde Basset,hildebasset@gmail.com,549270,INR,active
CUST-002719,Cassie,Ardell,Cassie Ardell,cassieardell@gmail.com,859430,INR,pending
CUST-002720,Gaylene,Baker,Gaylene Baker,gaylenebaker@gmail.com,489640,INR,active
CUST-002721,Audry,Axel,Audry Axel,audryaxel@gmail.com,24630,INR,overdue
CUST-002722,Crystal,Bellew,Crystal Bellew,crystalbellew@gmail.com,637780,INR,in_progress
CUST-002723,Helsa,Belva,Helsa Belva,helsabelva@gmail.com,175740,INR,overdue
CUST-002724,Gabie,Blankenship,Gabie Blankenship,gabieblankenship@gmail.com,691330,INR,active
CUST-002725,Erena,Adara,Erena Adara,erenaadara@gmail.com,596600,INR,overdue
CUST-002726,Jamie,Ahlgren,Jamie Ahlgren,jamieahlgren@gmail.com,149800,INR,overdue
CUST-002727,Deane,Badger,Deane Badger,deanebadger@gmail.com,477570,INR,pending
CUST-002728,Cordey,Adelheid,Cordey Adelheid,cordeyadelheid@gmail.com,33130,INR,overdue
CUST-002729,Alverta,Alla,Alverta Alla,alvertaalla@gmail.com,769510,INR,recovered
CUST-002730,Jasmina,Asquith,Jasmina Asquith,jasminaasquith@gmail.com,832160,INR,pending
CUST-002731,Dulcie,Astred,Dulcie Astred,dulcieastred@gmail.com,914800,INR,pending
CUST-002732,Dania,Aronson,Dania Aronson,daniaaronson@gmail.com,557060,INR,in_progress
CUST-002733,Catharine,Bansal,Catharine Bansal,catharinebansal@gmail.com,625740,INR,active
CUST-002734,Etty,Aluino,Etty Aluino,ettyaluino@gmail.com,171860,INR,pending
CUST-002735,Cris,Arch,Cris Arch,crisarch@gmail.com,918140,INR,in_progress
CUST-002736,Belia,Adelia,Belia Adelia,beliaadelia@gmail.com,963880,INR,active
CUST-002737,Dodie,Ahrendt,Dodie Ahrendt,dodieahrendt@gmail.com,924780,INR,pending
CUST-002738,Dionne,Abisha,Dionne Abisha,dionneabisha@gmail.com,980250,INR,in_progress
CUST-002739,Amandy,Andrus,Amandy Andrus,amandyandrus@gmail.com,299790,INR,pending
CUST-002740,Anselma,Antonetta,Anselma Antonetta,anselmaantonetta@gmail.com,537760,INR,overdue
CUST-002741,Diane,Beauvais,Diane Beauvais,dianebeauvais@gmail.com,205420,INR,active
CUST-002742,Ceciley,Alvord,Ceciley Alvord,cecileyalvord@gmail.com,687770,INR,in_progress
CUST-002743,Aggy,Adriell,Aggy Adriell,aggyadriell@gmail.com,384470,INR,recovered
CUST-002744,Fawn,Banks,Fawn Banks,fawnbanks@gmail.com,182170,INR,in_progress
CUST-002745,Gertrudis,Belen,Gertrudis Belen,gertrudisbelen@gmail.com,413460,INR,in_progress
CUST-002746,Andriana,Ashleigh,Andriana Ashleigh,andrianaashleigh@gmail.com,674760,INR,in_progress
CUST-002747,Guinevere,Bethanne,Guinevere Bethanne,guineverebethanne@gmail.com,657410,INR,recovered
CUST-002748,Erna,Ailbert,Erna Ailbert,ernaailbert@gmail.com,183790,INR,pending
CUST-002749,Desdemona,Blaseio,Desdemona Blaseio,desdemonablaseio@gmail.com,863660,INR,recovered
CUST-002750,Geeta,Antony,Geeta Antony,geetaantony@gmail.com,488770,INR,in_progress
CUST-002751,Carla,Adar,Carla Adar,carlaadar@gmail.com,223960,INR,pending
CUST-002752,Britney,Benito,Britney Benito,britneybenito@gmail.com,788210,INR,active
CUST-002753,Eleanora,Abie,Eleanora Abie,eleanoraabie@gmail.com,246520,INR,active
CUST-002754,Edithe,Bekelja,Edithe Bekelja,edithebekelja@gmail.com,657060,INR,active
CUST-002755,Anthea,Bailey,Anthea Bailey,antheabailey@gmail.com,742920,INR,in_progress
CUST-002756,Eran,Adrienne,Eran Adrienne,eranadrienne@gmail.com,850710,INR,active
CUST-002757,Dyanna,Bodnar,Dyanna Bodnar,dyannabodnar@gmail.com,455290,INR,in_progress
CUST-002758,Camile,Algernon,Camile Algernon,camilealgernon@gmail.com,462320,INR,pending
CUST-002759,Elie,Alejandro,Elie Alejandro,eliealejandro@gmail.com,992500,INR,recovered
CUST-002760,Charo,Betthel,Charo Betthel,charobetthel@gmail.com,527400,INR,active
CUST-002761,Henryetta,Bettina,Henryetta Bettina,henryettabettina@gmail.com,701470,INR,pending
CUST-002762,Cariotta,Barby,Cariotta Barby,cariottabarby@gmail.com,690480,INR,recovered
CUST-002763,Angil,Alika,Angil Alika,angilalika@gmail.com,16550,INR,overdue
CUST-002764,Amara,Barren,Amara Barren,amarabarren@gmail.com,752920,INR,in_progress
CUST-002765,Ara,Batruk,Ara Batruk,arabatruk@gmail.com,847920,INR,recovered
CUST-002766,Fanni,Alverta,Fanni Alverta,fannialverta@gmail.com,221200,INR,pending
CUST-002767,Daria,Alli,Daria Alli,dariaalli@gmail.com,884320,INR,recovered
CUST-002768,Aline,Ambrosia,Aline Ambrosia,alineambrosia@gmail.com,725070,INR,active
CUST-002769,Connie,Ad,Connie Ad,conniead@gmail.com,213650,INR,pending
CUST-002770,Denni,Adamok,Denni Adamok,denniadamok@gmail.com,433720,INR,in_progress
CUST-002771,Barrie,Bithia,Barrie Bithia,barriebithia@gmail.com,479230,INR,pending
CUST-002772,Dalenna,Allare,Dalenna Allare,dalennaallare@gmail.com,202050,INR,overdue
CUST-002773,Aeriell,Astrix,Aeriell Astrix,aeriellastrix@gmail.com,805360,INR,pending
CUST-002774,Anni,Adelbert,Anni Adelbert,anniadelbert@gmail.com,876930,INR,in_progress
CUST-002775,Etheline,Alessandro,Etheline Alessandro,ethelinealessandro@gmail.com,728140,INR,overdue
CUST-002776,Dareen,Adamson,Dareen Adamson,dareenadamson@gmail.com,949380,INR,in_progress
CUST-002777,Aditya,Alisa,Aditya Alisa,adityaalisa@gmail.com,12610,INR,pending
CUST-002778,Jacquenette,Ariel,Jacquenette Ariel,jacquenetteariel@gmail.com,97310,INR,recovered
CUST-002779,Abbey,Barbey,Abbey Barbey,abbeybarbey@gmail.com,330210,INR,pending
CUST-002780,Claudia,Birk,Claudia Birk,claudiabirk@gmail.com,375860,INR,pending
CUST-002781,Briny,Aleron,Briny Aleron,brinyaleron@gmail.com,214030,INR,in_progress
CUST-002782,Anny,Bloem,Anny Bloem,annybloem@gmail.com,671400,INR,recovered
CUST-002783,Faun,Beesley,Faun Beesley,faunbeesley@gmail.com,524030,INR,pending
CUST-002784,Cari,Bhatia,Cari Bhatia,caribhatia@gmail.com,639770,INR,pending
CUST-002785,Claresta,Berriman,Claresta Berriman,clarestaberriman@gmail.com,100980,INR,pending
CUST-002786,Alexis,Abernon,Alexis Abernon,alexisabernon@gmail.com,30160,INR,active
CUST-002787,Crysta,Balough,Crysta Balough,crystabalough@gmail.com,547180,INR,active
CUST-002788,Gertrude,Berl,Gertrude Berl,gertrudeberl@gmail.com,458700,INR,pending
CUST-002789,Darbie,Berkow,Darbie Berkow,darbieberkow@gmail.com,877570,INR,active
CUST-002790,Aurelie,Amar,Aurelie Amar,aurelieamar@gmail.com,910540,INR,in_progress
CUST-002791,Barbey,Augustus,Barbey Augustus,barbeyaugustus@gmail.com,868380,INR,overdue
CUST-002792,Anatola,Alrzc,Anatola Alrzc,anatolaalrzc@gmail.com,199520,INR,pending
CUST-002793,Cristin,Baptist,Cristin Baptist,cristinbaptist@gmail.com,134920,INR,active
CUST-002794,Catlin,Austine,Catlin Austine,catlinaustine@gmail.com,375920,INR,active
CUST-002795,Adelheid,Beichner,Adelheid Beichner,adelheidbeichner@gmail.com,328600,INR,overdue
CUST-002796,Bettine,Ambrosane,Bettine Ambrosane,bettineambrosane@gmail.com,25050,INR,overdue
CUST-002797,Jan,Bard,Jan Bard,janbard@gmail.com,817210,INR,pending
CUST-002798,Fayth,Albertina,Fayth Albertina,faythalbertina@gmail.com,959980,INR,pending
CUST-002799,Goldarina,Amalee,Goldarina Amalee,goldarinaamalee@gmail.com,785320,INR,overdue
CUST-002800,Illa,Andrade,Illa Andrade,illaandrade@gmail.com,83580,INR,recovered
CUST-002801,Jacintha,Aldous,Jacintha Aldous,jacinthaaldous@gmail.com,617050,INR,overdue
CUST-002802,Dacia,Shinde,Dacia Shinde,daciashinde@gmail.com,447160,INR,recovered
CUST-002803,Janene,Amalle,Janene Amalle,janeneamalle@gmail.com,340850,INR,overdue
CUST-002804,Cornela,Basil,Cornela Basil,cornelabasil@gmail.com,322430,INR,pending
CUST-002805,Blanca,Alejandrina,Blanca Alejandrina,blancaalejandrina@gmail.com,515860,INR,recovered
CUST-002806,Dyan,Amelia,Dyan Amelia,dyanamelia@gmail.com,615230,INR,recovered
CUST-002807,Anestassia,Araldo,Anestassia Araldo,anestassiaaraldo@gmail.com,125710,INR,recovered
CUST-002808,Clarinda,Aiden,Clarinda Aiden,clarindaaiden@gmail.com,668230,INR,overdue
CUST-002809,Celeste,Andria,Celeste Andria,celesteandria@gmail.com,448000,INR,pending
CUST-002810,Hadria,Ardra,Hadria Ardra,hadriaardra@gmail.com,107540,INR,overdue
CUST-002811,Elka,Bevin,Elka Bevin,elkabevin@gmail.com,88910,INR,pending
CUST-002812,Corrianne,Amble,Corrianne Amble,corrianneamble@gmail.com,428070,INR,recovered
CUST-002813,Elaine,Behn,Elaine Behn,elainebehn@gmail.com,480660,INR,pending
CUST-002814,Gayla,Balbinder,Gayla Balbinder,gaylabalbinder@gmail.com,476250,INR,overdue
CUST-002815,Janey,Alejandro,Janey Alejandro,janeyalejandro@gmail.com,754070,INR,overdue
CUST-002816,Evangeline,Abrahamsen,Evangeline Abrahamsen,evangelineabrahamsen@gmail.com,506890,INR,pending
CUST-002817,Gillan,Alyce,Gillan Alyce,gillanalyce@gmail.com,793230,INR,overdue
CUST-002818,Gayle,Ahron,Gayle Ahron,gayleahron@gmail.com,690310,INR,recovered
CUST-002819,Antoinette,Ahearn,Antoinette Ahearn,antoinetteahearn@gmail.com,987520,INR,in_progress
CUST-002820,Delphinia,Amir,Delphinia Amir,delphiniaamir@gmail.com,271200,INR,pending
CUST-002821,Dagmar,Abernathy,Dagmar Abernathy,dagmarabernathy@gmail.com,868360,INR,active
CUST-002822,Elysia,Bacon,Elysia Bacon,elysiabacon@gmail.com,699670,INR,active
CUST-002823,Diann,Annette,Diann Annette,diannannette@gmail.com,871980,INR,active
CUST-002824,Florinda,Berrie,Florinda Berrie,florindaberrie@gmail.com,425080,INR,active
CUST-002825,Cathleen,Alanna,Cathleen Alanna,cathleenalanna@gmail.com,253870,INR,recovered
CUST-002826,Bobbye,Belshin,Bobbye Belshin,bobbyebelshin@gmail.com,551860,INR,overdue
CUST-002827,Darsie,Bobbette,Darsie Bobbette,darsiebobbette@gmail.com,322510,INR,overdue
CUST-002828,Ines,Amandy,Ines Amandy,inesamandy@gmail.com,171660,INR,in_progress
CUST-002829,Carry,Bakemeier,Carry Bakemeier,carrybakemeier@gmail.com,832920,INR,in_progress
CUST-002830,Celeste,Austina,Celeste Austina,celesteaustina@gmail.com,70680,INR,in_progress
CUST-002831,Brooks,Ardith,Brooks Ardith,brooksardith@gmail.com,912300,INR,in_progress
CUST-002832,Darleen,Bartle,Darleen Bartle,darleenbartle@gmail.com,90200,INR,in_progress
CUST-002833,Gabi,Ashil,Gabi Ashil,gabiashil@gmail.com,574180,INR,pending
CUST-002834,Abbi,Anstice,Abbi Anstice,abbianstice@gmail.com,48450,INR,recovered
CUST-002835,Guillemette,Avril,Guillemette Avril,guillemetteavril@gmail.com,391580,INR,pending
CUST-002836,Dodi,Annabela,Dodi Annabela,dodiannabela@gmail.com,940240,INR,in_progress
CUST-002837,Goldia,Amalburga,Goldia Amalburga,goldiaamalburga@gmail.com,865440,INR,overdue
CUST-002838,Caron,Bertilla,Caron Bertilla,caronbertilla@gmail.com,772050,INR,overdue
CUST-002839,Chantal,Ashia,Chantal Ashia,chantalashia@gmail.com,852630,INR,pending
CUST-002840,Amandy,Beall,Amandy Beall,amandybeall@gmail.com,537010,INR,active
CUST-002841,Edna,Arta,Edna Arta,ednaarta@gmail.com,224910,INR,pending
CUST-002842,Clio,Aynat,Clio Aynat,clioaynat@gmail.com,109530,INR,pending
CUST-002843,Faunie,Bazar,Faunie Bazar,fauniebazar@gmail.com,551380,INR,active
CUST-002844,Ania,Biron,Ania Biron,aniabiron@gmail.com,94440,INR,pending
CUST-002845,Aditya,Beard,Aditya Beard,adityabeard@gmail.com,756950,INR,pending
CUST-002846,Emili,Ally,Emili Ally,emilially@gmail.com,951910,INR,overdue
CUST-002847,Abbi,Audly,Abbi Audly,abbiaudly@gmail.com,629590,INR,recovered
CUST-002848,Bibbie,Bibeau,Bibbie Bibeau,bibbiebibeau@gmail.com,202130,INR,pending
CUST-002849,Ferdinande,Alana,Ferdinande Alana,ferdinandealana@gmail.com,859570,INR,recovered
CUST-002850,Eloise,Beulah,Eloise Beulah,eloisebeulah@gmail.com,282680,INR,overdue
CUST-002851,Beverlie,Artemas,Beverlie Artemas,beverlieartemas@gmail.com,485570,INR,overdue
CUST-002852,Anjali,Bee,Anjali Bee,anjalibee@gmail.com,787630,INR,in_progress
CUST-002853,Cathi,Andres,Cathi Andres,cathiandres@gmail.com,892850,INR,pending
CUST-002854,Gwenneth,Ahoufe,Gwenneth Ahoufe,gwennethahoufe@gmail.com,789380,INR,overdue
CUST-002855,Ivette,Barabas,Ivette Barabas,ivettebarabas@gmail.com,421470,INR,active
CUST-002856,Annmaria,Anchie,Annmaria Anchie,annmariaanchie@gmail.com,45130,INR,pending
CUST-002857,Cecilla,Abernon,Cecilla Abernon,cecillaabernon@gmail.com,866310,INR,in_progress
CUST-002858,Greer,Bevin,Greer Bevin,greerbevin@gmail.com,975190,INR,pending
CUST-002859,Dionis,Bertolde,Dionis Bertolde,dionisbertolde@gmail.com,661530,INR,recovered
CUST-002860,Cybil,Baudoin,Cybil Baudoin,cybilbaudoin@gmail.com,956770,INR,overdue
CUST-002861,Idalia,Betthezul,Idalia Betthezul,idaliabetthezul@gmail.com,203370,INR,in_progress
CUST-002862,Ardelis,Belter,Ardelis Belter,ardelisbelter@gmail.com,509290,INR,recovered
CUST-002863,Cate,Berkeley,Cate Berkeley,cateberkeley@gmail.com,23250,INR,pending
CUST-002864,Corinna,Beora,Corinna Beora,corinnabeora@gmail.com,61600,INR,in_progress
CUST-002865,Caroljean,Beryl,Caroljean Beryl,caroljeanberyl@gmail.com,414480,INR,active
CUST-002866,Clemence,Alexei,Clemence Alexei,clemencealexei@gmail.com,629110,INR,pending
CUST-002867,Janetta,Alysa,Janetta Alysa,janettaalysa@gmail.com,909000,INR,pending
CUST-002868,Benny,Bandur,Benny Bandur,bennybandur@gmail.com,574100,INR,pending
CUST-002869,Om,Bernj,Om Bernj,ombernj@gmail.com,540030,INR,recovered
CUST-002870,Caresse,Benjie,Caresse Benjie,caressebenjie@gmail.com,92230,INR,active
CUST-002871,Courtnay,Blim,Courtnay Blim,courtnayblim@gmail.com,760930,INR,recovered
CUST-002872,Cybill,Anis,Cybill Anis,cybillanis@gmail.com,473970,INR,overdue
CUST-002873,Florette,Blisse,Florette Blisse,floretteblisse@gmail.com,447840,INR,pending
CUST-002874,Ardelia,Arliene,Ardelia Arliene,ardeliaarliene@gmail.com,846320,INR,recovered
CUST-002875,Aura,Beyer,Aura Beyer,aurabeyer@gmail.com,564280,INR,recovered
CUST-002876,Jaquenette,Adaminah,Jaquenette Adaminah,jaquenetteadaminah@gmail.com,375580,INR,in_progress
CUST-002877,Cathee,Agustin,Cathee Agustin,catheeagustin@gmail.com,982230,INR,active
CUST-002878,Carley,Thakur,Carley Thakur,carleythakur@gmail.com,419830,INR,in_progress
CUST-002879,Georgeanne,Aylward,Georgeanne Aylward,georgeanneaylward@gmail.com,2200,INR,recovered
CUST-002880,Aubrie,Barabas,Aubrie Barabas,aubriebarabas@gmail.com,370710,INR,pending
CUST-002881,Adina,Asel,Adina Asel,adinaasel@gmail.com,971270,INR,recovered
CUST-002882,Fanya,Astto,Fanya Astto,fanyaastto@gmail.com,743770,INR,in_progress
CUST-002883,Jenn,Antipas,Jenn Antipas,jennantipas@gmail.com,987020,INR,overdue
CUST-002884,Deanna,Blunt,Deanna Blunt,deannablunt@gmail.com,641550,INR,active
CUST-002885,Bunnie,Alasdair,Bunnie Alasdair,bunniealasdair@gmail.com,942740,INR,in_progress
CUST-002886,Erda,Addi,Erda Addi,erdaaddi@gmail.com,629200,INR,in_progress
CUST-002887,Amelia,Ardy,Amelia Ardy,ameliaardy@gmail.com,263980,INR,overdue
CUST-002888,Caryl,Audrie,Caryl Audrie,carylaudrie@gmail.com,229850,INR,pending
CUST-002889,Annabela,Andeee,Annabela Andeee,annabelaandeee@gmail.com,522620,INR,pending
CUST-002890,Giuditta,Arndt,Giuditta Arndt,giudittaarndt@gmail.com,292100,INR,overdue
CUST-002891,Eliza,Baxy,Eliza Baxy,elizabaxy@gmail.com,434050,INR,recovered
CUST-002892,Enid,Bald,Enid Bald,enidbald@gmail.com,45510,INR,recovered
CUST-002893,Hetty,Annamaria,Hetty Annamaria,hettyannamaria@gmail.com,403050,INR,overdue
CUST-002894,Herta,Ardis,Herta Ardis,hertaardis@gmail.com,800690,INR,in_progress
CUST-002895,Janot,Arakawa,Janot Arakawa,janotarakawa@gmail.com,941010,INR,recovered
CUST-002896,Barbi,Abbye,Barbi Abbye,barbiabbye@gmail.com,993810,INR,recovered
CUST-002897,Grier,Bobbette,Grier Bobbette,grierbobbette@gmail.com,591340,INR,in_progress
CUST-002898,Dacey,Bluefarb,Dacey Bluefarb,daceybluefarb@gmail.com,332600,INR,overdue
CUST-002899,Em,Adler,Em Adler,emadler@gmail.com,296090,INR,overdue
CUST-002900,Janine,Awad,Janine Awad,janineawad@gmail.com,101440,INR,pending
CUST-002901,Herminia,Rawat,Herminia Rawat,herminiarawat@gmail.com,986960,INR,recovered
CUST-002902,Arlette,Adaiha,Arlette Adaiha,arletteadaiha@gmail.com,640930,INR,in_progress
CUST-002903,Cyndy,Aslam,Cyndy Aslam,cyndyaslam@gmail.com,981580,INR,recovered
CUST-002904,Amye,Arni,Amye Arni,amyearni@gmail.com,992920,INR,pending
CUST-002905,Dasi,Adriena,Dasi Adriena,dasiadriena@gmail.com,597860,INR,active
CUST-002906,Cloris,Anatolio,Cloris Anatolio,clorisanatolio@gmail.com,261170,INR,recovered
CUST-002907,Delores,Bega,Delores Bega,deloresbega@gmail.com,693270,INR,pending
CUST-002908,Ardeen,Baruch,Ardeen Baruch,ardeenbaruch@gmail.com,388370,INR,active
CUST-002909,Casey,Barnard,Casey Barnard,caseybarnard@gmail.com,116720,INR,in_progress
CUST-002910,Dael,Bernita,Dael Bernita,daelbernita@gmail.com,590460,INR,overdue
CUST-002911,Ivette,Adamski,Ivette Adamski,ivetteadamski@gmail.com,872370,INR,recovered
CUST-002912,Emmaline,Angadreme,Emmaline Angadreme,emmalineangadreme@gmail.com,187160,INR,recovered
CUST-002913,Elbertina,Aubin,Elbertina Aubin,elbertinaaubin@gmail.com,816660,INR,pending
CUST-002914,Bibi,Bettye,Bibi Bettye,bibibettye@gmail.com,81940,INR,in_progress
CUST-002915,Jada,Auliffe,Jada Auliffe,jadaauliffe@gmail.com,576860,INR,recovered
CUST-002916,Abigail,Bixler,Abigail Bixler,abigailbixler@gmail.com,334980,INR,overdue
CUST-002917,Corabel,Abbate,Corabel Abbate,corabelabbate@gmail.com,484500,INR,active
CUST-002918,Goldy,Amandy,Goldy Amandy,goldyamandy@gmail.com,658690,INR,pending
CUST-002919,Alyson,Belter,Alyson Belter,alysonbelter@gmail.com,781440,INR,recovered
CUST-002920,Clovis,Ari,Clovis Ari,clovisari@gmail.com,292470,INR,pending
CUST-002921,Emlynne,Belak,Emlynne Belak,emlynnebelak@gmail.com,843910,INR,in_progress
CUST-002922,Alena,Allmon,Alena Allmon,alenaallmon@gmail.com,764800,INR,in_progress
CUST-002923,Cordelie,Alejandrina,Cordelie Alejandrina,cordeliealejandrina@gmail.com,888450,INR,overdue
CUST-002924,Cara,Beaudoin,Cara Beaudoin,carabeaudoin@gmail.com,137590,INR,in_progress
CUST-002925,Heddi,Arnelle,Heddi Arnelle,heddiarnelle@gmail.com,138420,INR,overdue
CUST-002926,Crystie,Audi,Crystie Audi,crystieaudi@gmail.com,799060,INR,in_progress
CUST-002927,Advaith,Aurlie,Advaith Aurlie,advaithaurlie@gmail.com,240520,INR,recovered
CUST-002928,Harriet,Boff,Harriet Boff,harrietboff@gmail.com,104760,INR,overdue
CUST-002929,Hestia,Beller,Hestia Beller,hestiabeller@gmail.com,118670,INR,overdue
CUST-002930,Allegra,Bernstein,Allegra Bernstein,allegrabernstein@gmail.com,560970,INR,pending
CUST-002931,Edy,Arratoon,Edy Arratoon,edyarratoon@gmail.com,632020,INR,active
CUST-002932,Beatrice,Benjie,Beatrice Benjie,beatricebenjie@gmail.com,921410,INR,recovered
CUST-002933,Catlaina,Bernard,Catlaina Bernard,catlainabernard@gmail.com,312090,INR,in_progress
CUST-002934,Evvie,Beth,Evvie Beth,evviebeth@gmail.com,849180,INR,in_progress
CUST-002935,Erma,Ardyce,Erma Ardyce,ermaardyce@gmail.com,941160,INR,in_progress
CUST-002936,Avie,Bak,Avie Bak,aviebak@gmail.com,429310,INR,in_progress
CUST-002937,Cyndi,Augustin,Cyndi Augustin,cyndiaugustin@gmail.com,121260,INR,active
CUST-002938,Elli,Adar,Elli Adar,elliadar@gmail.com,281000,INR,overdue
CUST-002939,Haley,Anastasio,Haley Anastasio,haleyanastasio@gmail.com,618460,INR,overdue
CUST-002940,Bertina,Ajani,Bertina Ajani,bertinaajani@gmail.com,117910,INR,active
CUST-002941,Caty,Bella,Caty Bella,catybella@gmail.com,840270,INR,overdue
CUST-002942,Addy,Blakeley,Addy Blakeley,addyblakeley@gmail.com,185580,INR,in_progress
CUST-002943,Pooja,Abel,Pooja Abel,poojaabel@gmail.com,808900,INR,recovered
CUST-002944,Debera,Becker,Debera Becker,deberabecker@gmail.com,146400,INR,in_progress
CUST-002945,Faydra,Bax,Faydra Bax,faydrabax@gmail.com,891490,INR,pending
CUST-002946,Alissa,Bethezel,Alissa Bethezel,alissabethezel@gmail.com,432490,INR,recovered
CUST-002947,Gilemette,Bernstein,Gilemette Bernstein,gilemettebernstein@gmail.com,683570,INR,pending
CUST-002948,Barb,Androw,Barb Androw,barbandrow@gmail.com,869910,INR,active
CUST-002949,Grayce,Barbara,Grayce Barbara,graycebarbara@gmail.com,197060,INR,recovered
CUST-002950,Bette,Barth,Bette Barth,bettebarth@gmail.com,245220,INR,in_progress
CUST-002951,Cyndy,Any,Cyndy Any,cyndyany@gmail.com,777270,INR,overdue
CUST-002952,Danit,Armbruster,Danit Armbruster,danitarmbruster@gmail.com,293030,INR,pending
CUST-002953,Agneta,Bertrando,Agneta Bertrando,agnetabertrando@gmail.com,461610,INR,pending
CUST-002954,Jaquith,Agneta,Jaquith Agneta,jaquithagneta@gmail.com,57370,INR,pending
CUST-002955,Dinesh,Mehta,Dinesh Mehta,dineshmehta@gmail.com,100330,INR,active
CUST-002956,Janessa,Bachman,Janessa Bachman,janessabachman@gmail.com,365300,INR,in_progress
CUST-002957,Adrian,Almund,Adrian Almund,adrianalmund@gmail.com,195480,INR,recovered
CUST-002958,Estelle,Aubrey,Estelle Aubrey,estelleaubrey@gmail.com,247310,INR,pending
CUST-002959,Andra,Audrey,Andra Audrey,andraaudrey@gmail.com,351500,INR,recovered
CUST-002960,Evvie,Anjali,Evvie Anjali,evvieanjali@gmail.com,295540,INR,active
CUST-002961,Anaya,Altis,Anaya Altis,anayaaltis@gmail.com,240730,INR,in_progress
CUST-002962,Dori,Alister,Dori Alister,dorialister@gmail.com,424580,INR,recovered
CUST-002963,Jayne,Amber,Jayne Amber,jayneamber@gmail.com,911980,INR,in_progress
CUST-002964,Andrea,Sharma,Andrea Sharma,andreasharma@gmail.com,397020,INR,active
CUST-002965,Harriett,Bloomer,Harriett Bloomer,harriettbloomer@gmail.com,660800,INR,pending
CUST-002966,Bell,Appledorf,Bell Appledorf,bellappledorf@gmail.com,454790,INR,pending
CUST-002967,Cynthie,Abbott,Cynthie Abbott,cynthieabbott@gmail.com,414980,INR,active
CUST-002968,Clair,Alban,Clair Alban,clairalban@gmail.com,661210,INR,overdue
CUST-002969,Connie,Amatruda,Connie Amatruda,connieamatruda@gmail.com,230390,INR,overdue
CUST-002970,Idell,Alrick,Idell Alrick,idellalrick@gmail.com,26480,INR,active
CUST-002971,Carey,Barcot,Carey Barcot,careybarcot@gmail.com,160960,INR,overdue
CUST-002972,Deeyn,Anthony,Deeyn Anthony,deeynanthony@gmail.com,8480,INR,overdue
CUST-002973,Anthea,Antonia,Anthea Antonia,antheaantonia@gmail.com,96330,INR,pending
CUST-002974,Pari,Algie,Pari Algie,parialgie@gmail.com,79290,INR,recovered
CUST-002975,Caroline,Alexina,Caroline Alexina,carolinealexina@gmail.com,830620,INR,in_progress
CUST-002976,Agnesse,Agace,Agnesse Agace,agnesseagace@gmail.com,139160,INR,pending
CUST-002977,Jazmin,Adlay,Jazmin Adlay,jazminadlay@gmail.com,18530,INR,in_progress
CUST-002978,Genni,Bettina,Genni Bettina,gennibettina@gmail.com,96660,INR,active
CUST-002979,Alverta,Alda,Alverta Alda,alvertaalda@gmail.com,972060,INR,active
CUST-002980,Floria,Bernadine,Floria Bernadine,floriabernadine@gmail.com,456410,INR,recovered
CUST-002981,Coralyn,Anstice,Coralyn Anstice,coralynanstice@gmail.com,45970,INR,pending
CUST-002982,Effie,Belayneh,Effie Belayneh,effiebelayneh@gmail.com,710830,INR,active
CUST-002983,Gwenora,Agarwal,Gwenora Agarwal,gwenoraagarwal@gmail.com,279690,INR,recovered
CUST-002984,Floris,Abbye,Floris Abbye,florisabbye@gmail.com,198470,INR,recovered
CUST-002985,Ethyl,Bathsheeb,Ethyl Bathsheeb,ethylbathsheeb@gmail.com,158860,INR,pending
CUST-002986,Calida,Andie,Calida Andie,calidaandie@gmail.com,423460,INR,in_progress
CUST-002987,Elbertine,Ashwin,Elbertine Ashwin,elbertineashwin@gmail.com,506240,INR,pending
CUST-002988,Alfie,Allred,Alfie Allred,alfieallred@gmail.com,621900,INR,pending
CUST-002989,Beilul,Bacon,Beilul Bacon,beilulbacon@gmail.com,782670,INR,active
CUST-002990,Bellanca,Andrea,Bellanca Andrea,bellancaandrea@gmail.com,433280,INR,active
CUST-002991,Arlena,Blum,Arlena Blum,arlenablum@gmail.com,2410,INR,in_progress
CUST-002992,Hyacinth,Aurelio,Hyacinth Aurelio,hyacinthaurelio@gmail.com,931270,INR,in_progress
CUST-002993,Beverlee,Angela,Beverlee Angela,beverleeangela@gmail.com,60410,INR,pending
CUST-002994,Cathie,Begga,Cathie Begga,cathiebegga@gmail.com,187380,INR,recovered
CUST-002995,Bonnee,Bergh,Bonnee Bergh,bonneebergh@gmail.com,700810,INR,recovered
CUST-002996,Aaryan,Angrist,Aaryan Angrist,aaryanangrist@gmail.com,975510,INR,recovered
CUST-002997,Elga,Agace,Elga Agace,elgaagace@gmail.com,161310,INR,overdue
CUST-002998,Janelle,Bakerman,Janelle Bakerman,janellebakerman@gmail.com,706020,INR,pending
CUST-002999,Bevvy,Bassett,Bevvy Bassett,bevvybassett@gmail.com,192290,INR,in_progress
CUST-003000,Rohit,Aluino,Rohit Aluino,rohitaluino@gmail.com,265220,INR,pending
CUST-003001,Fanchon,Adriell,Fanchon Adriell,fanchonadriell@gmail.com,371140,INR,recovered
CUST-003002,Florri,Alesandrini,Florri Alesandrini,florrialesandrini@gmail.com,654360,INR,active
CUST-003003,Dasie,Bertram,Dasie Bertram,dasiebertram@gmail.com,862990,INR,overdue
CUST-003004,Jannel,Boehmer,Jannel Boehmer,jannelboehmer@gmail.com,393050,INR,in_progress
CUST-003005,Ginny,Arlinda,Ginny Arlinda,ginnyarlinda@gmail.com,168860,INR,pending
CUST-003006,Carlie,Ardell,Carlie Ardell,carlieardell@gmail.com,698230,INR,overdue
CUST-003007,Halley,Ailsun,Halley Ailsun,halleyailsun@gmail.com,55310,INR,recovered
CUST-003008,Fey,Barny,Fey Barny,feybarny@gmail.com,186110,INR,recovered
CUST-003009,Deni,Atrice,Deni Atrice,deniatrice@gmail.com,464190,INR,in_progress
CUST-003010,Agatha,Ava,Agatha Ava,agathaava@gmail.com,276550,INR,recovered
CUST-003011,Diya,Barn,Diya Barn,diyabarn@gmail.com,318700,INR,overdue
CUST-003012,Constantine,Anny,Constantine Anny,constantineanny@gmail.com,192230,INR,overdue
CUST-003013,Avie,Barney,Avie Barney,aviebarney@gmail.com,545610,INR,in_progress
CUST-003014,Cherida,Atlee,Cherida Atlee,cheridaatlee@gmail.com,90580,INR,pending
CUST-003015,Farra,Aiello,Farra Aiello,farraaiello@gmail.com,249400,INR,recovered
CUST-003016,Dotti,Allyce,Dotti Allyce,dottiallyce@gmail.com,539790,INR,overdue
CUST-003017,Hilliary,Anthony,Hilliary Anthony,hilliaryanthony@gmail.com,326010,INR,overdue
CUST-003018,Dela,Anora,Dela Anora,delaanora@gmail.com,884790,INR,pending
CUST-003019,Britteny,Aldas,Britteny Aldas,brittenyaldas@gmail.com,127970,INR,recovered
CUST-003020,Jenna,Adrial,Jenna Adrial,jennaadrial@gmail.com,476510,INR,pending
CUST-003021,Bernadette,Anatole,Bernadette Anatole,bernadetteanatole@gmail.com,434120,INR,pending
CUST-003022,Andriette,Barr,Andriette Barr,andriettebarr@gmail.com,390410,INR,in_progress
CUST-003023,Elly,Body,Elly Body,ellybody@gmail.com,611830,INR,recovered
CUST-003024,Alissa,Alexandrina,Alissa Alexandrina,alissaalexandrina@gmail.com,219220,INR,overdue
CUST-003025,Giselle,Bauer,Giselle Bauer,gisellebauer@gmail.com,209030,INR,active
CUST-003026,Fawne,Ashely,Fawne Ashely,fawneashely@gmail.com,332860,INR,overdue
CUST-003027,Dolores,Bertle,Dolores Bertle,doloresbertle@gmail.com,460790,INR,overdue
CUST-003028,Christabel,As,Christabel As,christabelas@gmail.com,914750,INR,recovered
CUST-003029,Angelina,Billye,Angelina Billye,angelinabillye@gmail.com,632260,INR,pending
CUST-003030,Annalise,Adeline,Annalise Adeline,annaliseadeline@gmail.com,439970,INR,pending
CUST-003031,Jada,Antonin,Jada Antonin,jadaantonin@gmail.com,396280,INR,overdue
CUST-003032,Dasya,Bac,Dasya Bac,dasyabac@gmail.com,686590,INR,active
CUST-003033,Frank,Amberly,Frank Amberly,frankamberly@gmail.com,642050,INR,active
CUST-003034,Estelle,Adler,Estelle Adler,estelleadler@gmail.com,880160,INR,overdue
CUST-003035,Bobbee,Battat,Bobbee Battat,bobbeebattat@gmail.com,457280,INR,overdue
CUST-003036,Bryn,Arnaud,Bryn Arnaud,brynarnaud@gmail.com,228760,INR,recovered
CUST-003037,Fran,Algy,Fran Algy,franalgy@gmail.com,558310,INR,recovered
CUST-003038,Alix,Aurlie,Alix Aurlie,alixaurlie@gmail.com,207080,INR,recovered
CUST-003039,Ara,Blain,Ara Blain,arablain@gmail.com,139280,INR,active
CUST-003040,Eugenia,Benedix,Eugenia Benedix,eugeniabenedix@gmail.com,479040,INR,pending
CUST-003041,Elonore,Blayze,Elonore Blayze,elonoreblayze@gmail.com,371350,INR,pending
CUST-003042,Charissa,Aaron,Charissa Aaron,charissaaaron@gmail.com,227160,INR,overdue
CUST-003043,Darci,Ansel,Darci Ansel,darciansel@gmail.com,755790,INR,in_progress
CUST-003044,Ashli,Arty,Ashli Arty,ashliarty@gmail.com,404320,INR,pending
CUST-003045,Buffy,Aubine,Buffy Aubine,buffyaubine@gmail.com,770580,INR,overdue
CUST-003046,Genna,Antonio,Genna Antonio,gennaantonio@gmail.com,606410,INR,active
CUST-003047,Guillemette,Audre,Guillemette Audre,guillemetteaudre@gmail.com,933710,INR,overdue
CUST-003048,Farand,Astri,Farand Astri,farandastri@gmail.com,112460,INR,overdue
CUST-003049,Abbie,Bartko,Abbie Bartko,abbiebartko@gmail.com,307630,INR,active
CUST-003050,Bernardine,Blunt,Bernardine Blunt,bernardineblunt@gmail.com,185850,INR,pending
CUST-003051,Betty,Ardra,Betty Ardra,bettyardra@gmail.com,783510,INR,recovered
CUST-003052,Betsey,Bloom,Betsey Bloom,betseybloom@gmail.com,871780,INR,in_progress
CUST-003053,Dollie,Austreng,Dollie Austreng,dollieaustreng@gmail.com,739360,INR,in_progress
CUST-003054,Gerry,Bein,Gerry Bein,gerrybein@gmail.com,842980,INR,in_progress
CUST-003055,Aditya,Ben,Aditya Ben,adityaben@gmail.com,535480,INR,recovered
CUST-003056,Bebe,Aia,Bebe Aia,bebeaia@gmail.com,848850,INR,active
CUST-003057,Aloise,Artus,Aloise Artus,aloiseartus@gmail.com,647040,INR,in_progress
CUST-003058,Harrietta,Alis,Harrietta Alis,harriettaalis@gmail.com,985560,INR,recovered
CUST-003059,Belvia,Allina,Belvia Allina,belviaallina@gmail.com,529760,INR,overdue
CUST-003060,Dorie,Beker,Dorie Beker,doriebeker@gmail.com,448760,INR,overdue
CUST-003061,Clarette,Belloir,Clarette Belloir,clarettebelloir@gmail.com,989260,INR,overdue
CUST-003062,Aloisia,Alanah,Aloisia Alanah,aloisiaalanah@gmail.com,286570,INR,overdue
CUST-003063,Ines,Astrix,Ines Astrix,inesastrix@gmail.com,507750,INR,active
CUST-003064,Brenn,Bezanson,Brenn Bezanson,brennbezanson@gmail.com,902340,INR,in_progress
CUST-003065,Anvi,Annorah,Anvi Annorah,anviannorah@gmail.com,382650,INR,active
CUST-003066,April,Srivastava,April Srivastava,aprilsrivastava@gmail.com,187340,INR,recovered
CUST-003067,Cecilla,Bennett,Cecilla Bennett,cecillabennett@gmail.com,794860,INR,in_progress
CUST-003068,Jacquenette,Allayne,Jacquenette Allayne,jacquenetteallayne@gmail.com,256520,INR,recovered
CUST-003069,Gertrud,Allard,Gertrud Allard,gertrudallard@gmail.com,147070,INR,recovered
CUST-003070,Dix,Ambert,Dix Ambert,dixambert@gmail.com,394640,INR,in_progress
CUST-003071,Glynda,Aloke,Glynda Aloke,glyndaaloke@gmail.com,618940,INR,recovered
CUST-003072,Gipsy,Bigelow,Gipsy Bigelow,gipsybigelow@gmail.com,555530,INR,active
CUST-003073,Colly,Abbate,Colly Abbate,collyabbate@gmail.com,150680,INR,active
CUST-003074,Adrianne,Atwater,Adrianne Atwater,adrianneatwater@gmail.com,760220,INR,active
CUST-003075,Gert,Arbe,Gert Arbe,gertarbe@gmail.com,462730,INR,recovered
CUST-003076,Eustacia,Andrei,Eustacia Andrei,eustaciaandrei@gmail.com,415730,INR,pending
CUST-003077,Carolina,Bird,Carolina Bird,carolinabird@gmail.com,259370,INR,active
CUST-003078,Charo,Ancell,Charo Ancell,charoancell@gmail.com,427410,INR,in_progress
CUST-003079,Eda,Barbie,Eda Barbie,edabarbie@gmail.com,441970,INR,overdue
CUST-003080,Britt,Bethena,Britt Bethena,brittbethena@gmail.com,492160,INR,active
CUST-003081,Isobel,Adolf,Isobel Adolf,isobeladolf@gmail.com,276380,INR,recovered
CUST-003082,Audra,Atwater,Audra Atwater,audraatwater@gmail.com,592540,INR,recovered
CUST-003083,Muhammad,Bartle,Muhammad Bartle,muhammadbartle@gmail.com,519910,INR,active
CUST-003084,Caresse,Alwin,Caresse Alwin,caressealwin@gmail.com,16550,INR,overdue
CUST-003085,Ginny,Yadav,Ginny Yadav,ginnyyadav@gmail.com,973650,INR,overdue
CUST-003086,Jaquenetta,Birecree,Jaquenetta Birecree,jaquenettabirecree@gmail.com,171430,INR,in_progress
CUST-003087,Gilemette,Autrey,Gilemette Autrey,gilemetteautrey@gmail.com,736650,INR,overdue
CUST-003088,Brunhilde,Abbey,Brunhilde Abbey,brunhildeabbey@gmail.com,852010,INR,active
CUST-003089,Amandy,Ashien,Amandy Ashien,amandyashien@gmail.com,195720,INR,in_progress
CUST-003090,Barry,Benedicto,Barry Benedicto,barrybenedicto@gmail.com,808130,INR,recovered
CUST-003091,Amalle,Backer,Amalle Backer,amallebacker@gmail.com,645150,INR,overdue
CUST-003092,Ermentrude,Alvarez,Ermentrude Alvarez,ermentrudealvarez@gmail.com,240950,INR,recovered
CUST-003093,Faunie,Anthia,Faunie Anthia,faunieanthia@gmail.com,99840,INR,recovered
CUST-003094,Caroline,Beckerman,Caroline Beckerman,carolinebeckerman@gmail.com,497740,INR,in_progress
CUST-003095,Harriett,Billye,Harriett Billye,harriettbillye@gmail.com,496350,INR,recovered
CUST-003096,Inesita,Alves,Inesita Alves,inesitaalves@gmail.com,626170,INR,overdue
CUST-003097,Dottie,Aleda,Dottie Aleda,dottiealeda@gmail.com,724570,INR,recovered
CUST-003098,Ariella,Adelpho,Ariella Adelpho,ariellaadelpho@gmail.com,338150,INR,recovered
CUST-003099,Guglielma,Andriana,Guglielma Andriana,guglielmaandriana@gmail.com,503850,INR,overdue
CUST-003100,Di,Ahrens,Di Ahrens,diahrens@gmail.com,710530,INR,overdue
CUST-003101,Claudia,Benoit,Claudia Benoit,claudiabenoit@gmail.com,558530,INR,recovered
CUST-003102,Hollyanne,Amber,Hollyanne Amber,hollyanneamber@gmail.com,722230,INR,recovered
CUST-003103,Halie,Bala,Halie Bala,haliebala@gmail.com,467200,INR,pending
CUST-003104,Clari,Alegre,Clari Alegre,clarialegre@gmail.com,190470,INR,in_progress
CUST-003105,Helaina,Amabelle,Helaina Amabelle,helainaamabelle@gmail.com,923220,INR,overdue
CUST-003106,Grete,Berliner,Grete Berliner,greteberliner@gmail.com,430080,INR,in_progress
CUST-003107,Bethena,Benoite,Bethena Benoite,bethenabenoite@gmail.com,996230,INR,overdue
CUST-003108,Cleo,Beatriz,Cleo Beatriz,cleobeatriz@gmail.com,532810,INR,pending
CUST-003109,Diana,Avril,Diana Avril,dianaavril@gmail.com,755340,INR,overdue
CUST-003110,Essie,Andel,Essie Andel,essieandel@gmail.com,989600,INR,in_progress
CUST-003111,Beckie,Agnella,Beckie Agnella,beckieagnella@gmail.com,471420,INR,overdue
CUST-003112,Cariotta,Betthel,Cariotta Betthel,cariottabetthel@gmail.com,344870,INR,recovered
CUST-003113,Celka,Baiel,Celka Baiel,celkabaiel@gmail.com,137320,INR,overdue
CUST-003114,Corny,Arundell,Corny Arundell,cornyarundell@gmail.com,87800,INR,active
CUST-003115,Brinn,Alyce,Brinn Alyce,brinnalyce@gmail.com,857690,INR,overdue
CUST-003116,Ericka,Aliber,Ericka Aliber,erickaaliber@gmail.com,846610,INR,in_progress
CUST-003117,Catlin,Aigneis,Catlin Aigneis,catlinaigneis@gmail.com,132700,INR,recovered
CUST-003118,Calla,Hegde,Calla Hegde,callahegde@gmail.com,730820,INR,pending
CUST-003119,Gilli,Benenson,Gilli Benenson,gillibenenson@gmail.com,377830,INR,in_progress
CUST-003120,Bee,Agbogla,Bee Agbogla,beeagbogla@gmail.com,885200,INR,in_progress
CUST-003121,Astrid,Baiel,Astrid Baiel,astridbaiel@gmail.com,913090,INR,in_progress
CUST-003122,Ferdinanda,Alby,Ferdinanda Alby,ferdinandaalby@gmail.com,457130,INR,active
CUST-003123,Carla,Anjali,Carla Anjali,carlaanjali@gmail.com,421250,INR,active
CUST-003124,Drucill,Blackstock,Drucill Blackstock,drucillblackstock@gmail.com,36630,INR,active
CUST-003125,Janith,Anderer,Janith Anderer,janithanderer@gmail.com,189530,INR,overdue
CUST-003126,Elspeth,Anatole,Elspeth Anatole,elspethanatole@gmail.com,856430,INR,pending
CUST-003127,Kabir,Anjali,Kabir Anjali,kabiranjali@gmail.com,656560,INR,recovered
CUST-003128,Fan,Azarcon,Fan Azarcon,fanazarcon@gmail.com,180150,INR,recovered
CUST-003129,Evanne,Angie,Evanne Angie,evanneangie@gmail.com,628190,INR,overdue
CUST-003130,Giuditta,Alessandra,Giuditta Alessandra,giudittaalessandra@gmail.com,67930,INR,pending
CUST-003131,Dixie,Bald,Dixie Bald,dixiebald@gmail.com,869230,INR,overdue
CUST-003132,Siddharth,Andrea,Siddharth Andrea,siddharthandrea@gmail.com,298200,INR,active
CUST-003133,Sia,Aley,Sia Aley,siaaley@gmail.com,676270,INR,active
CUST-003134,Aggy,Andromada,Aggy Andromada,aggyandromada@gmail.com,668740,INR,active
CUST-003135,Ginger,Alejo,Ginger Alejo,gingeralejo@gmail.com,404960,INR,pending
CUST-003136,Benny,Athalia,Benny Athalia,bennyathalia@gmail.com,623050,INR,recovered
CUST-003137,Fernande,Annissa,Fernande Annissa,fernandeannissa@gmail.com,632790,INR,in_progress
CUST-003138,Bren,Beitris,Bren Beitris,brenbeitris@gmail.com,269770,INR,active
CUST-003139,Avie,Augusto,Avie Augusto,avieaugusto@gmail.com,601670,INR,in_progress
CUST-003140,Abagael,Adai,Abagael Adai,abagaeladai@gmail.com,985970,INR,in_progress
CUST-003141,Gisele,Aretha,Gisele Aretha,giselearetha@gmail.com,127170,INR,active
CUST-003142,Colline,Barling,Colline Barling,collinebarling@gmail.com,289720,INR,recovered
CUST-003143,Doralia,Shetty,Doralia Shetty,doraliashetty@gmail.com,127780,INR,active
CUST-003144,Darryl,Bausch,Darryl Bausch,darrylbausch@gmail.com,689830,INR,overdue
CUST-003145,Collete,Bachman,Collete Bachman,colletebachman@gmail.com,427760,INR,in_progress
CUST-003146,Analise,Bathsheba,Analise Bathsheba,analisebathsheba@gmail.com,105880,INR,active
CUST-003147,Janaye,Amaty,Janaye Amaty,janayeamaty@gmail.com,718370,INR,pending
CUST-003148,Gavrielle,Bax,Gavrielle Bax,gavriellebax@gmail.com,284830,INR,overdue
CUST-003149,Corny,Berlyn,Corny Berlyn,cornyberlyn@gmail.com,470640,INR,pending
CUST-003150,Charline,Benkley,Charline Benkley,charlinebenkley@gmail.com,523720,INR,overdue
CUST-003151,Clareta,Amaral,Clareta Amaral,claretaamaral@gmail.com,114400,INR,overdue
CUST-003152,Prisha,Abram,Prisha Abram,prishaabram@gmail.com,989820,INR,active
CUST-003153,Betta,Bate,Betta Bate,bettabate@gmail.com,764770,INR,active
CUST-003154,Anallese,Allista,Anallese Allista,analleseallista@gmail.com,822120,INR,in_progress
CUST-003155,Elizabeth,Arvid,Elizabeth Arvid,elizabetharvid@gmail.com,724350,INR,overdue
CUST-003156,Claretta,Bhatia,Claretta Bhatia,clarettabhatia@gmail.com,549590,INR,overdue
CUST-003157,Allis,Apollus,Allis Apollus,allisapollus@gmail.com,839330,INR,pending
CUST-003158,Ertha,Aliza,Ertha Aliza,erthaaliza@gmail.com,687480,INR,overdue
CUST-003159,Aurelia,Beacham,Aurelia Beacham,aureliabeacham@gmail.com,194030,INR,overdue
CUST-003160,Genia,Achorn,Genia Achorn,geniaachorn@gmail.com,551260,INR,active
CUST-003161,Madhav,Aggie,Madhav Aggie,madhavaggie@gmail.com,774460,INR,pending
CUST-003162,Gerda,Das,Gerda Das,gerdadas@gmail.com,428510,INR,active
CUST-003163,Dehlia,Angeli,Dehlia Angeli,dehliaangeli@gmail.com,706870,INR,active
CUST-003164,Shanaya,Abdel,Shanaya Abdel,shanayaabdel@gmail.com,673950,INR,recovered
CUST-003165,Arluene,Audry,Arluene Audry,arlueneaudry@gmail.com,415740,INR,overdue
CUST-003166,Christalle,Alveta,Christalle Alveta,christallealveta@gmail.com,465730,INR,active
CUST-003167,Doll,Argus,Doll Argus,dollargus@gmail.com,752240,INR,pending
CUST-003168,Celestina,Bathilda,Celestina Bathilda,celestinabathilda@gmail.com,678660,INR,overdue
CUST-003169,Alie,Bloomer,Alie Bloomer,aliebloomer@gmail.com,938230,INR,pending
CUST-003170,Essy,Allsun,Essy Allsun,essyallsun@gmail.com,453640,INR,active
CUST-003171,Aarush,Argent,Aarush Argent,aarushargent@gmail.com,953070,INR,in_progress
CUST-003172,Deborah,Abbottson,Deborah Abbottson,deborahabbottson@gmail.com,665690,INR,in_progress
CUST-003173,Emalia,Garg,Emalia Garg,emaliagarg@gmail.com,597730,INR,in_progress
CUST-003174,Dedie,Bettencourt,Dedie Bettencourt,dediebettencourt@gmail.com,143530,INR,overdue
CUST-003175,Idette,Ameline,Idette Ameline,idetteameline@gmail.com,951910,INR,active
CUST-003176,Cam,Basile,Cam Basile,cambasile@gmail.com,482160,INR,in_progress
CUST-003177,Blanch,Auvil,Blanch Auvil,blanchauvil@gmail.com,634500,INR,recovered
CUST-003178,Ailee,Amand,Ailee Amand,aileeamand@gmail.com,287360,INR,overdue
CUST-003179,Carole,Afrika,Carole Afrika,caroleafrika@gmail.com,874860,INR,recovered
CUST-003180,Parth,Angelle,Parth Angelle,parthangelle@gmail.com,738610,INR,pending
CUST-003181,Devinne,Adal,Devinne Adal,devinneadal@gmail.com,602930,INR,active
CUST-003182,Flory,Amalbergas,Flory Amalbergas,floryamalbergas@gmail.com,599100,INR,pending
CUST-003183,Corinne,Birmingham,Corinne Birmingham,corinnebirmingham@gmail.com,629980,INR,recovered
CUST-003184,Janina,Beale,Janina Beale,janinabeale@gmail.com,459050,INR,overdue
CUST-003185,Hilliary,Barbarese,Hilliary Barbarese,hilliarybarbarese@gmail.com,571570,INR,in_progress
CUST-003186,Amandi,Aleydis,Amandi Aleydis,amandialeydis@gmail.com,1810,INR,in_progress
CUST-003187,Hildagard,Auberta,Hildagard Auberta,hildagardauberta@gmail.com,34590,INR,recovered
CUST-003188,Ilyse,Asabi,Ilyse Asabi,ilyseasabi@gmail.com,104150,INR,in_progress
CUST-003189,Aveline,Artemus,Aveline Artemus,avelineartemus@gmail.com,614850,INR,recovered
CUST-003190,Ardine,Berg,Ardine Berg,ardineberg@gmail.com,861630,INR,overdue
CUST-003191,Erika,Bink,Erika Bink,erikabink@gmail.com,117640,INR,active
CUST-003192,Cristine,Biddie,Cristine Biddie,cristinebiddie@gmail.com,221300,INR,overdue
CUST-003193,Delcine,Banks,Delcine Banks,delcinebanks@gmail.com,986140,INR,active
CUST-003194,Brigitte,Benenson,Brigitte Benenson,brigittebenenson@gmail.com,127110,INR,overdue
CUST-003195,Clo,Benito,Clo Benito,clobenito@gmail.com,364380,INR,pending
CUST-003196,Cordula,Blumenfeld,Cordula Blumenfeld,cordulablumenfeld@gmail.com,919580,INR,overdue
CUST-003197,Brooke,Angelita,Brooke Angelita,brookeangelita@gmail.com,984590,INR,in_progress
CUST-003198,Babs,Malhotra,Babs Malhotra,babsmalhotra@gmail.com,743090,INR,active
CUST-003199,Celestina,Bergquist,Celestina Bergquist,celestinabergquist@gmail.com,611380,INR,recovered
CUST-003200,Janine,Adelaja,Janine Adelaja,janineadelaja@gmail.com,855860,INR,active
CUST-003201,Candida,Ame,Candida Ame,candidaame@gmail.com,758520,INR,overdue
CUST-003202,Abhishek,Arlyne,Abhishek Arlyne,abhishekarlyne@gmail.com,451350,INR,overdue
CUST-003203,Daffie,Anett,Daffie Anett,daffieanett@gmail.com,577640,INR,active
CUST-003204,Annaliese,Beata,Annaliese Beata,annaliesebeata@gmail.com,443420,INR,pending
CUST-003205,Corly,Barbur,Corly Barbur,corlybarbur@gmail.com,692860,INR,overdue
CUST-003206,Eliza,Aimil,Eliza Aimil,elizaaimil@gmail.com,722890,INR,overdue
CUST-003207,Ivette,Patil,Ivette Patil,ivettepatil@gmail.com,684700,INR,overdue
CUST-003208,Franni,Bhatt,Franni Bhatt,frannibhatt@gmail.com,276540,INR,overdue
CUST-003209,Ayaan,Augie,Ayaan Augie,ayaanaugie@gmail.com,601120,INR,active
CUST-003210,Genia,Aleksandr,Genia Aleksandr,geniaaleksandr@gmail.com,937710,INR,active
CUST-003211,Ariella,Berkley,Ariella Berkley,ariellaberkley@gmail.com,273110,INR,overdue
CUST-003212,Atlanta,Atalanti,Atlanta Atalanti,atlantaatalanti@gmail.com,671630,INR,in_progress
CUST-003213,Anjanette,Avera,Anjanette Avera,anjanetteavera@gmail.com,165520,INR,recovered
CUST-003214,Celisse,Adrianne,Celisse Adrianne,celisseadrianne@gmail.com,677720,INR,in_progress
CUST-003215,Brena,Anzovin,Brena Anzovin,brenaanzovin@gmail.com,209290,INR,active
CUST-003216,Bab,Blanchette,Bab Blanchette,babblanchette@gmail.com,297970,INR,in_progress
CUST-003217,Grissel,Abott,Grissel Abott,grisselabott@gmail.com,994810,INR,in_progress
CUST-003218,Cyndi,Balliett,Cyndi Balliett,cyndiballiett@gmail.com,465170,INR,active
CUST-003219,Alysia,Amorita,Alysia Amorita,alysiaamorita@gmail.com,240130,INR,active
CUST-003220,Sachin,Argyle,Sachin Argyle,sachinargyle@gmail.com,413460,INR,active
CUST-003221,Cassaundra,Ansley,Cassaundra Ansley,cassaundraansley@gmail.com,365120,INR,overdue
CUST-003222,Auguste,Alia,Auguste Alia,augustealia@gmail.com,718250,INR,active
CUST-003223,Denny,Auberta,Denny Auberta,dennyauberta@gmail.com,88030,INR,pending
CUST-003224,Benedetta,Benis,Benedetta Benis,benedettabenis@gmail.com,351130,INR,pending
CUST-003225,Dell,Amathist,Dell Amathist,dellamathist@gmail.com,142530,INR,pending
CUST-003226,Betteann,Ariane,Betteann Ariane,betteannariane@gmail.com,499110,INR,overdue
CUST-003227,Claudia,Yadav,Claudia Yadav,claudiayadav@gmail.com,560580,INR,recovered
CUST-003228,Ashla,Blase,Ashla Blase,ashlablase@gmail.com,744860,INR,overdue
CUST-003229,Edith,Blanch,Edith Blanch,edithblanch@gmail.com,768140,INR,in_progress
CUST-003230,Eleonora,Anya,Eleonora Anya,eleonoraanya@gmail.com,828160,INR,overdue
CUST-003231,Annabal,Anders,Annabal Anders,annabalanders@gmail.com,303070,INR,recovered
CUST-003232,Janenna,Barnebas,Janenna Barnebas,janennabarnebas@gmail.com,852610,INR,active
CUST-003233,Ashish,Albers,Ashish Albers,ashishalbers@gmail.com,396450,INR,in_progress
CUST-003234,Ailey,Alys,Ailey Alys,aileyalys@gmail.com,369290,INR,in_progress
CUST-003235,Dari,Aunson,Dari Aunson,dariaunson@gmail.com,129460,INR,overdue
CUST-003236,Elaine,Adamek,Elaine Adamek,elaineadamek@gmail.com,420950,INR,active
CUST-003237,Janey,Belsky,Janey Belsky,janeybelsky@gmail.com,867120,INR,recovered
CUST-003238,Celisse,Bledsoe,Celisse Bledsoe,celissebledsoe@gmail.com,701520,INR,active
CUST-003239,Emelia,Bertie,Emelia Bertie,emeliabertie@gmail.com,191150,INR,overdue
CUST-003240,Felicdad,Ari,Felicdad Ari,felicdadari@gmail.com,607970,INR,recovered
CUST-003241,Andee,Betteanne,Andee Betteanne,andeebetteanne@gmail.com,986820,INR,active
CUST-003242,Astrid,Bardo,Astrid Bardo,astridbardo@gmail.com,791270,INR,in_progress
CUST-003243,Carissa,Baer,Carissa Baer,carissabaer@gmail.com,344990,INR,in_progress
CUST-003244,Anjali,Ajay,Anjali Ajay,anjaliajay@gmail.com,741740,INR,active
CUST-003245,Andra,Bena,Andra Bena,andrabena@gmail.com,390570,INR,active
CUST-003246,Codee,Ancel,Codee Ancel,codeeancel@gmail.com,715700,INR,active
CUST-003247,Elyse,Azelea,Elyse Azelea,elyseazelea@gmail.com,687430,INR,overdue
CUST-003248,Genovera,Benedetto,Genovera Benedetto,genoverabenedetto@gmail.com,953530,INR,recovered
CUST-003249,Gay,Bellina,Gay Bellina,gaybellina@gmail.com,624450,INR,overdue
CUST-003250,Georgette,Alecia,Georgette Alecia,georgettealecia@gmail.com,291060,INR,overdue
CUST-003251,Denyse,Adkins,Denyse Adkins,denyseadkins@gmail.com,318180,INR,recovered
CUST-003252,Elana,Apollo,Elana Apollo,elanaapollo@gmail.com,927130,INR,in_progress
CUST-003253,Inna,Angel,Inna Angel,innaangel@gmail.com,833070,INR,pending
CUST-003254,Charmine,Bayard,Charmine Bayard,charminebayard@gmail.com,55100,INR,in_progress
CUST-003255,Gert,Arte,Gert Arte,gertarte@gmail.com,726790,INR,active
CUST-003256,Alix,Shetty,Alix Shetty,alixshetty@gmail.com,845030,INR,pending
CUST-003257,Evangelin,Bobette,Evangelin Bobette,evangelinbobette@gmail.com,896250,INR,overdue
CUST-003258,Carlyn,Arnaldo,Carlyn Arnaldo,carlynarnaldo@gmail.com,924320,INR,in_progress
CUST-003259,Carolina,Berky,Carolina Berky,carolinaberky@gmail.com,953380,INR,active
CUST-003260,Chantal,Allison,Chantal Allison,chantalallison@gmail.com,476900,INR,active
CUST-003261,Beverly,Anselmi,Beverly Anselmi,beverlyanselmi@gmail.com,571270,INR,overdue
CUST-003262,Cathy,Baal,Cathy Baal,cathybaal@gmail.com,817830,INR,active
CUST-003263,Barbabra,Algernon,Barbabra Algernon,barbabraalgernon@gmail.com,74230,INR,overdue
CUST-003264,Isabelita,Andreas,Isabelita Andreas,isabelitaandreas@gmail.com,249460,INR,overdue
CUST-003265,Cherrita,Africa,Cherrita Africa,cherritaafrica@gmail.com,258340,INR,active
CUST-003266,Elberta,Arvad,Elberta Arvad,elbertaarvad@gmail.com,542250,INR,pending
CUST-003267,Dacia,Aret,Dacia Aret,daciaaret@gmail.com,356340,INR,active
CUST-003268,Adel,Alysa,Adel Alysa,adelalysa@gmail.com,790480,INR,recovered
CUST-003269,Franky,Shah,Franky Shah,frankyshah@gmail.com,756520,INR,active
CUST-003270,Allison,Blondell,Allison Blondell,allisonblondell@gmail.com,633250,INR,overdue
CUST-003271,Alex,Bazluke,Alex Bazluke,alexbazluke@gmail.com,770530,INR,recovered
CUST-003272,Clarinda,Barrow,Clarinda Barrow,clarindabarrow@gmail.com,421270,INR,pending
CUST-003273,Deanna,Bartolomeo,Deanna Bartolomeo,deannabartolomeo@gmail.com,294450,INR,recovered
CUST-003274,Hanny,Bancroft,Hanny Bancroft,hannybancroft@gmail.com,240250,INR,overdue
CUST-003275,Benedetta,Augusto,Benedetta Augusto,benedettaaugusto@gmail.com,975190,INR,recovered
CUST-003276,Germain,Banna,Germain Banna,germainbanna@gmail.com,51570,INR,pending
CUST-003277,Ermentrude,Aubrie,Ermentrude Aubrie,ermentrudeaubrie@gmail.com,26830,INR,in_progress
CUST-003278,Anselma,Aleksandr,Anselma Aleksandr,anselmaaleksandr@gmail.com,975960,INR,recovered
CUST-003279,Almeda,Allisan,Almeda Allisan,almedaallisan@gmail.com,734450,INR,active
CUST-003280,Alyssa,Alicia,Alyssa Alicia,alyssaalicia@gmail.com,788860,INR,recovered
CUST-003281,Addie,Beret,Addie Beret,addieberet@gmail.com,156440,INR,in_progress
CUST-003282,Deanna,Bernadette,Deanna Bernadette,deannabernadette@gmail.com,447770,INR,in_progress
CUST-003283,Aridatha,Bloomer,Aridatha Bloomer,aridathabloomer@gmail.com,545630,INR,pending
CUST-003284,Atharva,Argile,Atharva Argile,atharvaargile@gmail.com,14700,INR,active
CUST-003285,Eadith,Althee,Eadith Althee,eadithalthee@gmail.com,646660,INR,overdue
CUST-003286,Georgia,Amend,Georgia Amend,georgiaamend@gmail.com,716800,INR,pending
CUST-003287,Emmalynn,Angy,Emmalynn Angy,emmalynnangy@gmail.com,255970,INR,active
CUST-003288,Arabelle,Birck,Arabelle Birck,arabellebirck@gmail.com,85490,INR,pending
CUST-003289,Carrie,Ailsun,Carrie Ailsun,carrieailsun@gmail.com,840170,INR,active
CUST-003290,Jeanna,Beedon,Jeanna Beedon,jeannabeedon@gmail.com,997960,INR,pending
CUST-003291,Demetria,Bobette,Demetria Bobette,demetriabobette@gmail.com,585590,INR,overdue
CUST-003292,Gilberte,Berlauda,Gilberte Berlauda,gilberteberlauda@gmail.com,46940,INR,active
CUST-003293,Cherianne,Beryl,Cherianne Beryl,cherianneberyl@gmail.com,908430,INR,in_progress
CUST-003294,Genna,Agustin,Genna Agustin,gennaagustin@gmail.com,627870,INR,in_progress
CUST-003295,Alessandra,Atalee,Alessandra Atalee,alessandraatalee@gmail.com,621610,INR,overdue
CUST-003296,Colline,Adebayo,Colline Adebayo,collineadebayo@gmail.com,132920,INR,recovered
CUST-003297,Annabelle,Art,Annabelle Art,annabelleart@gmail.com,632620,INR,pending
CUST-003298,Dorris,Amorette,Dorris Amorette,dorrisamorette@gmail.com,932070,INR,in_progress
CUST-003299,Beth,Audette,Beth Audette,bethaudette@gmail.com,368170,INR,recovered
CUST-003300,Amelie,Alphonsine,Amelie Alphonsine,ameliealphonsine@gmail.com,759390,INR,overdue
CUST-003301,Channa,Benkley,Channa Benkley,channabenkley@gmail.com,668290,INR,recovered
CUST-003302,Dorris,Adriaens,Dorris Adriaens,dorrisadriaens@gmail.com,11940,INR,overdue
CUST-003303,Floris,Baker,Floris Baker,florisbaker@gmail.com,973220,INR,in_progress
CUST-003304,Elisabet,Arakawa,Elisabet Arakawa,elisabetarakawa@gmail.com,196590,INR,recovered
CUST-003305,Dorie,Adila,Dorie Adila,dorieadila@gmail.com,984860,INR,in_progress
CUST-003306,Carri,Agbogla,Carri Agbogla,carriagbogla@gmail.com,28270,INR,overdue
CUST-003307,Dionis,Alice,Dionis Alice,dionisalice@gmail.com,520180,INR,pending
CUST-003308,Jeniece,Ameline,Jeniece Ameline,jenieceameline@gmail.com,172430,INR,overdue
CUST-003309,Harli,Aland,Harli Aland,harlialand@gmail.com,773410,INR,active
CUST-003310,Alyson,Beckerman,Alyson Beckerman,alysonbeckerman@gmail.com,391180,INR,recovered
CUST-003311,Aloise,Shinde,Aloise Shinde,aloiseshinde@gmail.com,17540,INR,overdue
CUST-003312,Aubrette,Aalst,Aubrette Aalst,aubretteaalst@gmail.com,390710,INR,active
CUST-003313,Greta,Ade,Greta Ade,gretaade@gmail.com,29250,INR,recovered
CUST-003314,Jaimie,Antony,Jaimie Antony,jaimieantony@gmail.com,579000,INR,in_progress
CUST-003315,Dena,Biddie,Dena Biddie,denabiddie@gmail.com,611800,INR,pending
CUST-003316,Jacquie,Adamik,Jacquie Adamik,jacquieadamik@gmail.com,988750,INR,recovered
CUST-003317,Issi,Alastair,Issi Alastair,issialastair@gmail.com,402040,INR,pending
CUST-003318,Doralynne,Aubrie,Doralynne Aubrie,doralynneaubrie@gmail.com,116700,INR,overdue
CUST-003319,Gilli,Alvin,Gilli Alvin,gillialvin@gmail.com,886520,INR,active
CUST-003320,Cory,Askari,Cory Askari,coryaskari@gmail.com,822220,INR,recovered
CUST-003321,Danell,Anastas,Danell Anastas,danellanastas@gmail.com,651680,INR,active
CUST-003322,Hinda,Arondell,Hinda Arondell,hindaarondell@gmail.com,820140,INR,recovered
CUST-003323,Cary,Annabelle,Cary Annabelle,caryannabelle@gmail.com,262740,INR,pending
CUST-003324,Aileen,Annette,Aileen Annette,aileenannette@gmail.com,653930,INR,active
CUST-003325,Betty,Astor,Betty Astor,bettyastor@gmail.com,452100,INR,recovered
CUST-003326,Fionnula,Adelice,Fionnula Adelice,fionnulaadelice@gmail.com,61060,INR,active
CUST-003327,Coralie,Allrud,Coralie Allrud,coralieallrud@gmail.com,839580,INR,in_progress
CUST-003328,Isidora,Andri,Isidora Andri,isidoraandri@gmail.com,688980,INR,in_progress
CUST-003329,Bryna,Beckerman,Bryna Beckerman,brynabeckerman@gmail.com,63460,INR,recovered
CUST-003330,Cathee,Abott,Cathee Abott,catheeabott@gmail.com,212310,INR,in_progress
CUST-003331,Ethelyn,Abbey,Ethelyn Abbey,ethelynabbey@gmail.com,490960,INR,active
CUST-003332,Harri,Alber,Harri Alber,harrialber@gmail.com,624760,INR,pending
CUST-003333,Antonina,Alford,Antonina Alford,antoninaalford@gmail.com,862320,INR,overdue
CUST-003334,Iolande,Alys,Iolande Alys,iolandealys@gmail.com,856470,INR,in_progress
CUST-003335,Dannye,Bascio,Dannye Bascio,dannyebascio@gmail.com,255420,INR,overdue
CUST-003336,Edita,Acherman,Edita Acherman,editaacherman@gmail.com,637850,INR,pending
CUST-003337,Eva,Abbot,Eva Abbot,evaabbot@gmail.com,386280,INR,recovered
CUST-003338,Elissa,Allys,Elissa Allys,elissaallys@gmail.com,848440,INR,active
CUST-003339,Carlota,Abijah,Carlota Abijah,carlotaabijah@gmail.com,196630,INR,recovered
CUST-003340,Jacynth,Bensen,Jacynth Bensen,jacynthbensen@gmail.com,180150,INR,active
CUST-003341,Laksh,Armallas,Laksh Armallas,laksharmallas@gmail.com,866450,INR,in_progress
CUST-003342,Celka,Binny,Celka Binny,celkabinny@gmail.com,502090,INR,in_progress
CUST-003343,Tanvi,Alten,Tanvi Alten,tanvialten@gmail.com,146200,INR,active
CUST-003344,Beverlie,Autumn,Beverlie Autumn,beverlieautumn@gmail.com,359880,INR,active
CUST-003345,Cele,Asante,Cele Asante,celeasante@gmail.com,843920,INR,pending
CUST-003346,Gabriell,Adigun,Gabriell Adigun,gabrielladigun@gmail.com,286910,INR,recovered
CUST-003347,Cally,Alabaster,Cally Alabaster,callyalabaster@gmail.com,347860,INR,in_progress
CUST-003348,Eda,Ashbaugh,Eda Ashbaugh,edaashbaugh@gmail.com,411250,INR,active
CUST-003349,Gaby,Ange,Gaby Ange,gabyange@gmail.com,270700,INR,overdue
CUST-003350,Brigitte,Ahasuerus,Brigitte Ahasuerus,brigitteahasuerus@gmail.com,421040,INR,recovered
CUST-003351,Eadith,Baugh,Eadith Baugh,eadithbaugh@gmail.com,178290,INR,pending
CUST-003352,Denys,Adabel,Denys Adabel,denysadabel@gmail.com,671630,INR,recovered
CUST-003353,Helge,Alveta,Helge Alveta,helgealveta@gmail.com,485770,INR,in_progress
CUST-003354,Betteann,Bilski,Betteann Bilski,betteannbilski@gmail.com,265340,INR,in_progress
CUST-003355,Annabela,Bloomer,Annabela Bloomer,annabelabloomer@gmail.com,862970,INR,overdue
CUST-003356,Bridie,Adelice,Bridie Adelice,bridieadelice@gmail.com,335150,INR,active
CUST-003357,Hildagard,Bacchus,Hildagard Bacchus,hildagardbacchus@gmail.com,87990,INR,in_progress
CUST-003358,Claudia,Babby,Claudia Babby,claudiababby@gmail.com,179100,INR,in_progress
CUST-003359,Agnella,Apfelstadt,Agnella Apfelstadt,agnellaapfelstadt@gmail.com,436390,INR,recovered
CUST-003360,Amandy,Alvy,Amandy Alvy,amandyalvy@gmail.com,565050,INR,overdue
CUST-003361,Abhishek,Audrey,Abhishek Audrey,abhishekaudrey@gmail.com,788860,INR,recovered
CUST-003362,Charisse,Berner,Charisse Berner,charisseberner@gmail.com,647630,INR,overdue
CUST-003363,Sai,Baptlsta,Sai Baptlsta,saibaptlsta@gmail.com,229770,INR,recovered
CUST-003364,Florenza,Andrey,Florenza Andrey,florenzaandrey@gmail.com,193190,INR,active
CUST-003365,Bernie,Babara,Bernie Babara,berniebabara@gmail.com,774260,INR,active
CUST-003366,Dorice,Beale,Dorice Beale,doricebeale@gmail.com,962470,INR,recovered
CUST-003367,Angele,Ajani,Angele Ajani,angeleajani@gmail.com,632590,INR,in_progress
CUST-003368,Reyansh,Anastasia,Reyansh Anastasia,reyanshanastasia@gmail.com,233630,INR,active
CUST-003369,Harli,Alten,Harli Alten,harlialten@gmail.com,656780,INR,active
CUST-003370,Denni,Arlene,Denni Arlene,denniarlene@gmail.com,292560,INR,pending
CUST-003371,Elianore,Benny,Elianore Benny,elianorebenny@gmail.com,421200,INR,active
CUST-003372,Isahella,Argile,Isahella Argile,isahellaargile@gmail.com,194950,INR,in_progress
CUST-003373,Carol,Bello,Carol Bello,carolbello@gmail.com,799580,INR,overdue
CUST-003374,Elita,Blanc,Elita Blanc,elitablanc@gmail.com,87630,INR,pending
CUST-003375,Dory,Amos,Dory Amos,doryamos@gmail.com,970100,INR,active
CUST-003376,Bert,Bauske,Bert Bauske,bertbauske@gmail.com,810610,INR,pending
CUST-003377,Shaurya,Alvar,Shaurya Alvar,shauryaalvar@gmail.com,817540,INR,recovered
CUST-003378,Ameline,Athenian,Ameline Athenian,amelineathenian@gmail.com,180550,INR,active
CUST-003379,Amit,Bengt,Amit Bengt,amitbengt@gmail.com,202330,INR,pending
CUST-003380,Dennie,Bianchi,Dennie Bianchi,denniebianchi@gmail.com,652550,INR,active
CUST-003381,Annadiane,Amil,Annadiane Amil,annadianeamil@gmail.com,385790,INR,overdue
CUST-003382,Berget,Agace,Berget Agace,bergetagace@gmail.com,210750,INR,overdue
CUST-003383,Gnni,Andrews,Gnni Andrews,gnniandrews@gmail.com,848090,INR,overdue
CUST-003384,Aili,Andria,Aili Andria,ailiandria@gmail.com,578820,INR,recovered
CUST-003385,Freddy,Aida,Freddy Aida,freddyaida@gmail.com,454460,INR,pending
CUST-003386,Carissa,Armilda,Carissa Armilda,carissaarmilda@gmail.com,970830,INR,active
CUST-003387,Gayla,Aekerly,Gayla Aekerly,gaylaaekerly@gmail.com,191270,INR,recovered
CUST-003388,Gates,Billye,Gates Billye,gatesbillye@gmail.com,876850,INR,recovered
CUST-003389,Dode,Blatt,Dode Blatt,dodeblatt@gmail.com,375690,INR,in_progress
CUST-003390,Aggi,Aldercy,Aggi Aldercy,aggialdercy@gmail.com,783000,INR,recovered
CUST-003391,Om,Amity,Om Amity,omamity@gmail.com,675960,INR,active
CUST-003392,Fedora,Betthezel,Fedora Betthezel,fedorabetthezel@gmail.com,700460,INR,active
CUST-003393,Farrand,Adena,Farrand Adena,farrandadena@gmail.com,498480,INR,active
CUST-003394,Etti,Arline,Etti Arline,ettiarline@gmail.com,721530,INR,overdue
CUST-003395,Carilyn,Ankney,Carilyn Ankney,carilynankney@gmail.com,951310,INR,recovered
CUST-003396,Grissel,Alpert,Grissel Alpert,grisselalpert@gmail.com,546590,INR,in_progress
CUST-003397,Dolorita,Boardman,Dolorita Boardman,doloritaboardman@gmail.com,925550,INR,in_progress
CUST-003398,Dorelia,Annmarie,Dorelia Annmarie,doreliaannmarie@gmail.com,214860,INR,pending
CUST-003399,Edee,Blossom,Edee Blossom,edeeblossom@gmail.com,865830,INR,recovered
CUST-003400,Jacquelyn,Abbot,Jacquelyn Abbot,jacquelynabbot@gmail.com,997780,INR,active
CUST-003401,Vedant,Berni,Vedant Berni,vedantberni@gmail.com,670370,INR,overdue
CUST-003402,Alyss,Bink,Alyss Bink,alyssbink@gmail.com,601050,INR,pending
CUST-003403,Emlynne,Ansel,Emlynne Ansel,emlynneansel@gmail.com,131260,INR,overdue
CUST-003404,Cinnamon,Alejoa,Cinnamon Alejoa,cinnamonalejoa@gmail.com,975720,INR,pending
CUST-003405,Hildegaard,Besnard,Hildegaard Besnard,hildegaardbesnard@gmail.com,41390,INR,overdue
CUST-003406,Conchita,Barlow,Conchita Barlow,conchitabarlow@gmail.com,57240,INR,active
CUST-003407,Guinevere,Armstrong,Guinevere Armstrong,guineverearmstrong@gmail.com,235300,INR,recovered
CUST-003408,Ernaline,Biddy,Ernaline Biddy,ernalinebiddy@gmail.com,589050,INR,recovered
CUST-003409,Jana,Ania,Jana Ania,janaania@gmail.com,507360,INR,pending
CUST-003410,Gerhardine,Asante,Gerhardine Asante,gerhardineasante@gmail.com,860480,INR,recovered
CUST-003411,Chere,Berl,Chere Berl,chereberl@gmail.com,296730,INR,pending
CUST-003412,Arlie,Behlau,Arlie Behlau,arliebehlau@gmail.com,514690,INR,pending
CUST-003413,Felita,Barbarese,Felita Barbarese,felitabarbarese@gmail.com,288920,INR,in_progress
CUST-003414,Cordelie,Biddle,Cordelie Biddle,cordeliebiddle@gmail.com,161930,INR,recovered
CUST-003415,Jen,Bhatia,Jen Bhatia,jenbhatia@gmail.com,396870,INR,in_progress
CUST-003416,Alice,Ammamaria,Alice Ammamaria,aliceammamaria@gmail.com,708510,INR,in_progress
CUST-003417,Cher,Almena,Cher Almena,cheralmena@gmail.com,697750,INR,in_progress
CUST-003418,Ardenia,Abbotsen,Ardenia Abbotsen,ardeniaabbotsen@gmail.com,746010,INR,overdue
CUST-003419,Doroteya,Balsam,Doroteya Balsam,doroteyabalsam@gmail.com,948180,INR,overdue
CUST-003420,Gaurav,Adella,Gaurav Adella,gauravadella@gmail.com,738880,INR,pending
CUST-003421,Bibby,Anatole,Bibby Anatole,bibbyanatole@gmail.com,224690,INR,in_progress
CUST-003422,Andeee,Atalayah,Andeee Atalayah,andeeeatalayah@gmail.com,96000,INR,pending
CUST-003423,Jade,Aloisius,Jade Aloisius,jadealoisius@gmail.com,172610,INR,in_progress
CUST-003424,Idell,Blankenship,Idell Blankenship,idellblankenship@gmail.com,968370,INR,recovered
CUST-003425,Darleen,Aphra,Darleen Aphra,darleenaphra@gmail.com,482730,INR,recovered
CUST-003426,Dreddy,Alda,Dreddy Alda,dreddyalda@gmail.com,118710,INR,overdue
CUST-003427,Francyne,Abebi,Francyne Abebi,francyneabebi@gmail.com,271090,INR,recovered
CUST-003428,Carla,Blythe,Carla Blythe,carlablythe@gmail.com,201230,INR,overdue
CUST-003429,Laksh,Barnett,Laksh Barnett,lakshbarnett@gmail.com,382540,INR,overdue
CUST-003430,Athena,Bhandari,Athena Bhandari,athenabhandari@gmail.com,74390,INR,recovered
CUST-003431,Auria,Bish,Auria Bish,auriabish@gmail.com,569470,INR,pending
CUST-003432,Carine,Ahrens,Carine Ahrens,carineahrens@gmail.com,326000,INR,overdue
CUST-003433,Anallese,Azral,Anallese Azral,analleseazral@gmail.com,101390,INR,in_progress
CUST-003434,Cosetta,Alcus,Cosetta Alcus,cosettaalcus@gmail.com,508010,INR,recovered
CUST-003435,Adrian,Aleck,Adrian Aleck,adrianaleck@gmail.com,753010,INR,overdue
CUST-003436,Chastity,Beauregard,Chastity Beauregard,chastitybeauregard@gmail.com,216270,INR,active
CUST-003437,Janet,Bean,Janet Bean,janetbean@gmail.com,4570,INR,recovered
CUST-003438,Brooks,Audrey,Brooks Audrey,brooksaudrey@gmail.com,258970,INR,pending
CUST-003439,Adelle,Aurita,Adelle Aurita,adelleaurita@gmail.com,102900,INR,in_progress
CUST-003440,Carmine,Beret,Carmine Beret,carmineberet@gmail.com,155910,INR,in_progress
CUST-003441,Christy,Avram,Christy Avram,christyavram@gmail.com,747330,INR,recovered
CUST-003442,Alisun,Abeu,Alisun Abeu,alisunabeu@gmail.com,970750,INR,active
CUST-003443,Adrianne,Azeria,Adrianne Azeria,adrianneazeria@gmail.com,924380,INR,in_progress
CUST-003444,Denice,April,Denice April,deniceapril@gmail.com,322240,INR,overdue
CUST-003445,Fredericka,Avron,Fredericka Avron,frederickaavron@gmail.com,530810,INR,active
CUST-003446,Adrian,Andrel,Adrian Andrel,adrianandrel@gmail.com,154330,INR,in_progress
CUST-003447,Herta,Beatrisa,Herta Beatrisa,hertabeatrisa@gmail.com,27810,INR,recovered
CUST-003448,Davida,Barret,Davida Barret,davidabarret@gmail.com,198460,INR,pending
CUST-003449,Alfy,Aggri,Alfy Aggri,alfyaggri@gmail.com,303040,INR,recovered
CUST-003450,Blinnie,Aletta,Blinnie Aletta,blinniealetta@gmail.com,631040,INR,active
CUST-003451,Aloysia,Batory,Aloysia Batory,aloysiabatory@gmail.com,933900,INR,in_progress
CUST-003452,Brigida,Armalda,Brigida Armalda,brigidaarmalda@gmail.com,96690,INR,recovered
CUST-003453,Ashien,Baumbaugh,Ashien Baumbaugh,ashienbaumbaugh@gmail.com,398570,INR,active
CUST-003454,Dolley,Allard,Dolley Allard,dolleyallard@gmail.com,404950,INR,in_progress
CUST-003455,Harlie,Arnelle,Harlie Arnelle,harliearnelle@gmail.com,800830,INR,active
CUST-003456,Conny,Bilicki,Conny Bilicki,connybilicki@gmail.com,605120,INR,recovered
CUST-003457,Alana,Beatrice,Alana Beatrice,alanabeatrice@gmail.com,993810,INR,recovered
CUST-003458,Charity,Bartram,Charity Bartram,charitybartram@gmail.com,913840,INR,active
CUST-003459,Hildagarde,Bashee,Hildagarde Bashee,hildagardebashee@gmail.com,658430,INR,active
CUST-003460,Irma,Amasa,Irma Amasa,irmaamasa@gmail.com,925310,INR,in_progress
CUST-003461,Jayne,Atalayah,Jayne Atalayah,jayneatalayah@gmail.com,285490,INR,recovered
CUST-003462,Blakelee,Amar,Blakelee Amar,blakeleeamar@gmail.com,521070,INR,active
CUST-003463,Florri,Blumenfeld,Florri Blumenfeld,florriblumenfeld@gmail.com,776250,INR,active
CUST-003464,Addy,Amand,Addy Amand,addyamand@gmail.com,61300,INR,in_progress
CUST-003465,Jayne,Baker,Jayne Baker,jaynebaker@gmail.com,55690,INR,pending
CUST-003466,Christabella,Bogey,Christabella Bogey,christabellabogey@gmail.com,196580,INR,overdue
CUST-003467,Dahlia,Alverta,Dahlia Alverta,dahliaalverta@gmail.com,253130,INR,pending
CUST-003468,Ansley,Adey,Ansley Adey,ansleyadey@gmail.com,43330,INR,in_progress
CUST-003469,Janelle,Baily,Janelle Baily,janellebaily@gmail.com,550530,INR,pending
CUST-003470,Caitlin,Alwin,Caitlin Alwin,caitlinalwin@gmail.com,204880,INR,active
CUST-003471,Brandy,Kulkarni,Brandy Kulkarni,brandykulkarni@gmail.com,625720,INR,in_progress
CUST-003472,Alfy,Allveta,Alfy Allveta,alfyallveta@gmail.com,688530,INR,recovered
CUST-003473,Claresta,Beck,Claresta Beck,clarestabeck@gmail.com,117530,INR,in_progress
CUST-003474,Ginny,Bibeau,Ginny Bibeau,ginnybibeau@gmail.com,246420,INR,recovered
CUST-003475,Danit,Ahola,Danit Ahola,danitahola@gmail.com,653310,INR,pending
CUST-003476,Gayel,Ashford,Gayel Ashford,gayelashford@gmail.com,778650,INR,overdue
CUST-003477,Danit,Alphard,Danit Alphard,danitalphard@gmail.com,155200,INR,recovered
CUST-003478,Edyth,Becka,Edyth Becka,edythbecka@gmail.com,24820,INR,pending
CUST-003479,Georgeta,Abbi,Georgeta Abbi,georgetaabbi@gmail.com,326210,INR,pending
CUST-003480,Benni,Pillai,Benni Pillai,bennipillai@gmail.com,233310,INR,in_progress
CUST-003481,Gladi,Adnah,Gladi Adnah,gladiadnah@gmail.com,900930,INR,pending
CUST-003482,Samar,Allix,Samar Allix,samarallix@gmail.com,260510,INR,pending
CUST-003483,Candace,Alpert,Candace Alpert,candacealpert@gmail.com,117700,INR,recovered
CUST-003484,Anderea,Arta,Anderea Arta,andereaarta@gmail.com,108510,INR,in_progress
CUST-003485,Jaquith,Alexandre,Jaquith Alexandre,jaquithalexandre@gmail.com,632580,INR,overdue
CUST-003486,Hally,Bax,Hally Bax,hallybax@gmail.com,702970,INR,in_progress
CUST-003487,Georgianne,Ag,Georgianne Ag,georgianneag@gmail.com,623380,INR,pending
CUST-003488,Brooke,Bevis,Brooke Bevis,brookebevis@gmail.com,779140,INR,recovered
CUST-003489,Editha,Addison,Editha Addison,edithaaddison@gmail.com,254660,INR,overdue
CUST-003490,Caria,Aila,Caria Aila,cariaaila@gmail.com,492790,INR,recovered
CUST-003491,Ardelia,Benedetta,Ardelia Benedetta,ardeliabenedetta@gmail.com,56610,INR,overdue
CUST-003492,Caterina,Blank,Caterina Blank,caterinablank@gmail.com,651980,INR,in_progress
CUST-003493,Alidia,Adelbert,Alidia Adelbert,alidiaadelbert@gmail.com,987380,INR,recovered
CUST-003494,Cindi,Beitnes,Cindi Beitnes,cindibeitnes@gmail.com,220910,INR,overdue
CUST-003495,Desiri,Allen,Desiri Allen,desiriallen@gmail.com,106100,INR,recovered
CUST-003496,Gipsy,Adriena,Gipsy Adriena,gipsyadriena@gmail.com,34750,INR,pending
CUST-003497,Adriaens,Anceline,Adriaens Anceline,adriaensanceline@gmail.com,235290,INR,overdue
CUST-003498,Casi,Gaikwad,Casi Gaikwad,casigaikwad@gmail.com,755210,INR,in_progress
CUST-003499,Anissa,Alli,Anissa Alli,anissaalli@gmail.com,319340,INR,pending
CUST-003500,Chiarra,Anastase,Chiarra Anastase,chiarraanastase@gmail.com,853320,INR,in_progress
CUST-003501,Estelle,Augustina,Estelle Augustina,estelleaugustina@gmail.com,450460,INR,overdue
CUST-003502,Cyndi,Alenson,Cyndi Alenson,cyndialenson@gmail.com,499830,INR,in_progress
CUST-003503,Dotty,Berck,Dotty Berck,dottyberck@gmail.com,921330,INR,overdue
CUST-003504,Sunil,Azriel,Sunil Azriel,sunilazriel@gmail.com,436090,INR,pending
CUST-003505,Brynne,Amaris,Brynne Amaris,brynneamaris@gmail.com,725210,INR,overdue
CUST-003506,Eulalie,Basia,Eulalie Basia,eulaliebasia@gmail.com,872970,INR,pending
CUST-003507,Cati,Aramenta,Cati Aramenta,catiaramenta@gmail.com,142970,INR,in_progress
CUST-003508,Elyse,Ammon,Elyse Ammon,elyseammon@gmail.com,898000,INR,active
CUST-003509,Aeriel,Aramanta,Aeriel Aramanta,aerielaramanta@gmail.com,258370,INR,pending
CUST-003510,Eolanda,Avner,Eolanda Avner,eolandaavner@gmail.com,229800,INR,overdue
CUST-003511,Cathee,Acalia,Cathee Acalia,catheeacalia@gmail.com,581560,INR,recovered
CUST-003512,Hephzibah,Berny,Hephzibah Berny,hephzibahberny@gmail.com,729190,INR,recovered
CUST-003513,Dyane,Billen,Dyane Billen,dyanebillen@gmail.com,697120,INR,in_progress
CUST-003514,Ediva,Alded,Ediva Alded,edivaalded@gmail.com,319400,INR,overdue
CUST-003515,Ameline,Barth,Ameline Barth,amelinebarth@gmail.com,874090,INR,in_progress
CUST-003516,Ardella,Angell,Ardella Angell,ardellaangell@gmail.com,577100,INR,pending
CUST-003517,Beryl,Asa,Beryl Asa,berylasa@gmail.com,948300,INR,recovered
CUST-003518,Allianora,Ashwin,Allianora Ashwin,allianoraashwin@gmail.com,514720,INR,active
CUST-003519,Carlene,Allsun,Carlene Allsun,carleneallsun@gmail.com,816700,INR,active
CUST-003520,Fleur,Adalia,Fleur Adalia,fleuradalia@gmail.com,8360,INR,recovered
CUST-003521,Anabel,Bartram,Anabel Bartram,anabelbartram@gmail.com,682570,INR,active
CUST-003522,Jayme,Arissa,Jayme Arissa,jaymearissa@gmail.com,301520,INR,active
CUST-003523,Jenilee,Beckett,Jenilee Beckett,jenileebeckett@gmail.com,603180,INR,active
CUST-003524,Delores,Binah,Delores Binah,deloresbinah@gmail.com,84460,INR,recovered
CUST-003525,Cassandry,Aleedis,Cassandry Aleedis,cassandryaleedis@gmail.com,233290,INR,overdue
CUST-003526,Florella,Aloysius,Florella Aloysius,florellaaloysius@gmail.com,515550,INR,active
CUST-003527,Celka,Bobina,Celka Bobina,celkabobina@gmail.com,929380,INR,overdue
CUST-003528,Nitish,Anya,Nitish Anya,nitishanya@gmail.com,911970,INR,in_progress
CUST-003529,Fenelia,Thakur,Fenelia Thakur,feneliathakur@gmail.com,864460,INR,in_progress
CUST-003530,Athena,Apollo,Athena Apollo,athenaapollo@gmail.com,814080,INR,active
CUST-003531,Alexandrina,Armand,Alexandrina Armand,alexandrinaarmand@gmail.com,3880,INR,recovered
CUST-003532,Elianore,Amedeo,Elianore Amedeo,elianoreamedeo@gmail.com,476150,INR,active
CUST-003533,Anny,Aldric,Anny Aldric,annyaldric@gmail.com,660000,INR,active
CUST-003534,Alok,Amor,Alok Amor,alokamor@gmail.com,799620,INR,active
CUST-003535,Florry,Alisia,Florry Alisia,florryalisia@gmail.com,386990,INR,pending
CUST-003536,Brandie,Armilda,Brandie Armilda,brandiearmilda@gmail.com,550610,INR,overdue
CUST-003537,Hana,Alisan,Hana Alisan,hanaalisan@gmail.com,986460,INR,active
CUST-003538,Elsey,Bethena,Elsey Bethena,elseybethena@gmail.com,820180,INR,active
CUST-003539,Abbie,Bartel,Abbie Bartel,abbiebartel@gmail.com,345290,INR,recovered
CUST-003540,Albertine,Bev,Albertine Bev,albertinebev@gmail.com,801070,INR,active
CUST-003541,Gypsy,Ave,Gypsy Ave,gypsyave@gmail.com,208730,INR,recovered
CUST-003542,Gerhardine,Audly,Gerhardine Audly,gerhardineaudly@gmail.com,966100,INR,in_progress
CUST-003543,Florella,Bach,Florella Bach,florellabach@gmail.com,164440,INR,active
CUST-003544,Belicia,Bertina,Belicia Bertina,beliciabertina@gmail.com,760200,INR,overdue
CUST-003545,Amberly,Baras,Amberly Baras,amberlybaras@gmail.com,248700,INR,recovered
CUST-003546,Chryste,Amitie,Chryste Amitie,chrysteamitie@gmail.com,380370,INR,in_progress
CUST-003547,Ardelle,Averir,Ardelle Averir,ardelleaverir@gmail.com,768120,INR,in_progress
CUST-003548,Irita,Bensky,Irita Bensky,iritabensky@gmail.com,550350,INR,overdue
CUST-003549,Erminie,Alanna,Erminie Alanna,erminiealanna@gmail.com,74450,INR,active
CUST-003550,Agnesse,Anastase,Agnesse Anastase,agnesseanastase@gmail.com,759680,INR,active
CUST-003551,Gretel,Alverta,Gretel Alverta,gretelalverta@gmail.com,60520,INR,recovered
CUST-003552,Di,Amice,Di Amice,diamice@gmail.com,629270,INR,active
CUST-003553,Celeste,Apple,Celeste Apple,celesteapple@gmail.com,205440,INR,active
CUST-003554,Jeanette,Astor,Jeanette Astor,jeanetteastor@gmail.com,462500,INR,overdue
CUST-003555,Eachelle,Alfreda,Eachelle Alfreda,eachellealfreda@gmail.com,115590,INR,pending
CUST-003556,Carri,Bethena,Carri Bethena,carribethena@gmail.com,983030,INR,pending
CUST-003557,Carolina,Abramson,Carolina Abramson,carolinaabramson@gmail.com,176530,INR,recovered
CUST-003558,Adrianne,Prasad,Adrianne Prasad,adrianneprasad@gmail.com,462330,INR,overdue
CUST-003559,Aubrey,Bencion,Aubrey Bencion,aubreybencion@gmail.com,232930,INR,overdue
CUST-003560,Doralyn,Bari,Doralyn Bari,doralynbari@gmail.com,501580,INR,overdue
CUST-003561,Delia,Ariela,Delia Ariela,deliaariela@gmail.com,55190,INR,in_progress
CUST-003562,Bernadina,Beller,Bernadina Beller,bernadinabeller@gmail.com,293960,INR,recovered
CUST-003563,Ailene,Barry,Ailene Barry,ailenebarry@gmail.com,640950,INR,pending
CUST-003564,Arabel,Boeke,Arabel Boeke,arabelboeke@gmail.com,915450,INR,pending
CUST-003565,Crystie,Aylmer,Crystie Aylmer,crystieaylmer@gmail.com,196200,INR,pending
CUST-003566,Constanta,Best,Constanta Best,constantabest@gmail.com,642630,INR,overdue
CUST-003567,Harmony,Alvis,Harmony Alvis,harmonyalvis@gmail.com,789660,INR,recovered
CUST-003568,Erminia,Barry,Erminia Barry,erminiabarry@gmail.com,990230,INR,in_progress
CUST-003569,Shivam,Aekerly,Shivam Aekerly,shivamaekerly@gmail.com,478910,INR,pending
CUST-003570,Cristy,Arjun,Cristy Arjun,cristyarjun@gmail.com,182880,INR,active
CUST-003571,Shanaya,Amabel,Shanaya Amabel,shanayaamabel@gmail.com,848260,INR,active
CUST-003572,Carmela,Allegra,Carmela Allegra,carmelaallegra@gmail.com,156570,INR,active
CUST-003573,Gunilla,Birchard,Gunilla Birchard,gunillabirchard@gmail.com,372570,INR,active
CUST-003574,Jacquelyn,Ancell,Jacquelyn Ancell,jacquelynancell@gmail.com,415590,INR,overdue
CUST-003575,Christye,Aksel,Christye Aksel,christyeaksel@gmail.com,259250,INR,recovered
CUST-003576,Crysta,Artamas,Crysta Artamas,crystaartamas@gmail.com,242780,INR,overdue
CUST-003577,Jenine,Barbette,Jenine Barbette,jeninebarbette@gmail.com,126230,INR,pending
CUST-003578,Cal,Biagi,Cal Biagi,calbiagi@gmail.com,529630,INR,recovered
CUST-003579,Chelsy,Abshier,Chelsy Abshier,chelsyabshier@gmail.com,849910,INR,pending
CUST-003580,Florrie,Alithea,Florrie Alithea,florriealithea@gmail.com,930320,INR,active
CUST-003581,Gilberte,Ber,Gilberte Ber,gilberteber@gmail.com,243460,INR,pending
CUST-003582,Evvie,Bibi,Evvie Bibi,evviebibi@gmail.com,605990,INR,recovered
CUST-003583,Eveleen,Aman,Eveleen Aman,eveleenaman@gmail.com,168260,INR,recovered
CUST-003584,Donelle,Bergstrom,Donelle Bergstrom,donellebergstrom@gmail.com,571330,INR,pending
CUST-003585,Annabal,Grewal,Annabal Grewal,annabalgrewal@gmail.com,77150,INR,pending
CUST-003586,Heloise,Blatt,Heloise Blatt,heloiseblatt@gmail.com,11980,INR,overdue
CUST-003587,Bessie,Amaleta,Bessie Amaleta,bessieamaleta@gmail.com,822420,INR,overdue
CUST-003588,Gabriellia,Ax,Gabriellia Ax,gabrielliaax@gmail.com,253170,INR,pending
CUST-003589,Faustina,Ash,Faustina Ash,faustinaash@gmail.com,830270,INR,recovered
CUST-003590,Berenice,Bakemeier,Berenice Bakemeier,berenicebakemeier@gmail.com,622120,INR,pending
CUST-003591,Gerrie,Bamford,Gerrie Bamford,gerriebamford@gmail.com,644630,INR,in_progress
CUST-003592,Babs,Arhna,Babs Arhna,babsarhna@gmail.com,41310,INR,recovered
CUST-003593,Delila,Bink,Delila Bink,delilabink@gmail.com,121750,INR,pending
CUST-003594,Arleen,Boehike,Arleen Boehike,arleenboehike@gmail.com,207430,INR,active
CUST-003595,Felice,Annabelle,Felice Annabelle,feliceannabelle@gmail.com,661590,INR,pending
CUST-003596,Aadhya,Ader,Aadhya Ader,aadhyaader@gmail.com,71210,INR,overdue
CUST-003597,Jenn,Ariella,Jenn Ariella,jennariella@gmail.com,643380,INR,overdue
CUST-003598,Edin,Athey,Edin Athey,edinathey@gmail.com,670980,INR,pending
CUST-003599,Antonietta,Beera,Antonietta Beera,antoniettabeera@gmail.com,682130,INR,recovered
CUST-003600,Janine,Annissa,Janine Annissa,janineannissa@gmail.com,346100,INR,active
CUST-003601,Goldia,Barabbas,Goldia Barabbas,goldiabarabbas@gmail.com,7400,INR,active
CUST-003602,Jaymee,Auston,Jaymee Auston,jaymeeauston@gmail.com,776260,INR,pending
CUST-003603,Dolores,Berthe,Dolores Berthe,doloresberthe@gmail.com,793310,INR,overdue
CUST-003604,Idette,Arianna,Idette Arianna,idettearianna@gmail.com,444050,INR,pending
CUST-003605,Gianina,Benildis,Gianina Benildis,gianinabenildis@gmail.com,151850,INR,active
CUST-003606,Annabella,Alver,Annabella Alver,annabellaalver@gmail.com,14670,INR,overdue
CUST-003607,Charlot,Barret,Charlot Barret,charlotbarret@gmail.com,382270,INR,recovered
CUST-003608,Dareen,Aldon,Dareen Aldon,dareenaldon@gmail.com,24020,INR,pending
CUST-003609,Saurabh,Alodie,Saurabh Alodie,saurabhalodie@gmail.com,775810,INR,in_progress
CUST-003610,Cosette,Ahouh,Cosette Ahouh,cosetteahouh@gmail.com,565570,INR,pending
CUST-003611,Jeannie,Alvis,Jeannie Alvis,jeanniealvis@gmail.com,926390,INR,pending
CUST-003612,Hillary,Blondell,Hillary Blondell,hillaryblondell@gmail.com,811760,INR,overdue
CUST-003613,Dolorita,Alwyn,Dolorita Alwyn,doloritaalwyn@gmail.com,633720,INR,overdue
CUST-003614,Beverlie,Bertrand,Beverlie Bertrand,beverliebertrand@gmail.com,215650,INR,in_progress
CUST-003615,Babette,Babita,Babette Babita,babettebabita@gmail.com,662680,INR,overdue
CUST-003616,Calli,Bernardine,Calli Bernardine,callibernardine@gmail.com,200780,INR,pending
CUST-003617,Carolynn,Arvind,Carolynn Arvind,carolynnarvind@gmail.com,289700,INR,pending
CUST-003618,Cherice,Anastassia,Cherice Anastassia,chericeanastassia@gmail.com,311100,INR,recovered
CUST-003619,Arlyn,Alikee,Arlyn Alikee,arlynalikee@gmail.com,153770,INR,recovered
CUST-003620,Bernardine,Barden,Bernardine Barden,bernardinebarden@gmail.com,111090,INR,recovered
CUST-003621,Dale,Apul,Dale Apul,daleapul@gmail.com,360250,INR,in_progress
CUST-003622,Chrissy,Aymer,Chrissy Aymer,chrissyaymer@gmail.com,497680,INR,active
CUST-003623,Daisy,Berard,Daisy Berard,daisyberard@gmail.com,448460,INR,active
CUST-003624,Fanchon,Chauhan,Fanchon Chauhan,fanchonchauhan@gmail.com,113900,INR,recovered
CUST-003625,Divya,As,Divya As,divyaas@gmail.com,712130,INR,overdue
CUST-003626,Genna,Aborn,Genna Aborn,gennaaborn@gmail.com,117260,INR,in_progress
CUST-003627,Beatrice,Bensky,Beatrice Bensky,beatricebensky@gmail.com,314470,INR,pending
CUST-003628,Carline,Bigod,Carline Bigod,carlinebigod@gmail.com,628560,INR,recovered
CUST-003629,Clarinda,Ambrose,Clarinda Ambrose,clarindaambrose@gmail.com,286770,INR,in_progress
CUST-003630,Adrianne,Annabela,Adrianne Annabela,adrianneannabela@gmail.com,97910,INR,overdue
CUST-003631,Camala,Archibold,Camala Archibold,camalaarchibold@gmail.com,311840,INR,in_progress
CUST-003632,Carolina,Agate,Carolina Agate,carolinaagate@gmail.com,519690,INR,in_progress
CUST-003633,Gabriel,Amaleta,Gabriel Amaleta,gabrielamaleta@gmail.com,663590,INR,in_progress
CUST-003634,Delphinia,Archie,Delphinia Archie,delphiniaarchie@gmail.com,985970,INR,in_progress
CUST-003635,Berta,Barling,Berta Barling,bertabarling@gmail.com,260840,INR,in_progress
CUST-003636,Chiquia,Allmon,Chiquia Allmon,chiquiaallmon@gmail.com,619440,INR,recovered
CUST-003637,Audi,Bealle,Audi Bealle,audibealle@gmail.com,568460,INR,overdue
CUST-003638,Ferdinanda,Auburn,Ferdinanda Auburn,ferdinandaauburn@gmail.com,434460,INR,in_progress
CUST-003639,Florentia,Alcus,Florentia Alcus,florentiaalcus@gmail.com,930220,INR,overdue
CUST-003640,Angelia,Bendicta,Angelia Bendicta,angeliabendicta@gmail.com,409430,INR,recovered
CUST-003641,Audra,Aran,Audra Aran,audraaran@gmail.com,405830,INR,in_progress
CUST-003642,Fancy,Annamarie,Fancy Annamarie,fancyannamarie@gmail.com,900760,INR,overdue
CUST-003643,Candra,Bobby,Candra Bobby,candrabobby@gmail.com,513180,INR,overdue
CUST-003644,Doloritas,Amieva,Doloritas Amieva,doloritasamieva@gmail.com,308390,INR,in_progress
CUST-003645,Caye,Allayne,Caye Allayne,cayeallayne@gmail.com,15440,INR,active
CUST-003646,Aubry,Adlei,Aubry Adlei,aubryadlei@gmail.com,83050,INR,overdue
CUST-003647,Dorri,Bannon,Dorri Bannon,dorribannon@gmail.com,825180,INR,active
CUST-003648,Aime,Amedeo,Aime Amedeo,aimeamedeo@gmail.com,281690,INR,in_progress
CUST-003649,Guinevere,Mehta,Guinevere Mehta,guineveremehta@gmail.com,680950,INR,active
CUST-003650,Alyss,Alejoa,Alyss Alejoa,alyssalejoa@gmail.com,304540,INR,recovered
CUST-003651,Becky,Arielle,Becky Arielle,beckyarielle@gmail.com,96950,INR,in_progress
CUST-003652,Elysha,Alleyn,Elysha Alleyn,elyshaalleyn@gmail.com,790050,INR,pending
CUST-003653,Berte,Alair,Berte Alair,bertealair@gmail.com,813770,INR,overdue
CUST-003654,Seema,Airliah,Seema Airliah,seemaairliah@gmail.com,744980,INR,overdue
CUST-003655,Bernete,Auroora,Bernete Auroora,berneteauroora@gmail.com,255010,INR,pending
CUST-003656,Berti,Achorn,Berti Achorn,bertiachorn@gmail.com,703480,INR,pending
CUST-003657,Cassi,Bamberger,Cassi Bamberger,cassibamberger@gmail.com,142220,INR,in_progress
CUST-003658,Fawnia,Angeli,Fawnia Angeli,fawniaangeli@gmail.com,533960,INR,overdue
CUST-003659,Cinda,Allina,Cinda Allina,cindaallina@gmail.com,736580,INR,recovered
CUST-003660,Annissa,Ardolino,Annissa Ardolino,annissaardolino@gmail.com,859860,INR,in_progress
CUST-003661,Gilbertina,Amil,Gilbertina Amil,gilbertinaamil@gmail.com,888500,INR,recovered
CUST-003662,Eloise,Baily,Eloise Baily,eloisebaily@gmail.com,405190,INR,recovered
CUST-003663,Desdemona,Audly,Desdemona Audly,desdemonaaudly@gmail.com,877160,INR,in_progress
CUST-003664,Amelie,Atalie,Amelie Atalie,amelieatalie@gmail.com,803450,INR,pending
CUST-003665,Eddy,Bailey,Eddy Bailey,eddybailey@gmail.com,929620,INR,pending
CUST-003666,Kiran,Athalie,Kiran Athalie,kiranathalie@gmail.com,360880,INR,overdue
CUST-003667,Clare,Balf,Clare Balf,clarebalf@gmail.com,922620,INR,overdue
CUST-003668,Babs,Bing,Babs Bing,babsbing@gmail.com,348530,INR,overdue
CUST-003669,Danella,Allissa,Danella Allissa,danellaallissa@gmail.com,666430,INR,pending
CUST-003670,Allison,Aldarcie,Allison Aldarcie,allisonaldarcie@gmail.com,494640,INR,in_progress
CUST-003671,Iseabal,Ansilme,Iseabal Ansilme,iseabalansilme@gmail.com,653140,INR,overdue
CUST-003672,Beverlie,Atcliffe,Beverlie Atcliffe,beverlieatcliffe@gmail.com,66620,INR,active
CUST-003673,Alleen,Aletha,Alleen Aletha,alleenaletha@gmail.com,712960,INR,overdue
CUST-003674,Annie,Aspa,Annie Aspa,annieaspa@gmail.com,468090,INR,pending
CUST-003675,Andromache,Adriano,Andromache Adriano,andromacheadriano@gmail.com,998540,INR,active
CUST-003676,Anallise,Abrams,Anallise Abrams,analliseabrams@gmail.com,705340,INR,pending
CUST-003677,Deidre,Ahola,Deidre Ahola,deidreahola@gmail.com,966270,INR,active
CUST-003678,Henriette,Alvan,Henriette Alvan,henriettealvan@gmail.com,137070,INR,recovered
CUST-003679,Honoria,Adalbert,Honoria Adalbert,honoriaadalbert@gmail.com,767610,INR,recovered
CUST-003680,Edyth,Amaris,Edyth Amaris,edythamaris@gmail.com,532400,INR,active
CUST-003681,Ebonee,Astrahan,Ebonee Astrahan,eboneeastrahan@gmail.com,481310,INR,overdue
CUST-003682,Glynnis,Blasius,Glynnis Blasius,glynnisblasius@gmail.com,412930,INR,overdue
CUST-003683,Carlee,Almire,Carlee Almire,carleealmire@gmail.com,279860,INR,recovered
CUST-003684,Denice,Bainbridge,Denice Bainbridge,denicebainbridge@gmail.com,571050,INR,active
CUST-003685,Devi,Alysoun,Devi Alysoun,devialysoun@gmail.com,810420,INR,in_progress
CUST-003686,Anthea,Baecher,Anthea Baecher,antheabaecher@gmail.com,831500,INR,overdue
CUST-003687,Annetta,Biegel,Annetta Biegel,annettabiegel@gmail.com,384180,INR,recovered
CUST-003688,Beatrice,Aggri,Beatrice Aggri,beatriceaggri@gmail.com,99940,INR,pending
CUST-003689,Jacquette,Bernj,Jacquette Bernj,jacquettebernj@gmail.com,599510,INR,in_progress
CUST-003690,Anstice,Barstow,Anstice Barstow,ansticebarstow@gmail.com,223540,INR,in_progress
CUST-003691,Dahlia,Arlon,Dahlia Arlon,dahliaarlon@gmail.com,272260,INR,active
CUST-003692,Ann,Barbie,Ann Barbie,annbarbie@gmail.com,478760,INR,overdue
CUST-003693,Claudine,Blus,Claudine Blus,claudineblus@gmail.com,443480,INR,active
CUST-003694,Fayre,Adamina,Fayre Adamina,fayreadamina@gmail.com,904380,INR,recovered
CUST-003695,Edna,Anny,Edna Anny,ednaanny@gmail.com,479290,INR,active
CUST-003696,Gerladina,Ainslee,Gerladina Ainslee,gerladinaainslee@gmail.com,119810,INR,in_progress
CUST-003697,Avis,Bayless,Avis Bayless,avisbayless@gmail.com,464560,INR,active
CUST-003698,Chlo,Ardyth,Chlo Ardyth,chloardyth@gmail.com,487320,INR,pending
CUST-003699,Caroline,Annorah,Caroline Annorah,carolineannorah@gmail.com,35940,INR,recovered
CUST-003700,Hesther,Ania,Hesther Ania,hestherania@gmail.com,149580,INR,in_progress
CUST-003701,Hannie,Ambros,Hannie Ambros,hannieambros@gmail.com,693480,INR,overdue
CUST-003702,Berty,Ardie,Berty Ardie,bertyardie@gmail.com,573590,INR,pending
CUST-003703,Catriona,Addiego,Catriona Addiego,catrionaaddiego@gmail.com,664680,INR,active
CUST-003704,Fredrika,Alodi,Fredrika Alodi,fredrikaalodi@gmail.com,152930,INR,overdue
CUST-003705,Edin,Bissell,Edin Bissell,edinbissell@gmail.com,983150,INR,active
CUST-003706,Aditi,Amalberga,Aditi Amalberga,aditiamalberga@gmail.com,659550,INR,overdue
CUST-003707,Alexia,Arlan,Alexia Arlan,alexiaarlan@gmail.com,787150,INR,recovered
CUST-003708,Estella,Bitthia,Estella Bitthia,estellabitthia@gmail.com,75670,INR,overdue
CUST-003709,Heath,Bobker,Heath Bobker,heathbobker@gmail.com,957390,INR,in_progress
CUST-003710,Angelia,Aia,Angelia Aia,angeliaaia@gmail.com,484880,INR,recovered
CUST-003711,Estelle,Athey,Estelle Athey,estelleathey@gmail.com,818240,INR,overdue
CUST-003712,Bunni,Goel,Bunni Goel,bunnigoel@gmail.com,411340,INR,in_progress
CUST-003713,Bekki,Angela,Bekki Angela,bekkiangela@gmail.com,158250,INR,active
CUST-003714,Angelita,Athenian,Angelita Athenian,angelitaathenian@gmail.com,222010,INR,in_progress
CUST-003715,Ivette,Azriel,Ivette Azriel,ivetteazriel@gmail.com,45590,INR,pending
CUST-003716,Rhea,Beera,Rhea Beera,rheabeera@gmail.com,466000,INR,pending
CUST-003717,Ally,Arabele,Ally Arabele,allyarabele@gmail.com,36320,INR,recovered
CUST-003718,Dorice,Berghoff,Dorice Berghoff,doriceberghoff@gmail.com,216030,INR,pending
CUST-003719,Alida,Betta,Alida Betta,alidabetta@gmail.com,616490,INR,active
CUST-003720,Ailsun,Anett,Ailsun Anett,ailsunanett@gmail.com,778170,INR,in_progress
CUST-003721,Naveen,Bartosch,Naveen Bartosch,naveenbartosch@gmail.com,78290,INR,active
CUST-003722,Jenna,Alvera,Jenna Alvera,jennaalvera@gmail.com,705280,INR,overdue
CUST-003723,Charmian,Armando,Charmian Armando,charmianarmando@gmail.com,598170,INR,active
CUST-003724,Austine,Alveta,Austine Alveta,austinealveta@gmail.com,833590,INR,overdue
CUST-003725,Francoise,Anders,Francoise Anders,francoiseanders@gmail.com,33240,INR,pending
CUST-003726,Carolyne,Alfonso,Carolyne Alfonso,carolynealfonso@gmail.com,808620,INR,pending
CUST-003727,Bobby,Beitch,Bobby Beitch,bobbybeitch@gmail.com,257580,INR,pending
CUST-003728,Aidan,Becka,Aidan Becka,aidanbecka@gmail.com,321580,INR,pending
CUST-003729,Krishna,Beryl,Krishna Beryl,krishnaberyl@gmail.com,408610,INR,recovered
CUST-003730,Annabella,Jain,Annabella Jain,annabellajain@gmail.com,403920,INR,pending
CUST-003731,Allison,Baynebridge,Allison Baynebridge,allisonbaynebridge@gmail.com,277170,INR,active
CUST-003732,Andra,Barri,Andra Barri,andrabarri@gmail.com,343280,INR,pending
CUST-003733,Ashlen,Adore,Ashlen Adore,ashlenadore@gmail.com,340170,INR,recovered
CUST-003734,Jacky,Berriman,Jacky Berriman,jackyberriman@gmail.com,800930,INR,recovered
CUST-003735,Essy,Arola,Essy Arola,essyarola@gmail.com,677190,INR,recovered
CUST-003736,Christin,Allsopp,Christin Allsopp,christinallsopp@gmail.com,341020,INR,recovered
CUST-003737,Arlee,Amaryllis,Arlee Amaryllis,arleeamaryllis@gmail.com,922080,INR,overdue
CUST-003738,Flss,Aurel,Flss Aurel,flssaurel@gmail.com,116700,INR,active
CUST-003739,Dorice,Anselm,Dorice Anselm,doriceanselm@gmail.com,329430,INR,active
CUST-003740,Calla,Anthony,Calla Anthony,callaanthony@gmail.com,391310,INR,active
CUST-003741,Gussi,Annelise,Gussi Annelise,gussiannelise@gmail.com,441290,INR,pending
CUST-003742,Jaymee,Benisch,Jaymee Benisch,jaymeebenisch@gmail.com,768470,INR,in_progress
CUST-003743,Chelsie,Allerus,Chelsie Allerus,chelsieallerus@gmail.com,559710,INR,overdue
CUST-003744,Dayle,Beyer,Dayle Beyer,daylebeyer@gmail.com,894700,INR,in_progress
CUST-003745,Dolley,Arv,Dolley Arv,dolleyarv@gmail.com,29350,INR,pending
CUST-003746,Gladi,Abramson,Gladi Abramson,gladiabramson@gmail.com,751940,INR,pending
CUST-003747,Gerta,Antonietta,Gerta Antonietta,gertaantonietta@gmail.com,668520,INR,in_progress
CUST-003748,Meera,Beata,Meera Beata,meerabeata@gmail.com,509790,INR,overdue
CUST-003749,Deina,Barraza,Deina Barraza,deinabarraza@gmail.com,635640,INR,active
CUST-003750,Angel,Allx,Angel Allx,angelallx@gmail.com,330180,INR,overdue
CUST-003751,Danny,Berard,Danny Berard,dannyberard@gmail.com,797430,INR,pending
CUST-003752,Fayre,Ardel,Fayre Ardel,fayreardel@gmail.com,652480,INR,pending
CUST-003753,Elberta,Baskett,Elberta Baskett,elbertabaskett@gmail.com,826240,INR,recovered
CUST-003754,Annadiane,Ames,Annadiane Ames,annadianeames@gmail.com,468190,INR,active
CUST-003755,Abbi,Aldred,Abbi Aldred,abbialdred@gmail.com,317330,INR,recovered
CUST-003756,Carlie,Bluh,Carlie Bluh,carliebluh@gmail.com,533060,INR,active
CUST-003757,Ericka,Aili,Ericka Aili,erickaaili@gmail.com,366780,INR,pending
CUST-003758,Cherrita,Babette,Cherrita Babette,cherritababette@gmail.com,326340,INR,active
CUST-003759,Hayley,Barnabas,Hayley Barnabas,hayleybarnabas@gmail.com,839320,INR,active
CUST-003760,Binnie,Amie,Binnie Amie,binnieamie@gmail.com,262240,INR,active
CUST-003761,Fawnia,Beore,Fawnia Beore,fawniabeore@gmail.com,145830,INR,in_progress
CUST-003762,Erminia,Akerboom,Erminia Akerboom,erminiaakerboom@gmail.com,961160,INR,overdue
CUST-003763,Arlen,Anderegg,Arlen Anderegg,arlenanderegg@gmail.com,288100,INR,overdue
CUST-003764,Shaurya,Anglim,Shaurya Anglim,shauryaanglim@gmail.com,809380,INR,recovered
CUST-003765,Gisella,Bigford,Gisella Bigford,gisellabigford@gmail.com,219980,INR,active
CUST-003766,Deeanne,Ancel,Deeanne Ancel,deeanneancel@gmail.com,688060,INR,recovered
CUST-003767,Haleigh,Bennink,Haleigh Bennink,haleighbennink@gmail.com,117670,INR,pending
CUST-003768,Brynna,Battista,Brynna Battista,brynnabattista@gmail.com,423490,INR,active
CUST-003769,Cornie,Balbinder,Cornie Balbinder,corniebalbinder@gmail.com,528440,INR,active
CUST-003770,Hyacinthe,Auric,Hyacinthe Auric,hyacintheauric@gmail.com,619780,INR,recovered
CUST-003771,Cherrita,Amaras,Cherrita Amaras,cherritaamaras@gmail.com,181160,INR,pending
CUST-003772,Ashly,Basile,Ashly Basile,ashlybasile@gmail.com,118690,INR,overdue
CUST-003773,Dorene,Australia,Dorene Australia,doreneaustralia@gmail.com,300350,INR,overdue
CUST-003774,Gabie,Alisa,Gabie Alisa,gabiealisa@gmail.com,213640,INR,overdue
CUST-003775,Janetta,Agler,Janetta Agler,janettaagler@gmail.com,204160,INR,active
CUST-003776,Carlye,Arathorn,Carlye Arathorn,carlyearathorn@gmail.com,907200,INR,active
CUST-003777,Audre,Attalie,Audre Attalie,audreattalie@gmail.com,796710,INR,in_progress
CUST-003778,Audre,Blight,Audre Blight,audreblight@gmail.com,412950,INR,pending
CUST-003779,Faye,Amalle,Faye Amalle,fayeamalle@gmail.com,100940,INR,pending
CUST-003780,Danit,Balling,Danit Balling,danitballing@gmail.com,921560,INR,pending
CUST-003781,Ariel,Adrianne,Ariel Adrianne,arieladrianne@gmail.com,734010,INR,active
CUST-003782,Helga,Arno,Helga Arno,helgaarno@gmail.com,93000,INR,overdue
CUST-003783,Fidelity,Arakawa,Fidelity Arakawa,fidelityarakawa@gmail.com,452390,INR,pending
CUST-003784,Candie,Baseler,Candie Baseler,candiebaseler@gmail.com,47320,INR,overdue
CUST-003785,Jemie,Alarick,Jemie Alarick,jemiealarick@gmail.com,648090,INR,overdue
CUST-003786,Anette,Appleton,Anette Appleton,anetteappleton@gmail.com,33910,INR,overdue
CUST-003787,Agnola,Aufmann,Agnola Aufmann,agnolaaufmann@gmail.com,923650,INR,pending
CUST-003788,Hinda,Alber,Hinda Alber,hindaalber@gmail.com,834670,INR,active
CUST-003789,Ingeborg,Beebe,Ingeborg Beebe,ingeborgbeebe@gmail.com,641700,INR,recovered
CUST-003790,Glenda,Adda,Glenda Adda,glendaadda@gmail.com,504850,INR,overdue
CUST-003791,Carline,Ambrosio,Carline Ambrosio,carlineambrosio@gmail.com,566120,INR,active
CUST-003792,Hildagarde,Angelico,Hildagarde Angelico,hildagardeangelico@gmail.com,898580,INR,pending
CUST-003793,Bonnibelle,Alikee,Bonnibelle Alikee,bonnibellealikee@gmail.com,906560,INR,active
CUST-003794,Bonnie,Aspa,Bonnie Aspa,bonnieaspa@gmail.com,148860,INR,recovered
CUST-003795,Fanya,Aubigny,Fanya Aubigny,fanyaaubigny@gmail.com,956090,INR,active
CUST-003796,Chickie,Berfield,Chickie Berfield,chickieberfield@gmail.com,466660,INR,in_progress
CUST-003797,Agnola,Bose,Agnola Bose,agnolabose@gmail.com,376580,INR,active
CUST-003798,Charmain,Biddie,Charmain Biddie,charmainbiddie@gmail.com,773890,INR,active
CUST-003799,Gnni,Rawat,Gnni Rawat,gnnirawat@gmail.com,666830,INR,active
CUST-003800,Florri,Abba,Florri Abba,florriabba@gmail.com,631820,INR,in_progress
CUST-003801,Ayn,Aretta,Ayn Aretta,aynaretta@gmail.com,324790,INR,recovered
CUST-003802,Emmalynne,Alene,Emmalynne Alene,emmalynnealene@gmail.com,443910,INR,recovered
CUST-003803,Adelind,Banks,Adelind Banks,adelindbanks@gmail.com,169490,INR,pending
CUST-003804,Fionna,Patil,Fionna Patil,fionnapatil@gmail.com,340080,INR,recovered
CUST-003805,Agnola,Blondy,Agnola Blondy,agnolablondy@gmail.com,199730,INR,pending
CUST-003806,Gwendolen,Amaryllis,Gwendolen Amaryllis,gwendolenamaryllis@gmail.com,5260,INR,pending
CUST-003807,Ceil,Benjamin,Ceil Benjamin,ceilbenjamin@gmail.com,881850,INR,recovered
CUST-003808,Catina,Beebe,Catina Beebe,catinabeebe@gmail.com,686030,INR,pending
CUST-003809,Mahesh,Bigler,Mahesh Bigler,maheshbigler@gmail.com,910800,INR,in_progress
CUST-003810,Druci,Artamas,Druci Artamas,druciartamas@gmail.com,89340,INR,recovered
CUST-003811,Ingaberg,Ailina,Ingaberg Ailina,ingabergailina@gmail.com,121080,INR,pending
CUST-003812,Betta,Blanding,Betta Blanding,bettablanding@gmail.com,84340,INR,recovered
CUST-003813,Bell,Aidan,Bell Aidan,bellaidan@gmail.com,539280,INR,active
CUST-003814,Eulalie,Beauvais,Eulalie Beauvais,eulaliebeauvais@gmail.com,584350,INR,active
CUST-003815,Cindra,Boehmer,Cindra Boehmer,cindraboehmer@gmail.com,433350,INR,recovered
CUST-003816,Gwendolyn,Aldas,Gwendolyn Aldas,gwendolynaldas@gmail.com,932930,INR,overdue
CUST-003817,Ally,Bea,Ally Bea,allybea@gmail.com,783120,INR,recovered
CUST-003818,Gleda,Ashjian,Gleda Ashjian,gledaashjian@gmail.com,899280,INR,overdue
CUST-003819,Aeriell,Aileen,Aeriell Aileen,aeriellaileen@gmail.com,717800,INR,recovered
CUST-003820,Elinore,Behlau,Elinore Behlau,elinorebehlau@gmail.com,688620,INR,pending
CUST-003821,Gilda,Berlin,Gilda Berlin,gildaberlin@gmail.com,139190,INR,overdue
CUST-003822,Eugenia,Bland,Eugenia Bland,eugeniabland@gmail.com,966240,INR,overdue
CUST-003823,Prisha,Adamec,Prisha Adamec,prishaadamec@gmail.com,97570,INR,in_progress
CUST-003824,Ellynn,Anora,Ellynn Anora,ellynnanora@gmail.com,389630,INR,recovered
CUST-003825,Aubrette,Abby,Aubrette Abby,aubretteabby@gmail.com,12590,INR,in_progress
CUST-003826,Elisabet,Agretha,Elisabet Agretha,elisabetagretha@gmail.com,973180,INR,recovered
CUST-003827,Buffy,Amati,Buffy Amati,buffyamati@gmail.com,629430,INR,in_progress
CUST-003828,Analiese,Boak,Analiese Boak,analieseboak@gmail.com,804890,INR,active
CUST-003829,Ddene,Andi,Ddene Andi,ddeneandi@gmail.com,709170,INR,recovered
CUST-003830,Janine,Bobby,Janine Bobby,janinebobby@gmail.com,480000,INR,active
CUST-003831,Cherilynn,Andriana,Cherilynn Andriana,cherilynnandriana@gmail.com,285480,INR,active
CUST-003832,Edithe,Beauvais,Edithe Beauvais,edithebeauvais@gmail.com,10590,INR,in_progress
CUST-003833,Catrina,Albion,Catrina Albion,catrinaalbion@gmail.com,692850,INR,in_progress
CUST-003834,Henriette,Arda,Henriette Arda,henriettearda@gmail.com,604990,INR,recovered
CUST-003835,Janean,Alis,Janean Alis,janeanalis@gmail.com,824860,INR,recovered
CUST-003836,Alta,Belamy,Alta Belamy,altabelamy@gmail.com,287510,INR,active
CUST-003837,Clarine,Bethesda,Clarine Bethesda,clarinebethesda@gmail.com,756110,INR,in_progress
CUST-003838,Faythe,Ahron,Faythe Ahron,faytheahron@gmail.com,905750,INR,pending
CUST-003839,Adara,Bea,Adara Bea,adarabea@gmail.com,456160,INR,active
CUST-003840,Ester,Auburta,Ester Auburta,esterauburta@gmail.com,419850,INR,in_progress
CUST-003841,Dix,Azarria,Dix Azarria,dixazarria@gmail.com,816340,INR,recovered
CUST-003842,Anya,Anestassia,Anya Anestassia,anyaanestassia@gmail.com,75880,INR,overdue
CUST-003843,Emmalynn,Aimo,Emmalynn Aimo,emmalynnaimo@gmail.com,828560,INR,pending
CUST-003844,Carlie,Adala,Carlie Adala,carlieadala@gmail.com,434930,INR,in_progress
CUST-003845,Hedi,Auroora,Hedi Auroora,hediauroora@gmail.com,861250,INR,pending
CUST-003846,Becca,Ariella,Becca Ariella,beccaariella@gmail.com,853620,INR,recovered
CUST-003847,Camellia,Beilul,Camellia Beilul,camelliabeilul@gmail.com,731270,INR,in_progress
CUST-003848,Elli,Bergmann,Elli Bergmann,ellibergmann@gmail.com,476560,INR,in_progress
CUST-003849,Gisela,Ackler,Gisela Ackler,giselaackler@gmail.com,9810,INR,pending
CUST-003850,Caritta,Bancroft,Caritta Bancroft,carittabancroft@gmail.com,331660,INR,recovered
CUST-003851,Ethelind,Androw,Ethelind Androw,ethelindandrow@gmail.com,193840,INR,recovered
CUST-003852,Fancy,Axe,Fancy Axe,fancyaxe@gmail.com,5030,INR,recovered
CUST-003853,Gene,Beaumont,Gene Beaumont,genebeaumont@gmail.com,452410,INR,pending
CUST-003854,Bamby,Ammann,Bamby Ammann,bambyammann@gmail.com,628020,INR,pending
CUST-003855,Cybill,Aigneis,Cybill Aigneis,cybillaigneis@gmail.com,850700,INR,recovered
CUST-003856,Ericha,Ardell,Ericha Ardell,erichaardell@gmail.com,216000,INR,active
CUST-003857,Fredia,Alvera,Fredia Alvera,frediaalvera@gmail.com,258260,INR,active
CUST-003858,Chloris,Anderea,Chloris Anderea,chlorisanderea@gmail.com,474930,INR,recovered
CUST-003859,Doll,Berkley,Doll Berkley,dollberkley@gmail.com,609880,INR,in_progress
CUST-003860,Jen,Bartko,Jen Bartko,jenbartko@gmail.com,866490,INR,in_progress
CUST-003861,Chantal,Azelea,Chantal Azelea,chantalazelea@gmail.com,450240,INR,recovered
CUST-003862,Carree,Arlene,Carree Arlene,carreearlene@gmail.com,960170,INR,recovered
CUST-003863,Gabriell,Alexandre,Gabriell Alexandre,gabriellalexandre@gmail.com,430400,INR,active
CUST-003864,Fayette,Ainsworth,Fayette Ainsworth,fayetteainsworth@gmail.com,925190,INR,in_progress
CUST-003865,Constancy,Biondo,Constancy Biondo,constancybiondo@gmail.com,888490,INR,in_progress
CUST-003866,Devan,Barfuss,Devan Barfuss,devanbarfuss@gmail.com,553410,INR,pending
CUST-003867,Cosette,Androw,Cosette Androw,cosetteandrow@gmail.com,195690,INR,pending
CUST-003868,Tanvi,Arondel,Tanvi Arondel,tanviarondel@gmail.com,758510,INR,overdue
CUST-003869,Filia,Amandi,Filia Amandi,filiaamandi@gmail.com,847920,INR,active
CUST-003870,Haley,Aime,Haley Aime,haleyaime@gmail.com,927030,INR,recovered
CUST-003871,Cyb,Allister,Cyb Allister,cyballister@gmail.com,87870,INR,active
CUST-003872,Doralin,Aguste,Doralin Aguste,doralinaguste@gmail.com,843050,INR,in_progress
CUST-003873,Jackqueline,Barsky,Jackqueline Barsky,jackquelinebarsky@gmail.com,10230,INR,active
CUST-003874,Alis,Ackerley,Alis Ackerley,alisackerley@gmail.com,687480,INR,active
CUST-003875,Damara,Bacon,Damara Bacon,damarabacon@gmail.com,970610,INR,pending
CUST-003876,Aurore,Alf,Aurore Alf,aurorealf@gmail.com,807970,INR,overdue
CUST-003877,Cory,Baillieu,Cory Baillieu,corybaillieu@gmail.com,774050,INR,active
CUST-003878,Demetria,Baumann,Demetria Baumann,demetriabaumann@gmail.com,417880,INR,recovered
CUST-003879,Chiarra,Beare,Chiarra Beare,chiarrabeare@gmail.com,918120,INR,recovered
CUST-003880,Anastasia,Benilda,Anastasia Benilda,anastasiabenilda@gmail.com,157500,INR,overdue
CUST-003881,Birgitta,Ashely,Birgitta Ashely,birgittaashely@gmail.com,873940,INR,in_progress
CUST-003882,Becki,Aharon,Becki Aharon,beckiaharon@gmail.com,813600,INR,overdue
CUST-003883,Grata,Bili,Grata Bili,gratabili@gmail.com,24530,INR,pending
CUST-003884,Allyson,Baram,Allyson Baram,allysonbaram@gmail.com,86310,INR,recovered
CUST-003885,Cristin,Amatruda,Cristin Amatruda,cristinamatruda@gmail.com,375380,INR,overdue
CUST-003886,Annabal,Archle,Annabal Archle,annabalarchle@gmail.com,181140,INR,pending
CUST-003887,Jaclin,Behl,Jaclin Behl,jaclinbehl@gmail.com,238120,INR,overdue
CUST-003888,Gerladina,Alyse,Gerladina Alyse,gerladinaalyse@gmail.com,908640,INR,active
CUST-003889,Amy,Andrey,Amy Andrey,amyandrey@gmail.com,599220,INR,recovered
CUST-003890,Devinne,Athey,Devinne Athey,devinneathey@gmail.com,866250,INR,in_progress
CUST-003891,Reyansh,Aldous,Reyansh Aldous,reyanshaldous@gmail.com,232470,INR,pending
CUST-003892,Dalia,Ashleigh,Dalia Ashleigh,daliaashleigh@gmail.com,376000,INR,overdue
CUST-003893,Aundrea,Berthoud,Aundrea Berthoud,aundreaberthoud@gmail.com,941440,INR,in_progress
CUST-003894,Izabel,Aylmer,Izabel Aylmer,izabelaylmer@gmail.com,673270,INR,in_progress
CUST-003895,Ardelia,Azal,Ardelia Azal,ardeliaazal@gmail.com,47420,INR,in_progress
CUST-003896,Arlinda,Arel,Arlinda Arel,arlindaarel@gmail.com,350210,INR,pending
CUST-003897,Betty,Adrianna,Betty Adrianna,bettyadrianna@gmail.com,140910,INR,pending
CUST-003898,Dulcy,Belshin,Dulcy Belshin,dulcybelshin@gmail.com,353720,INR,active
CUST-003899,Dalila,Alten,Dalila Alten,dalilaalten@gmail.com,107540,INR,recovered
CUST-003900,Hannie,Axe,Hannie Axe,hannieaxe@gmail.com,370880,INR,active
CUST-003901,Celine,Auvil,Celine Auvil,celineauvil@gmail.com,41930,INR,recovered
CUST-003902,Emmye,Asabi,Emmye Asabi,emmyeasabi@gmail.com,137160,INR,in_progress
CUST-003903,Codee,Almena,Codee Almena,codeealmena@gmail.com,976520,INR,active
CUST-003904,Domeniga,Badger,Domeniga Badger,domenigabadger@gmail.com,108760,INR,overdue
CUST-003905,Benedikta,Appleton,Benedikta Appleton,benediktaappleton@gmail.com,221810,INR,overdue
CUST-003906,Bobbye,Barger,Bobbye Barger,bobbyebarger@gmail.com,742390,INR,active
CUST-003907,Alyss,Ashti,Alyss Ashti,alyssashti@gmail.com,861330,INR,overdue
CUST-003908,Ana,Aubry,Ana Aubry,anaaubry@gmail.com,780040,INR,overdue
CUST-003909,Eliza,Betsy,Eliza Betsy,elizabetsy@gmail.com,483610,INR,overdue
CUST-003910,Hertha,Akerley,Hertha Akerley,herthaakerley@gmail.com,697530,INR,in_progress
CUST-003911,Cynthea,Artamas,Cynthea Artamas,cyntheaartamas@gmail.com,722920,INR,active
CUST-003912,Danna,Bennett,Danna Bennett,dannabennett@gmail.com,58820,INR,active
CUST-003913,Edna,Bartlett,Edna Bartlett,ednabartlett@gmail.com,647790,INR,pending
CUST-003914,Vedant,Behlau,Vedant Behlau,vedantbehlau@gmail.com,595440,INR,pending
CUST-003915,Gratia,Allmon,Gratia Allmon,gratiaallmon@gmail.com,363140,INR,recovered
CUST-003916,Arden,Kansal,Arden Kansal,ardenkansal@gmail.com,7760,INR,pending
CUST-003917,Flore,Bartholomeo,Flore Bartholomeo,florebartholomeo@gmail.com,842410,INR,overdue
CUST-003918,Gladys,Alben,Gladys Alben,gladysalben@gmail.com,556780,INR,active
CUST-003919,Jaclyn,Boffa,Jaclyn Boffa,jaclynboffa@gmail.com,23680,INR,active
CUST-003920,Shaurya,Bander,Shaurya Bander,shauryabander@gmail.com,478030,INR,recovered
CUST-003921,Fionnula,Alyose,Fionnula Alyose,fionnulaalyose@gmail.com,117720,INR,pending
CUST-003922,Krishna,Bellda,Krishna Bellda,krishnabellda@gmail.com,559680,INR,recovered
CUST-003923,Gerri,Bagger,Gerri Bagger,gerribagger@gmail.com,978790,INR,in_progress
CUST-003924,Aleta,As,Aleta As,aletaas@gmail.com,138420,INR,in_progress
CUST-003925,Consuelo,Anjanette,Consuelo Anjanette,consueloanjanette@gmail.com,852680,INR,overdue
CUST-003926,Coleen,Asia,Coleen Asia,coleenasia@gmail.com,904640,INR,overdue
CUST-003927,Gunilla,Banwell,Gunilla Banwell,gunillabanwell@gmail.com,753880,INR,overdue
CUST-003928,Deana,Addia,Deana Addia,deanaaddia@gmail.com,694410,INR,recovered
CUST-003929,Fredericka,Adar,Fredericka Adar,frederickaadar@gmail.com,236690,INR,recovered
CUST-003930,Ashly,Annorah,Ashly Annorah,ashlyannorah@gmail.com,976900,INR,in_progress
CUST-003931,Afton,Alicea,Afton Alicea,aftonalicea@gmail.com,728120,INR,in_progress
CUST-003932,Almeda,Arch,Almeda Arch,almedaarch@gmail.com,131600,INR,active
CUST-003933,Catha,Aldin,Catha Aldin,cathaaldin@gmail.com,849060,INR,recovered
CUST-003934,Betsey,Benni,Betsey Benni,betseybenni@gmail.com,832630,INR,in_progress
CUST-003935,Vijay,Beatrix,Vijay Beatrix,vijaybeatrix@gmail.com,959460,INR,overdue
CUST-003936,Dorella,Pandey,Dorella Pandey,dorellapandey@gmail.com,4640,INR,overdue
CUST-003937,Danice,Bekelja,Danice Bekelja,danicebekelja@gmail.com,947780,INR,overdue
CUST-003938,Swati,Allison,Swati Allison,swatiallison@gmail.com,774570,INR,recovered
CUST-003939,Dorene,Bettencourt,Dorene Bettencourt,dorenebettencourt@gmail.com,629900,INR,overdue
CUST-003940,Dee,Betthezel,Dee Betthezel,deebetthezel@gmail.com,55780,INR,in_progress
CUST-003941,Amandy,Anselma,Amandy Anselma,amandyanselma@gmail.com,618030,INR,overdue
CUST-003942,Caroljean,Bains,Caroljean Bains,caroljeanbains@gmail.com,523720,INR,recovered
CUST-003943,Albina,Angel,Albina Angel,albinaangel@gmail.com,690020,INR,recovered
CUST-003944,Gladi,Adaurd,Gladi Adaurd,gladiadaurd@gmail.com,791960,INR,overdue
CUST-003945,Doralynn,Allys,Doralynn Allys,doralynnallys@gmail.com,876890,INR,in_progress
CUST-003946,Germana,Alanna,Germana Alanna,germanaalanna@gmail.com,607670,INR,pending
CUST-003947,Callie,Bailie,Callie Bailie,calliebailie@gmail.com,348360,INR,pending
CUST-003948,Chrissy,Agna,Chrissy Agna,chrissyagna@gmail.com,551610,INR,recovered
CUST-003949,Charmaine,Alysia,Charmaine Alysia,charmainealysia@gmail.com,90120,INR,overdue
CUST-003950,Darryl,Bernita,Darryl Bernita,darrylbernita@gmail.com,94370,INR,active
CUST-003951,Dorolisa,Arvell,Dorolisa Arvell,dorolisaarvell@gmail.com,667920,INR,active
CUST-003952,Austine,Adnopoz,Austine Adnopoz,austineadnopoz@gmail.com,880130,INR,active
CUST-003953,Gillian,Alvin,Gillian Alvin,gillianalvin@gmail.com,865570,INR,overdue
CUST-003954,Alejandrina,Anett,Alejandrina Anett,alejandrinaanett@gmail.com,660840,INR,pending
CUST-003955,Dorita,Abner,Dorita Abner,doritaabner@gmail.com,195310,INR,pending
CUST-003956,Carolyne,Bean,Carolyne Bean,carolynebean@gmail.com,333680,INR,pending
CUST-003957,Charis,Aubree,Charis Aubree,charisaubree@gmail.com,720580,INR,pending
CUST-003958,Darbie,Adkins,Darbie Adkins,darbieadkins@gmail.com,413800,INR,pending
CUST-003959,Cheryl,Agostino,Cheryl Agostino,cherylagostino@gmail.com,997820,INR,active
CUST-003960,Kavya,Abrahams,Kavya Abrahams,kavyaabrahams@gmail.com,945670,INR,in_progress
CUST-003961,Eleonore,Aurelie,Eleonore Aurelie,eleonoreaurelie@gmail.com,668230,INR,in_progress
CUST-003962,Hannis,Aura,Hannis Aura,hannisaura@gmail.com,474170,INR,overdue
CUST-003963,Bettine,Arst,Bettine Arst,bettinearst@gmail.com,733890,INR,active
CUST-003964,Aleda,Beaudoin,Aleda Beaudoin,aledabeaudoin@gmail.com,746130,INR,pending
CUST-003965,Guillema,Bedad,Guillema Bedad,guillemabedad@gmail.com,62930,INR,recovered
CUST-003966,Drona,Anzovin,Drona Anzovin,dronaanzovin@gmail.com,423900,INR,active
CUST-003967,Glenna,Alinna,Glenna Alinna,glennaalinna@gmail.com,815560,INR,recovered
CUST-003968,Celestyna,Amorette,Celestyna Amorette,celestynaamorette@gmail.com,348000,INR,in_progress
CUST-003969,Clarinda,Barbuto,Clarinda Barbuto,clarindabarbuto@gmail.com,998140,INR,pending
CUST-003970,Hollie,Blodget,Hollie Blodget,hollieblodget@gmail.com,786440,INR,recovered
CUST-003971,Carri,Binnie,Carri Binnie,carribinnie@gmail.com,764520,INR,active
CUST-003972,Andie,Beaulieu,Andie Beaulieu,andiebeaulieu@gmail.com,325490,INR,pending
CUST-003973,Correna,Argile,Correna Argile,correnaargile@gmail.com,996410,INR,recovered
CUST-003974,Dorisa,Bancroft,Dorisa Bancroft,dorisabancroft@gmail.com,944120,INR,in_progress
CUST-003975,Adelina,Amarillis,Adelina Amarillis,adelinaamarillis@gmail.com,630030,INR,recovered
CUST-003976,Corina,Adora,Corina Adora,corinaadora@gmail.com,199050,INR,active
CUST-003977,Domeniga,Azarria,Domeniga Azarria,domenigaazarria@gmail.com,309320,INR,in_progress
CUST-003978,Georgeanne,Blythe,Georgeanne Blythe,georgeanneblythe@gmail.com,581880,INR,recovered
CUST-003979,Ahana,Bastien,Ahana Bastien,ahanabastien@gmail.com,508860,INR,pending
CUST-003980,Harlie,Artemis,Harlie Artemis,harlieartemis@gmail.com,361500,INR,recovered
CUST-003981,Ali,Adim,Ali Adim,aliadim@gmail.com,78650,INR,pending
CUST-003982,Elnore,Bakemeier,Elnore Bakemeier,elnorebakemeier@gmail.com,812530,INR,in_progress
CUST-003983,Darleen,Abernon,Darleen Abernon,darleenabernon@gmail.com,24190,INR,overdue
CUST-003984,Cris,Abbey,Cris Abbey,crisabbey@gmail.com,898290,INR,in_progress
CUST-003985,Evy,Auria,Evy Auria,evyauria@gmail.com,542130,INR,pending
CUST-003986,Hatty,Anzovin,Hatty Anzovin,hattyanzovin@gmail.com,725370,INR,in_progress
CUST-003987,Vishal,Balliol,Vishal Balliol,vishalballiol@gmail.com,164110,INR,recovered
CUST-003988,Courtenay,Allerie,Courtenay Allerie,courtenayallerie@gmail.com,25090,INR,recovered
CUST-003989,Charin,Alduino,Charin Alduino,charinalduino@gmail.com,700220,INR,pending
CUST-003990,Felice,Andrea,Felice Andrea,feliceandrea@gmail.com,300300,INR,recovered
CUST-003991,Glynis,Bernetta,Glynis Bernetta,glynisbernetta@gmail.com,179910,INR,recovered
CUST-003992,Cordelia,Audsley,Cordelia Audsley,cordeliaaudsley@gmail.com,187180,INR,recovered
CUST-003993,Gayleen,Aurelie,Gayleen Aurelie,gayleenaurelie@gmail.com,405980,INR,in_progress
CUST-003994,Adore,Alard,Adore Alard,adorealard@gmail.com,29520,INR,pending
CUST-003995,Hermine,Alton,Hermine Alton,herminealton@gmail.com,444440,INR,recovered
CUST-003996,Greer,Anya,Greer Anya,greeranya@gmail.com,521650,INR,active
CUST-003997,Sachin,Alie,Sachin Alie,sachinalie@gmail.com,286510,INR,pending
CUST-003998,Babbette,Auburta,Babbette Auburta,babbetteauburta@gmail.com,511010,INR,overdue
CUST-003999,Gabriellia,Alfreda,Gabriellia Alfreda,gabrielliaalfreda@gmail.com,554880,INR,recovered
CUST-004000,Farrah,Barbarese,Farrah Barbarese,farrahbarbarese@gmail.com,646800,INR,active
CUST-004001,Calida,Amalbergas,Calida Amalbergas,calidaamalbergas@gmail.com,602870,INR,in_progress
CUST-004002,Ajay,Andreas,Ajay Andreas,ajayandreas@gmail.com,588040,INR,active
CUST-004003,Damara,Aric,Damara Aric,damaraaric@gmail.com,11090,INR,active
CUST-004004,Benedikta,Beauvais,Benedikta Beauvais,benediktabeauvais@gmail.com,667540,INR,in_progress
CUST-004005,Ginelle,Alvar,Ginelle Alvar,ginellealvar@gmail.com,415430,INR,in_progress
CUST-004006,Meenakshi,Abebi,Meenakshi Abebi,meenakshiabebi@gmail.com,44570,INR,active
CUST-004007,Gisella,Arianie,Gisella Arianie,gisellaarianie@gmail.com,453820,INR,pending
CUST-004008,Fianna,Birkle,Fianna Birkle,fiannabirkle@gmail.com,296420,INR,in_progress
CUST-004009,Ali,Bakki,Ali Bakki,alibakki@gmail.com,516110,INR,in_progress
CUST-004010,Barbabra,Andromede,Barbabra Andromede,barbabraandromede@gmail.com,124940,INR,in_progress
CUST-004011,Bernadene,Bazluke,Bernadene Bazluke,bernadenebazluke@gmail.com,431400,INR,pending
CUST-004012,Giralda,Bean,Giralda Bean,giraldabean@gmail.com,583570,INR,pending
CUST-004013,Fan,Anastasia,Fan Anastasia,fananastasia@gmail.com,258450,INR,pending
CUST-004014,Arlee,Betz,Arlee Betz,arleebetz@gmail.com,883150,INR,active
CUST-004015,Antonietta,Alvan,Antonietta Alvan,antoniettaalvan@gmail.com,736500,INR,active
CUST-004016,Ahana,Alberta,Ahana Alberta,ahanaalberta@gmail.com,31720,INR,pending
CUST-004017,Antonie,Aeneas,Antonie Aeneas,antonieaeneas@gmail.com,229720,INR,recovered
CUST-004018,Gwendolen,Analiese,Gwendolen Analiese,gwendolenanaliese@gmail.com,495830,INR,active
CUST-004019,Cherida,Augusto,Cherida Augusto,cheridaaugusto@gmail.com,573900,INR,recovered
CUST-004020,Denice,Baras,Denice Baras,denicebaras@gmail.com,181410,INR,in_progress
CUST-004021,Corabelle,Baudoin,Corabelle Baudoin,corabellebaudoin@gmail.com,746040,INR,recovered
CUST-004022,Glyn,Alduino,Glyn Alduino,glynalduino@gmail.com,504250,INR,pending
CUST-004023,Carole,Mukherjee,Carole Mukherjee,carolemukherjee@gmail.com,795390,INR,overdue
CUST-004024,Cassondra,Barnie,Cassondra Barnie,cassondrabarnie@gmail.com,429830,INR,overdue
CUST-004025,Cassey,Baptiste,Cassey Baptiste,casseybaptiste@gmail.com,465130,INR,active
CUST-004026,Celestine,Alysa,Celestine Alysa,celestinealysa@gmail.com,984890,INR,in_progress
CUST-004027,Aile,Amadus,Aile Amadus,aileamadus@gmail.com,796460,INR,active
CUST-004028,Chelsie,Amble,Chelsie Amble,chelsieamble@gmail.com,300200,INR,recovered
CUST-004029,Abbi,Berti,Abbi Berti,abbiberti@gmail.com,695640,INR,recovered
CUST-004030,Andi,Amaryl,Andi Amaryl,andiamaryl@gmail.com,985890,INR,in_progress
CUST-004031,Fancy,Aloysius,Fancy Aloysius,fancyaloysius@gmail.com,958350,INR,recovered
CUST-004032,Gabriell,Ailina,Gabriell Ailina,gabriellailina@gmail.com,752090,INR,overdue
CUST-004033,Addy,Airlee,Addy Airlee,addyairlee@gmail.com,345050,INR,recovered
CUST-004034,Eveleen,Auguste,Eveleen Auguste,eveleenauguste@gmail.com,586180,INR,recovered
CUST-004035,Adaline,Arde,Adaline Arde,adalinearde@gmail.com,160120,INR,active
CUST-004036,Reyansh,Bennie,Reyansh Bennie,reyanshbennie@gmail.com,905040,INR,recovered
CUST-004037,Annalise,Belanger,Annalise Belanger,annalisebelanger@gmail.com,141080,INR,in_progress
CUST-004038,Clara,Aleedis,Clara Aleedis,claraaleedis@gmail.com,965190,INR,pending
CUST-004039,Angel,Beret,Angel Beret,angelberet@gmail.com,153690,INR,active
CUST-004040,Celle,Arella,Celle Arella,cellearella@gmail.com,995450,INR,pending
CUST-004041,Bonnee,Aldos,Bonnee Aldos,bonneealdos@gmail.com,440950,INR,in_progress
CUST-004042,Hortensia,Becker,Hortensia Becker,hortensiabecker@gmail.com,873750,INR,in_progress
CUST-004043,Cary,Adlare,Cary Adlare,caryadlare@gmail.com,896730,INR,overdue
CUST-004044,Ileane,Berfield,Ileane Berfield,ileaneberfield@gmail.com,721610,INR,recovered
CUST-004045,Chris,Beryle,Chris Beryle,chrisberyle@gmail.com,709030,INR,recovered
CUST-004046,Georgianne,Archy,Georgianne Archy,georgiannearchy@gmail.com,834630,INR,in_progress
CUST-004047,Esther,Bega,Esther Bega,estherbega@gmail.com,114660,INR,overdue
CUST-004048,Denise,Bendite,Denise Bendite,denisebendite@gmail.com,289930,INR,pending
CUST-004049,Evangelin,Apps,Evangelin Apps,evangelinapps@gmail.com,957600,INR,active
CUST-004050,Ethelyn,Behrens,Ethelyn Behrens,ethelynbehrens@gmail.com,211570,INR,active
CUST-004051,Dotty,Bergerac,Dotty Bergerac,dottybergerac@gmail.com,481050,INR,in_progress
CUST-004052,Bridie,Abeu,Bridie Abeu,bridieabeu@gmail.com,280360,INR,overdue
CUST-004053,Corenda,Andromache,Corenda Andromache,corendaandromache@gmail.com,362350,INR,pending
CUST-004054,Dulcie,Benjamen,Dulcie Benjamen,dulciebenjamen@gmail.com,94880,INR,active
CUST-004055,Fredi,Barrus,Fredi Barrus,fredibarrus@gmail.com,607150,INR,active
CUST-004056,Emlyn,Abel,Emlyn Abel,emlynabel@gmail.com,767030,INR,in_progress
CUST-004057,Cathie,Alba,Cathie Alba,cathiealba@gmail.com,757910,INR,in_progress
CUST-004058,Caitrin,Bibbye,Caitrin Bibbye,caitrinbibbye@gmail.com,513180,INR,pending
CUST-004059,Ailsun,Baruch,Ailsun Baruch,ailsunbaruch@gmail.com,356470,INR,in_progress
CUST-004060,Filide,Arianie,Filide Arianie,filidearianie@gmail.com,82540,INR,recovered
CUST-004061,Emmie,Alansen,Emmie Alansen,emmiealansen@gmail.com,530440,INR,active
CUST-004062,Fran,Aubert,Fran Aubert,franaubert@gmail.com,583500,INR,in_progress
CUST-004063,Alys,Alded,Alys Alded,alysalded@gmail.com,906240,INR,pending
CUST-004064,Aggy,Blanding,Aggy Blanding,aggyblanding@gmail.com,838140,INR,in_progress
CUST-004065,Albina,Aggy,Albina Aggy,albinaaggy@gmail.com,11180,INR,recovered
CUST-004066,Dot,Berns,Dot Berns,dotberns@gmail.com,439210,INR,pending
CUST-004067,Felice,Billie,Felice Billie,felicebillie@gmail.com,519590,INR,pending
CUST-004068,Enrichetta,Atal,Enrichetta Atal,enrichettaatal@gmail.com,850450,INR,pending
CUST-004069,Ashley,Alpers,Ashley Alpers,ashleyalpers@gmail.com,849890,INR,pending
CUST-004070,Cordula,Attlee,Cordula Attlee,cordulaattlee@gmail.com,941160,INR,overdue
CUST-004071,Flory,Akeyla,Flory Akeyla,floryakeyla@gmail.com,92130,INR,recovered
CUST-004072,Carita,Alisa,Carita Alisa,caritaalisa@gmail.com,129750,INR,recovered
CUST-004073,Ardelle,Attalie,Ardelle Attalie,ardelleattalie@gmail.com,262330,INR,overdue
CUST-004074,Irita,Abigale,Irita Abigale,iritaabigale@gmail.com,490270,INR,pending
CUST-004075,Faythe,Alanson,Faythe Alanson,faythealanson@gmail.com,330530,INR,pending
CUST-004076,Hatty,Barthel,Hatty Barthel,hattybarthel@gmail.com,203750,INR,overdue
CUST-004077,Catriona,Angeli,Catriona Angeli,catrionaangeli@gmail.com,592630,INR,overdue
CUST-004078,Aubree,Algernon,Aubree Algernon,aubreealgernon@gmail.com,219520,INR,recovered
CUST-004079,Guillemette,Affra,Guillemette Affra,guillemetteaffra@gmail.com,707190,INR,in_progress
CUST-004080,Ajay,Abramo,Ajay Abramo,ajayabramo@gmail.com,393830,INR,pending
CUST-004081,Giana,Antoinette,Giana Antoinette,gianaantoinette@gmail.com,906380,INR,pending
CUST-004082,Suresh,Ariela,Suresh Ariela,sureshariela@gmail.com,286780,INR,overdue
CUST-004083,Fara,Aloisius,Fara Aloisius,faraaloisius@gmail.com,274090,INR,overdue
CUST-004084,Germain,Addiego,Germain Addiego,germainaddiego@gmail.com,836810,INR,active
CUST-004085,Dodi,Avraham,Dodi Avraham,dodiavraham@gmail.com,989200,INR,active
CUST-004086,Druci,Alenson,Druci Alenson,drucialenson@gmail.com,500290,INR,active
CUST-004087,Arabella,Saxena,Arabella Saxena,arabellasaxena@gmail.com,196950,INR,active
CUST-004088,Hillary,Agamemnon,Hillary Agamemnon,hillaryagamemnon@gmail.com,569920,INR,recovered
CUST-004089,Brigida,Adeline,Brigida Adeline,brigidaadeline@gmail.com,133560,INR,overdue
CUST-004090,Britte,Angelita,Britte Angelita,britteangelita@gmail.com,157180,INR,in_progress
CUST-004091,Aleda,Binky,Aleda Binky,aledabinky@gmail.com,371420,INR,in_progress
CUST-004092,Anselma,Aldarcy,Anselma Aldarcy,anselmaaldarcy@gmail.com,971890,INR,in_progress
CUST-004093,Adelle,Bari,Adelle Bari,adellebari@gmail.com,599020,INR,recovered
CUST-004094,Genvieve,Atlee,Genvieve Atlee,genvieveatlee@gmail.com,195580,INR,in_progress
CUST-004095,Brynna,Aran,Brynna Aran,brynnaaran@gmail.com,120050,INR,overdue
CUST-004096,Doroteya,Angelika,Doroteya Angelika,doroteyaangelika@gmail.com,277960,INR,pending
CUST-004097,Iona,Benedetta,Iona Benedetta,ionabenedetta@gmail.com,190160,INR,recovered
CUST-004098,Ina,Bagger,Ina Bagger,inabagger@gmail.com,277860,INR,pending
CUST-004099,Ailene,Ashwin,Ailene Ashwin,aileneashwin@gmail.com,729660,INR,recovered
CUST-004100,Esta,Blas,Esta Blas,establas@gmail.com,121500,INR,active
CUST-004101,Jane,Amador,Jane Amador,janeamador@gmail.com,651670,INR,overdue
CUST-004102,Jacquenette,Alexine,Jacquenette Alexine,jacquenettealexine@gmail.com,380320,INR,pending
CUST-004103,Alejandra,Ailssa,Alejandra Ailssa,alejandraailssa@gmail.com,14840,INR,recovered
CUST-004104,Gilly,Anselmo,Gilly Anselmo,gillyanselmo@gmail.com,348360,INR,active
CUST-004105,Alessandra,Alidus,Alessandra Alidus,alessandraalidus@gmail.com,510110,INR,pending
CUST-004106,Else,Beora,Else Beora,elsebeora@gmail.com,347750,INR,active
CUST-004107,Emmalynn,Barnaby,Emmalynn Barnaby,emmalynnbarnaby@gmail.com,63960,INR,overdue
CUST-004108,Devora,Bertrand,Devora Bertrand,devorabertrand@gmail.com,952730,INR,active
CUST-004109,Jacki,Biddle,Jacki Biddle,jackibiddle@gmail.com,31740,INR,active
CUST-004110,Fancie,Amend,Fancie Amend,fancieamend@gmail.com,948830,INR,pending
CUST-004111,Reyansh,Alyssa,Reyansh Alyssa,reyanshalyssa@gmail.com,593620,INR,active
CUST-004112,Janaye,Amar,Janaye Amar,janayeamar@gmail.com,542630,INR,active
CUST-004113,Elisabetta,Ag,Elisabetta Ag,elisabettaag@gmail.com,5460,INR,pending
CUST-004114,Jaime,Alfreda,Jaime Alfreda,jaimealfreda@gmail.com,617460,INR,active
CUST-004115,Abra,Gowda,Abra Gowda,abragowda@gmail.com,381680,INR,in_progress
CUST-004116,Donni,Banerjee,Donni Banerjee,donnibanerjee@gmail.com,976040,INR,active
CUST-004117,Gloria,Amal,Gloria Amal,gloriaamal@gmail.com,888080,INR,overdue
CUST-004118,Eddy,Bik,Eddy Bik,eddybik@gmail.com,761350,INR,in_progress
CUST-004119,Aggie,Aday,Aggie Aday,aggieaday@gmail.com,380410,INR,in_progress
CUST-004120,Alvina,Singh,Alvina Singh,alvinasingh@gmail.com,639660,INR,recovered
CUST-004121,Barbee,Bilow,Barbee Bilow,barbeebilow@gmail.com,646270,INR,active
CUST-004122,Halimeda,Blancha,Halimeda Blancha,halimedablancha@gmail.com,933440,INR,in_progress
CUST-004123,Charita,Kaur,Charita Kaur,charitakaur@gmail.com,332160,INR,overdue
CUST-004124,Ethelda,Beekman,Ethelda Beekman,etheldabeekman@gmail.com,756940,INR,in_progress
CUST-004125,Chlo,Baumbaugh,Chlo Baumbaugh,chlobaumbaugh@gmail.com,516050,INR,active
CUST-004126,Feliza,Barimah,Feliza Barimah,felizabarimah@gmail.com,606310,INR,overdue
CUST-004127,Claudia,Beshore,Claudia Beshore,claudiabeshore@gmail.com,350240,INR,recovered
CUST-004128,Faustina,Agatha,Faustina Agatha,faustinaagatha@gmail.com,326110,INR,recovered
CUST-004129,Alfie,Alicea,Alfie Alicea,alfiealicea@gmail.com,499010,INR,in_progress
CUST-004130,Geneva,Belford,Geneva Belford,genevabelford@gmail.com,883280,INR,overdue
CUST-004131,Eudora,Arianie,Eudora Arianie,eudoraarianie@gmail.com,732160,INR,pending
CUST-004132,Amye,Altis,Amye Altis,amyealtis@gmail.com,632590,INR,in_progress
CUST-004133,Emelina,Alfredo,Emelina Alfredo,emelinaalfredo@gmail.com,409330,INR,overdue
CUST-004134,Euphemia,Aggie,Euphemia Aggie,euphemiaaggie@gmail.com,36810,INR,in_progress
CUST-004135,Clara,Arratoon,Clara Arratoon,claraarratoon@gmail.com,774110,INR,pending
CUST-004136,Ingaborg,Aronson,Ingaborg Aronson,ingaborgaronson@gmail.com,498850,INR,in_progress
CUST-004137,Dana,Becket,Dana Becket,danabecket@gmail.com,264490,INR,in_progress
CUST-004138,Amalle,Agatha,Amalle Agatha,amalleagatha@gmail.com,706590,INR,overdue
CUST-004139,Deeann,Andryc,Deeann Andryc,deeannandryc@gmail.com,41800,INR,recovered
CUST-004140,George,Bachman,George Bachman,georgebachman@gmail.com,594670,INR,pending
CUST-004141,Bettine,Bearce,Bettine Bearce,bettinebearce@gmail.com,120620,INR,active
CUST-004142,Edwina,Barnet,Edwina Barnet,edwinabarnet@gmail.com,64990,INR,recovered
CUST-004143,Cynthea,Aenea,Cynthea Aenea,cyntheaaenea@gmail.com,574540,INR,active
CUST-004144,Bryn,Amor,Bryn Amor,brynamor@gmail.com,619770,INR,in_progress
CUST-004145,Inga,Angelo,Inga Angelo,ingaangelo@gmail.com,963670,INR,active
CUST-004146,Deonne,Aggarwal,Deonne Aggarwal,deonneaggarwal@gmail.com,947070,INR,pending
CUST-004147,Elvira,Anatole,Elvira Anatole,elviraanatole@gmail.com,814690,INR,overdue
CUST-004148,Bill,Aurel,Bill Aurel,billaurel@gmail.com,610960,INR,pending
CUST-004149,Heddi,Avera,Heddi Avera,heddiavera@gmail.com,61480,INR,in_progress
CUST-004150,Barbey,Balbur,Barbey Balbur,barbeybalbur@gmail.com,194880,INR,active
CUST-004151,Ada,Adelaide,Ada Adelaide,adaadelaide@gmail.com,193010,INR,recovered
CUST-004152,Jackie,Aggri,Jackie Aggri,jackieaggri@gmail.com,58660,INR,overdue
CUST-004153,Bea,Anabelle,Bea Anabelle,beaanabelle@gmail.com,842210,INR,in_progress
CUST-004154,Kavya,Bak,Kavya Bak,kavyabak@gmail.com,79630,INR,recovered
CUST-004155,Alameda,Basile,Alameda Basile,alamedabasile@gmail.com,926320,INR,overdue
CUST-004156,Dee,Barra,Dee Barra,deebarra@gmail.com,475540,INR,active
CUST-004157,Vishal,Athalia,Vishal Athalia,vishalathalia@gmail.com,372710,INR,active
CUST-004158,Annalise,Bluma,Annalise Bluma,annalisebluma@gmail.com,487120,INR,recovered
CUST-004159,Gretta,Antoinetta,Gretta Antoinetta,grettaantoinetta@gmail.com,206970,INR,recovered
CUST-004160,Rashmi,Almeida,Rashmi Almeida,rashmialmeida@gmail.com,903420,INR,pending
CUST-004161,Alexia,Adigun,Alexia Adigun,alexiaadigun@gmail.com,19690,INR,recovered
CUST-004162,Albertina,Betthezel,Albertina Betthezel,albertinabetthezel@gmail.com,889750,INR,in_progress
CUST-004163,Emalee,Berke,Emalee Berke,emaleeberke@gmail.com,890850,INR,active
CUST-004164,Candie,Ally,Candie Ally,candieally@gmail.com,770820,INR,recovered
CUST-004165,Bethanne,Backer,Bethanne Backer,bethannebacker@gmail.com,53810,INR,recovered
CUST-004166,Hinda,Armalda,Hinda Armalda,hindaarmalda@gmail.com,990040,INR,pending
CUST-004167,Krishna,Bergerac,Krishna Bergerac,krishnabergerac@gmail.com,378420,INR,in_progress
CUST-004168,Jaquelin,Amir,Jaquelin Amir,jaquelinamir@gmail.com,605840,INR,overdue
CUST-004169,Carine,Alinna,Carine Alinna,carinealinna@gmail.com,723870,INR,in_progress
CUST-004170,Berenice,Ashlie,Berenice Ashlie,bereniceashlie@gmail.com,168890,INR,active
CUST-004171,Cristine,Batholomew,Cristine Batholomew,cristinebatholomew@gmail.com,9400,INR,in_progress
CUST-004172,Janaya,Aenea,Janaya Aenea,janayaaenea@gmail.com,620860,INR,active
CUST-004173,Crissie,Alana,Crissie Alana,crissiealana@gmail.com,931400,INR,active
CUST-004174,Eda,Bedad,Eda Bedad,edabedad@gmail.com,693820,INR,pending
CUST-004175,Caresse,Amelia,Caresse Amelia,caresseamelia@gmail.com,765320,INR,recovered
CUST-004176,Dalenna,Alisen,Dalenna Alisen,dalennaalisen@gmail.com,607880,INR,in_progress
CUST-004177,Gayleen,Atwater,Gayleen Atwater,gayleenatwater@gmail.com,235650,INR,overdue
CUST-004178,Franni,Arvind,Franni Arvind,franniarvind@gmail.com,828100,INR,recovered
CUST-004179,Gertruda,Adachi,Gertruda Adachi,gertrudaadachi@gmail.com,8790,INR,in_progress
CUST-004180,Andreana,Bever,Andreana Bever,andreanabever@gmail.com,751150,INR,recovered
CUST-004181,Hollie,Berglund,Hollie Berglund,hollieberglund@gmail.com,680790,INR,active
CUST-004182,Naresh,Applegate,Naresh Applegate,nareshapplegate@gmail.com,465090,INR,active
CUST-004183,Adeline,Aretha,Adeline Aretha,adelinearetha@gmail.com,173030,INR,in_progress
CUST-004184,Kavya,Beberg,Kavya Beberg,kavyabeberg@gmail.com,444880,INR,active
CUST-004185,Edin,Berkin,Edin Berkin,edinberkin@gmail.com,601090,INR,active
CUST-004186,Enriqueta,Bellaude,Enriqueta Bellaude,enriquetabellaude@gmail.com,955680,INR,overdue
CUST-004187,Babbette,Bernat,Babbette Bernat,babbettebernat@gmail.com,347670,INR,active
CUST-004188,Aubrey,Ardyce,Aubrey Ardyce,aubreyardyce@gmail.com,589100,INR,pending
CUST-004189,Edythe,Annabell,Edythe Annabell,edytheannabell@gmail.com,720890,INR,in_progress
CUST-004190,Delly,Anderer,Delly Anderer,dellyanderer@gmail.com,552170,INR,pending
CUST-004191,Barbaraanne,Blight,Barbaraanne Blight,barbaraanneblight@gmail.com,60890,INR,active
CUST-004192,Annecorinne,Anderson,Annecorinne Anderson,annecorinneanderson@gmail.com,61450,INR,recovered
CUST-004193,Elysha,Abbott,Elysha Abbott,elyshaabbott@gmail.com,735990,INR,overdue
CUST-004194,Inge,Agamemnon,Inge Agamemnon,ingeagamemnon@gmail.com,467510,INR,in_progress
CUST-004195,Annora,Anglo,Annora Anglo,annoraanglo@gmail.com,144120,INR,pending
CUST-004196,Ailis,Bac,Ailis Bac,ailisbac@gmail.com,754910,INR,in_progress
CUST-004197,Emmalee,Atalya,Emmalee Atalya,emmaleeatalya@gmail.com,319130,INR,recovered
CUST-004198,Cassandra,Auston,Cassandra Auston,cassandraauston@gmail.com,945190,INR,recovered
CUST-004199,Briana,Allain,Briana Allain,brianaallain@gmail.com,90460,INR,recovered
CUST-004200,Aeriela,Affrica,Aeriela Affrica,aerielaaffrica@gmail.com,288590,INR,pending
CUST-004201,Demetris,Amoreta,Demetris Amoreta,demetrisamoreta@gmail.com,223630,INR,in_progress
CUST-004202,Claudie,Arnie,Claudie Arnie,claudiearnie@gmail.com,932890,INR,active
CUST-004203,Deepa,Averil,Deepa Averil,deepaaveril@gmail.com,336340,INR,in_progress
CUST-004204,Audie,Bartolome,Audie Bartolome,audiebartolome@gmail.com,689340,INR,in_progress
CUST-004205,Gelya,Beverle,Gelya Beverle,gelyabeverle@gmail.com,92930,INR,overdue
CUST-004206,Daniela,Ameline,Daniela Ameline,danielaameline@gmail.com,319680,INR,in_progress
CUST-004207,Briney,Baseler,Briney Baseler,brineybaseler@gmail.com,363840,INR,active
CUST-004208,Elenore,Barrada,Elenore Barrada,elenorebarrada@gmail.com,362950,INR,active
CUST-004209,Blanche,Audre,Blanche Audre,blancheaudre@gmail.com,332430,INR,recovered
CUST-004210,Imogen,Andert,Imogen Andert,imogenandert@gmail.com,562090,INR,active
CUST-004211,Amargo,Argile,Amargo Argile,amargoargile@gmail.com,808920,INR,active
CUST-004212,Gusta,Bainbrudge,Gusta Bainbrudge,gustabainbrudge@gmail.com,99510,INR,recovered
CUST-004213,Carmelle,Alurd,Carmelle Alurd,carmellealurd@gmail.com,443260,INR,pending
CUST-004214,Devinne,Arva,Devinne Arva,devinnearva@gmail.com,275320,INR,overdue
CUST-004215,Edita,Belvia,Edita Belvia,editabelvia@gmail.com,315080,INR,pending
CUST-004216,Honey,Alwitt,Honey Alwitt,honeyalwitt@gmail.com,297150,INR,active
CUST-004217,Glori,Adim,Glori Adim,gloriadim@gmail.com,658800,INR,recovered
CUST-004218,Drucy,Agnese,Drucy Agnese,drucyagnese@gmail.com,195940,INR,pending
CUST-004219,Fayre,Ammadas,Fayre Ammadas,fayreammadas@gmail.com,642950,INR,pending
CUST-004220,Charleen,Amethist,Charleen Amethist,charleenamethist@gmail.com,571730,INR,recovered
CUST-004221,Corilla,Ataliah,Corilla Ataliah,corillaataliah@gmail.com,949170,INR,overdue
CUST-004222,Cherianne,Adalheid,Cherianne Adalheid,cherianneadalheid@gmail.com,201110,INR,overdue
CUST-004223,Debbi,Anastassia,Debbi Anastassia,debbianastassia@gmail.com,312320,INR,pending
CUST-004224,Candie,Barr,Candie Barr,candiebarr@gmail.com,510560,INR,recovered
CUST-004225,Correy,Bessie,Correy Bessie,correybessie@gmail.com,890880,INR,in_progress
CUST-004226,Brear,Berti,Brear Berti,brearberti@gmail.com,46780,INR,pending
CUST-004227,Flor,Alana,Flor Alana,floralana@gmail.com,193510,INR,overdue
CUST-004228,Isabelita,Barta,Isabelita Barta,isabelitabarta@gmail.com,532770,INR,active
CUST-004229,Brandea,Alodee,Brandea Alodee,brandeaalodee@gmail.com,79980,INR,active
CUST-004230,Deane,Ammann,Deane Ammann,deaneammann@gmail.com,962880,INR,pending
CUST-004231,Jeannie,Babs,Jeannie Babs,jeanniebabs@gmail.com,127760,INR,active
CUST-004232,Alejandra,Ark,Alejandra Ark,alejandraark@gmail.com,202470,INR,active
CUST-004233,Friederike,Bernj,Friederike Bernj,friederikebernj@gmail.com,360940,INR,active
CUST-004234,Donica,Bever,Donica Bever,donicabever@gmail.com,850830,INR,active
CUST-004235,Alene,Belloir,Alene Belloir,alenebelloir@gmail.com,619650,INR,pending
CUST-004236,Alfi,Adamek,Alfi Adamek,alfiadamek@gmail.com,186830,INR,in_progress
CUST-004237,Hester,Binnings,Hester Binnings,hesterbinnings@gmail.com,250170,INR,active
CUST-004238,Ailey,Pillai,Ailey Pillai,aileypillai@gmail.com,102230,INR,overdue
CUST-004239,Elene,Blondell,Elene Blondell,eleneblondell@gmail.com,307620,INR,in_progress
CUST-004240,Elnora,Alvina,Elnora Alvina,elnoraalvina@gmail.com,438290,INR,active
CUST-004241,Carlen,Abrams,Carlen Abrams,carlenabrams@gmail.com,11140,INR,recovered
CUST-004242,Amalea,Alice,Amalea Alice,amaleaalice@gmail.com,161100,INR,in_progress
CUST-004243,Desdemona,Arella,Desdemona Arella,desdemonaarella@gmail.com,366900,INR,overdue
CUST-004244,Herta,Adelric,Herta Adelric,hertaadelric@gmail.com,203360,INR,active
CUST-004245,Hildegaard,Aniela,Hildegaard Aniela,hildegaardaniela@gmail.com,434310,INR,in_progress
CUST-004246,Jen,Aurita,Jen Aurita,jenaurita@gmail.com,180200,INR,recovered
CUST-004247,Janine,Aleksandr,Janine Aleksandr,janinealeksandr@gmail.com,358200,INR,in_progress
CUST-004248,Florance,Arnie,Florance Arnie,florancearnie@gmail.com,547970,INR,pending
CUST-004249,Emlyn,Basilio,Emlyn Basilio,emlynbasilio@gmail.com,809620,INR,overdue
CUST-004250,Dulci,Asher,Dulci Asher,dulciasher@gmail.com,834140,INR,pending
CUST-004251,Etti,Barren,Etti Barren,ettibarren@gmail.com,5480,INR,pending
CUST-004252,Beverie,Adolf,Beverie Adolf,beverieadolf@gmail.com,885840,INR,overdue
CUST-004253,Garnette,Anselme,Garnette Anselme,garnetteanselme@gmail.com,642490,INR,overdue
CUST-004254,Allix,Agata,Allix Agata,allixagata@gmail.com,507870,INR,recovered
CUST-004255,Channa,Ailis,Channa Ailis,channaailis@gmail.com,914480,INR,overdue
CUST-004256,Hedda,Bengt,Hedda Bengt,heddabengt@gmail.com,557800,INR,overdue
CUST-004257,Ilse,Angelico,Ilse Angelico,ilseangelico@gmail.com,100140,INR,in_progress
CUST-004258,Dione,Bixler,Dione Bixler,dionebixler@gmail.com,955510,INR,overdue
CUST-004259,Brett,Aney,Brett Aney,brettaney@gmail.com,824800,INR,in_progress
CUST-004260,Berni,Birgit,Berni Birgit,bernibirgit@gmail.com,116480,INR,recovered
CUST-004261,Consuela,Artimas,Consuela Artimas,consuelaartimas@gmail.com,847840,INR,in_progress
CUST-004262,Ameline,Bently,Ameline Bently,amelinebently@gmail.com,172000,INR,active
CUST-004263,Anjela,Aley,Anjela Aley,anjelaaley@gmail.com,876530,INR,active
CUST-004264,Allys,Aldo,Allys Aldo,allysaldo@gmail.com,258890,INR,recovered
CUST-004265,Ekaterina,Barnaba,Ekaterina Barnaba,ekaterinabarnaba@gmail.com,669320,INR,active
CUST-004266,Eada,Blossom,Eada Blossom,eadablossom@gmail.com,299990,INR,in_progress
CUST-004267,Elianore,Bartosch,Elianore Bartosch,elianorebartosch@gmail.com,473220,INR,pending
CUST-004268,Grete,Amadeo,Grete Amadeo,greteamadeo@gmail.com,121970,INR,active
CUST-004269,Denice,Armilla,Denice Armilla,denicearmilla@gmail.com,329290,INR,in_progress
CUST-004270,Fay,Alburg,Fay Alburg,fayalburg@gmail.com,988840,INR,in_progress
CUST-004271,Shivam,Arleyne,Shivam Arleyne,shivamarleyne@gmail.com,642460,INR,recovered
CUST-004272,Carine,Barina,Carine Barina,carinebarina@gmail.com,922530,INR,overdue
CUST-004273,Candida,Ansley,Candida Ansley,candidaansley@gmail.com,806200,INR,in_progress
CUST-004274,Jandy,Alexandrina,Jandy Alexandrina,jandyalexandrina@gmail.com,45270,INR,active
CUST-004275,Freddi,Asabi,Freddi Asabi,freddiasabi@gmail.com,321010,INR,active
CUST-004276,Carmel,Blight,Carmel Blight,carmelblight@gmail.com,252300,INR,active
CUST-004277,Carlen,Baerl,Carlen Baerl,carlenbaerl@gmail.com,663570,INR,recovered
CUST-004278,Corly,Aleta,Corly Aleta,corlyaleta@gmail.com,782430,INR,pending
CUST-004279,Angelika,Adamek,Angelika Adamek,angelikaadamek@gmail.com,19860,INR,active
CUST-004280,Caroline,Balthasar,Caroline Balthasar,carolinebalthasar@gmail.com,224470,INR,overdue
CUST-004281,Denice,Arianie,Denice Arianie,denicearianie@gmail.com,265890,INR,pending
CUST-004282,Debi,Apul,Debi Apul,debiapul@gmail.com,389090,INR,overdue
CUST-004283,Christan,Antipus,Christan Antipus,christanantipus@gmail.com,436930,INR,pending
CUST-004284,Channa,Aggri,Channa Aggri,channaaggri@gmail.com,297810,INR,pending
CUST-004285,Georgetta,Bekah,Georgetta Bekah,georgettabekah@gmail.com,354040,INR,overdue
CUST-004286,Honor,Becca,Honor Becca,honorbecca@gmail.com,417410,INR,in_progress
CUST-004287,Cassey,Abigail,Cassey Abigail,casseyabigail@gmail.com,647460,INR,pending
CUST-004288,Elsbeth,Rao,Elsbeth Rao,elsbethrao@gmail.com,908000,INR,recovered
CUST-004289,Bonnie,Bergess,Bonnie Bergess,bonniebergess@gmail.com,898740,INR,recovered
CUST-004290,Om,Arundell,Om Arundell,omarundell@gmail.com,768110,INR,active
CUST-004291,Fayre,Berga,Fayre Berga,fayreberga@gmail.com,803880,INR,overdue
CUST-004292,Eloise,Beaufert,Eloise Beaufert,eloisebeaufert@gmail.com,580210,INR,overdue
CUST-004293,Doralyn,Andrei,Doralyn Andrei,doralynandrei@gmail.com,260730,INR,recovered
CUST-004294,Elie,Arnulfo,Elie Arnulfo,eliearnulfo@gmail.com,438550,INR,pending
CUST-004295,Chantal,Bently,Chantal Bently,chantalbently@gmail.com,17870,INR,pending
CUST-004296,Aile,Bergman,Aile Bergman,ailebergman@gmail.com,28020,INR,pending
CUST-004297,Dyanne,Berghoff,Dyanne Berghoff,dyanneberghoff@gmail.com,62290,INR,in_progress
CUST-004298,Gisela,Artus,Gisela Artus,giselaartus@gmail.com,801010,INR,pending
CUST-004299,Amelia,Blus,Amelia Blus,ameliablus@gmail.com,218770,INR,recovered
CUST-004300,Clementina,Bloch,Clementina Bloch,clementinabloch@gmail.com,832760,INR,recovered
CUST-004301,Devonne,Blondy,Devonne Blondy,devonneblondy@gmail.com,684890,INR,overdue
CUST-004302,Gwenny,Addy,Gwenny Addy,gwennyaddy@gmail.com,881750,INR,in_progress
CUST-004303,Harriot,Adelaide,Harriot Adelaide,harriotadelaide@gmail.com,617460,INR,in_progress
CUST-004304,Candra,Arita,Candra Arita,candraarita@gmail.com,46890,INR,active
CUST-004305,Alica,Amalburga,Alica Amalburga,alicaamalburga@gmail.com,615160,INR,active
CUST-004306,Anett,Analise,Anett Analise,anettanalise@gmail.com,940150,INR,recovered
CUST-004307,Angeline,Arden,Angeline Arden,angelinearden@gmail.com,12000,INR,recovered
CUST-004308,Daisy,Aubree,Daisy Aubree,daisyaubree@gmail.com,633640,INR,active
CUST-004309,Giana,Atlee,Giana Atlee,gianaatlee@gmail.com,587880,INR,recovered
CUST-004310,Brunhilda,Aaberg,Brunhilda Aaberg,brunhildaaaberg@gmail.com,513790,INR,pending
CUST-004311,Cassondra,Pawar,Cassondra Pawar,cassondrapawar@gmail.com,523320,INR,overdue
CUST-004312,Corrina,Barfuss,Corrina Barfuss,corrinabarfuss@gmail.com,275180,INR,overdue
CUST-004313,Candide,Babs,Candide Babs,candidebabs@gmail.com,486100,INR,overdue
CUST-004314,Franny,Ander,Franny Ander,frannyander@gmail.com,489830,INR,in_progress
CUST-004315,Hortensia,Augustin,Hortensia Augustin,hortensiaaugustin@gmail.com,711630,INR,active
CUST-004316,Beverly,Amir,Beverly Amir,beverlyamir@gmail.com,428050,INR,in_progress
CUST-004317,Giulia,Amice,Giulia Amice,giuliaamice@gmail.com,406210,INR,in_progress
CUST-004318,Caren,Ambrosane,Caren Ambrosane,carenambrosane@gmail.com,564310,INR,recovered
CUST-004319,Deny,Aldis,Deny Aldis,denyaldis@gmail.com,882010,INR,recovered
CUST-004320,Danyette,Base,Danyette Base,danyettebase@gmail.com,224150,INR,pending
CUST-004321,Hetty,Benjy,Hetty Benjy,hettybenjy@gmail.com,817080,INR,in_progress
CUST-004322,Clementine,Batchelor,Clementine Batchelor,clementinebatchelor@gmail.com,445140,INR,active
CUST-004323,Elisa,Atronna,Elisa Atronna,elisaatronna@gmail.com,311320,INR,recovered
CUST-004324,Adriana,Apollo,Adriana Apollo,adrianaapollo@gmail.com,388290,INR,in_progress
CUST-004325,Dulcy,Adama,Dulcy Adama,dulcyadama@gmail.com,764620,INR,overdue
CUST-004326,Carine,Iyengar,Carine Iyengar,carineiyengar@gmail.com,819080,INR,overdue
CUST-004327,Jeana,Amann,Jeana Amann,jeanaamann@gmail.com,114840,INR,in_progress
CUST-004328,Ayn,Andreas,Ayn Andreas,aynandreas@gmail.com,266640,INR,active
CUST-004329,Caprice,Bloem,Caprice Bloem,capricebloem@gmail.com,776360,INR,recovered
CUST-004330,Chanda,Alexina,Chanda Alexina,chandaalexina@gmail.com,20830,INR,overdue
CUST-004331,Janeta,Bellanca,Janeta Bellanca,janetabellanca@gmail.com,886760,INR,active
CUST-004332,Betti,Austin,Betti Austin,bettiaustin@gmail.com,288880,INR,pending
CUST-004333,Gerry,Bartholomeus,Gerry Bartholomeus,gerrybartholomeus@gmail.com,553380,INR,active
CUST-004334,Fayth,Antonetta,Fayth Antonetta,faythantonetta@gmail.com,896590,INR,active
CUST-004335,Carmella,Beilul,Carmella Beilul,carmellabeilul@gmail.com,836620,INR,recovered
CUST-004336,Aidan,Berry,Aidan Berry,aidanberry@gmail.com,129490,INR,in_progress
CUST-004337,Alayne,Alejo,Alayne Alejo,alaynealejo@gmail.com,516170,INR,active
CUST-004338,Felisha,Balbur,Felisha Balbur,felishabalbur@gmail.com,516290,INR,pending
CUST-004339,Freda,Amedeo,Freda Amedeo,fredaamedeo@gmail.com,743800,INR,recovered
CUST-004340,Ingunna,Arabella,Ingunna Arabella,ingunnaarabella@gmail.com,753890,INR,in_progress
CUST-004341,Jeane,Agee,Jeane Agee,jeaneagee@gmail.com,920510,INR,active
CUST-004342,Courtney,Bartholemy,Courtney Bartholemy,courtneybartholemy@gmail.com,330340,INR,in_progress
CUST-004343,Alane,Austina,Alane Austina,alaneaustina@gmail.com,274150,INR,active
CUST-004344,Corrinne,Alexina,Corrinne Alexina,corrinnealexina@gmail.com,631550,INR,in_progress
CUST-004345,Celestine,Bhandari,Celestine Bhandari,celestinebhandari@gmail.com,578300,INR,recovered
CUST-004346,Danella,Agna,Danella Agna,danellaagna@gmail.com,743100,INR,recovered
CUST-004347,Jaquelyn,Blondie,Jaquelyn Blondie,jaquelynblondie@gmail.com,852940,INR,overdue
CUST-004348,Bianca,Anora,Bianca Anora,biancaanora@gmail.com,641660,INR,recovered
CUST-004349,Dosi,Aaberg,Dosi Aaberg,dosiaaberg@gmail.com,134120,INR,active
CUST-004350,Arlene,Aurelio,Arlene Aurelio,arleneaurelio@gmail.com,198360,INR,active
CUST-004351,Amber,Arita,Amber Arita,amberarita@gmail.com,305570,INR,pending
CUST-004352,Reyansh,Adrianne,Reyansh Adrianne,reyanshadrianne@gmail.com,746290,INR,recovered
CUST-004353,Daniele,Bakeman,Daniele Bakeman,danielebakeman@gmail.com,104350,INR,pending
CUST-004354,Cairistiona,Berard,Cairistiona Berard,cairistionaberard@gmail.com,680440,INR,in_progress
CUST-004355,Bryana,Alyosha,Bryana Alyosha,bryanaalyosha@gmail.com,146230,INR,recovered
CUST-004356,Cosette,Auberbach,Cosette Auberbach,cosetteauberbach@gmail.com,366710,INR,overdue
CUST-004357,Gertrud,Birecree,Gertrud Birecree,gertrudbirecree@gmail.com,13270,INR,in_progress
CUST-004358,Anabel,Aholla,Anabel Aholla,anabelaholla@gmail.com,552930,INR,active
CUST-004359,Aliza,Althee,Aliza Althee,alizaalthee@gmail.com,470790,INR,recovered
CUST-004360,Hedda,Augie,Hedda Augie,heddaaugie@gmail.com,378380,INR,recovered
CUST-004361,Celinda,Andromeda,Celinda Andromeda,celindaandromeda@gmail.com,859820,INR,overdue
CUST-004362,Kiara,Bald,Kiara Bald,kiarabald@gmail.com,34270,INR,recovered
CUST-004363,Dorena,Berrie,Dorena Berrie,dorenaberrie@gmail.com,238890,INR,active
CUST-004364,Connie,Blood,Connie Blood,connieblood@gmail.com,919880,INR,in_progress
CUST-004365,Doll,Aldis,Doll Aldis,dollaldis@gmail.com,755970,INR,in_progress
CUST-004366,Ernaline,Balling,Ernaline Balling,ernalineballing@gmail.com,795880,INR,pending
CUST-004367,Ange,Anurag,Ange Anurag,angeanurag@gmail.com,581130,INR,overdue
CUST-004368,Allsun,Amii,Allsun Amii,allsunamii@gmail.com,389970,INR,in_progress
CUST-004369,Consolata,Ariella,Consolata Ariella,consolataariella@gmail.com,398730,INR,in_progress
CUST-004370,De,Berners,De Berners,deberners@gmail.com,869950,INR,pending
CUST-004371,Ardyce,Barlow,Ardyce Barlow,ardycebarlow@gmail.com,655910,INR,pending
CUST-004372,Georgeta,Atlas,Georgeta Atlas,georgetaatlas@gmail.com,165810,INR,recovered
CUST-004373,Jaimie,Aldas,Jaimie Aldas,jaimiealdas@gmail.com,546980,INR,in_progress
CUST-004374,Kiran,Ailsa,Kiran Ailsa,kiranailsa@gmail.com,484990,INR,active
CUST-004375,Allene,Bannon,Allene Bannon,allenebannon@gmail.com,282880,INR,pending
CUST-004376,Fanchette,Annaliese,Fanchette Annaliese,fanchetteannaliese@gmail.com,99770,INR,recovered
CUST-004377,Sara,Baugh,Sara Baugh,sarabaugh@gmail.com,401880,INR,recovered
CUST-004378,Eleonore,Birdella,Eleonore Birdella,eleonorebirdella@gmail.com,594200,INR,pending
CUST-004379,Sia,Beasley,Sia Beasley,siabeasley@gmail.com,114520,INR,in_progress
CUST-004380,Mohit,Alpert,Mohit Alpert,mohitalpert@gmail.com,386920,INR,active
CUST-004381,Clemmy,Alarice,Clemmy Alarice,clemmyalarice@gmail.com,338560,INR,recovered
CUST-004382,Edi,Ancel,Edi Ancel,ediancel@gmail.com,176190,INR,pending
CUST-004383,Cordi,Blossom,Cordi Blossom,cordiblossom@gmail.com,319050,INR,recovered
CUST-004384,Cammi,Anita,Cammi Anita,cammianita@gmail.com,408740,INR,active
CUST-004385,Ariana,Agathy,Ariana Agathy,arianaagathy@gmail.com,518280,INR,recovered
CUST-004386,Bidget,Algar,Bidget Algar,bidgetalgar@gmail.com,656450,INR,recovered
CUST-004387,Ingeborg,Acacia,Ingeborg Acacia,ingeborgacacia@gmail.com,623620,INR,overdue
CUST-004388,Dorotea,Amitie,Dorotea Amitie,doroteaamitie@gmail.com,738320,INR,active
CUST-004389,Gabbi,Alphonsine,Gabbi Alphonsine,gabbialphonsine@gmail.com,295180,INR,overdue
CUST-004390,Dorthea,Bernarr,Dorthea Bernarr,dortheabernarr@gmail.com,512000,INR,overdue
CUST-004391,Corrie,Aloisius,Corrie Aloisius,corriealoisius@gmail.com,367740,INR,overdue
CUST-004392,Isidora,Benedict,Isidora Benedict,isidorabenedict@gmail.com,866170,INR,overdue
CUST-004393,Callie,Banerjee,Callie Banerjee,calliebanerjee@gmail.com,580700,INR,active
CUST-004394,Bethany,Aurelio,Bethany Aurelio,bethanyaurelio@gmail.com,471790,INR,active
CUST-004395,Cathlene,Arratoon,Cathlene Arratoon,cathlenearratoon@gmail.com,959510,INR,in_progress
CUST-004396,Vihaan,Adur,Vihaan Adur,vihaanadur@gmail.com,51810,INR,overdue
CUST-004397,Ainsley,Arndt,Ainsley Arndt,ainsleyarndt@gmail.com,643920,INR,recovered
CUST-004398,Avril,Baudoin,Avril Baudoin,avrilbaudoin@gmail.com,750130,INR,recovered
CUST-004399,Darla,Blount,Darla Blount,darlablount@gmail.com,873580,INR,recovered
CUST-004400,Parth,Beutler,Parth Beutler,parthbeutler@gmail.com,700670,INR,in_progress
CUST-004401,Florette,Adhern,Florette Adhern,floretteadhern@gmail.com,984350,INR,pending
CUST-004402,Gayle,Adriaens,Gayle Adriaens,gayleadriaens@gmail.com,945670,INR,active
CUST-004403,Farica,Aggarwal,Farica Aggarwal,faricaaggarwal@gmail.com,456270,INR,pending
CUST-004404,Idette,Birdie,Idette Birdie,idettebirdie@gmail.com,622150,INR,active
CUST-004405,Dix,Alene,Dix Alene,dixalene@gmail.com,911940,INR,overdue
CUST-004406,Florance,Angadreme,Florance Angadreme,floranceangadreme@gmail.com,501240,INR,pending
CUST-004407,Astrid,Aaren,Astrid Aaren,astridaaren@gmail.com,852340,INR,in_progress
CUST-004408,Elfrida,Apicella,Elfrida Apicella,elfridaapicella@gmail.com,842720,INR,in_progress
CUST-004409,Barbee,Belle,Barbee Belle,barbeebelle@gmail.com,322560,INR,recovered
CUST-004410,Alfreda,Aggarwal,Alfreda Aggarwal,alfredaaggarwal@gmail.com,176020,INR,active
CUST-004411,Cacilia,Asa,Cacilia Asa,caciliaasa@gmail.com,709260,INR,recovered
CUST-004412,Emmi,Abernathy,Emmi Abernathy,emmiabernathy@gmail.com,302190,INR,pending
CUST-004413,Florinda,Bella,Florinda Bella,florindabella@gmail.com,823890,INR,in_progress
CUST-004414,Geraldine,Aggy,Geraldine Aggy,geraldineaggy@gmail.com,491400,INR,overdue
CUST-004415,Eada,Arnulfo,Eada Arnulfo,eadaarnulfo@gmail.com,166280,INR,active
CUST-004416,Horatia,Bodi,Horatia Bodi,horatiabodi@gmail.com,295810,INR,active
CUST-004417,Drucie,Aleris,Drucie Aleris,druciealeris@gmail.com,169270,INR,recovered
CUST-004418,Collie,Adlai,Collie Adlai,collieadlai@gmail.com,879260,INR,active
CUST-004419,Babita,Apps,Babita Apps,babitaapps@gmail.com,862960,INR,overdue
CUST-004420,Anabella,Bab,Anabella Bab,anabellabab@gmail.com,118940,INR,recovered
CUST-004421,Carroll,Averi,Carroll Averi,carrollaveri@gmail.com,739810,INR,in_progress
CUST-004422,Gisela,Bander,Gisela Bander,giselabander@gmail.com,763580,INR,active
CUST-004423,Debor,Aires,Debor Aires,deboraires@gmail.com,717980,INR,pending
CUST-004424,Jacquelin,Augusta,Jacquelin Augusta,jacquelinaugusta@gmail.com,369470,INR,overdue
CUST-004425,Clare,Anglo,Clare Anglo,clareanglo@gmail.com,787630,INR,overdue
CUST-004426,Emiline,Audris,Emiline Audris,emilineaudris@gmail.com,890500,INR,active
CUST-004427,Dev,Alyson,Dev Alyson,devalyson@gmail.com,347950,INR,active
CUST-004428,Elberta,Bertle,Elberta Bertle,elbertabertle@gmail.com,921740,INR,active
CUST-004429,Christiane,Birdie,Christiane Birdie,christianebirdie@gmail.com,54430,INR,active
CUST-004430,Gert,Bobbe,Gert Bobbe,gertbobbe@gmail.com,716250,INR,active
CUST-004431,Garnette,Audy,Garnette Audy,garnetteaudy@gmail.com,616440,INR,pending
CUST-004432,Charline,Aldous,Charline Aldous,charlinealdous@gmail.com,669920,INR,recovered
CUST-004433,Faydra,Ahern,Faydra Ahern,faydraahern@gmail.com,207680,INR,in_progress
CUST-004434,Bernardina,Anders,Bernardina Anders,bernardinaanders@gmail.com,96070,INR,overdue
CUST-004435,Carlie,Antoinette,Carlie Antoinette,carlieantoinette@gmail.com,525430,INR,overdue
CUST-004436,Grethel,Antonio,Grethel Antonio,grethelantonio@gmail.com,194430,INR,pending
CUST-004437,Aigneis,Atronna,Aigneis Atronna,aigneisatronna@gmail.com,978100,INR,overdue
CUST-004438,Britni,Acima,Britni Acima,britniacima@gmail.com,38110,INR,active
CUST-004439,Dyann,Adamson,Dyann Adamson,dyannadamson@gmail.com,817530,INR,pending
CUST-004440,Bennie,Bogart,Bennie Bogart,benniebogart@gmail.com,294730,INR,active
CUST-004441,Emalia,Batista,Emalia Batista,emaliabatista@gmail.com,737070,INR,recovered
CUST-004442,Doralynne,Blodget,Doralynne Blodget,doralynneblodget@gmail.com,49080,INR,in_progress
CUST-004443,Eloisa,Abbotsen,Eloisa Abbotsen,eloisaabbotsen@gmail.com,556540,INR,in_progress
CUST-004444,Ardra,Berlin,Ardra Berlin,ardraberlin@gmail.com,307030,INR,recovered
CUST-004445,Bridget,Aurelea,Bridget Aurelea,bridgetaurelea@gmail.com,465110,INR,recovered
CUST-004446,Charleen,Anana,Charleen Anana,charleenanana@gmail.com,924580,INR,pending
CUST-004447,Dulcie,Bekha,Dulcie Bekha,dulciebekha@gmail.com,355940,INR,active
CUST-004448,Basia,Andrel,Basia Andrel,basiaandrel@gmail.com,539700,INR,active
CUST-004449,Etti,Alroy,Etti Alroy,ettialroy@gmail.com,74550,INR,overdue
CUST-004450,Anette,Angie,Anette Angie,anetteangie@gmail.com,715210,INR,active
CUST-004451,Bridie,Barnes,Bridie Barnes,bridiebarnes@gmail.com,931100,INR,active
CUST-004452,Ezmeralda,Billy,Ezmeralda Billy,ezmeraldabilly@gmail.com,889030,INR,active
CUST-004453,Geraldine,Alberta,Geraldine Alberta,geraldinealberta@gmail.com,645070,INR,active
CUST-004454,Babbie,An,Babbie An,babbiean@gmail.com,194790,INR,recovered
CUST-004455,Avril,Amory,Avril Amory,avrilamory@gmail.com,365330,INR,recovered
CUST-004456,Jacquelynn,Akela,Jacquelynn Akela,jacquelynnakela@gmail.com,446580,INR,pending
CUST-004457,Beitris,Arabella,Beitris Arabella,beitrisarabella@gmail.com,335850,INR,in_progress
CUST-004458,Glori,Arnst,Glori Arnst,gloriarnst@gmail.com,368140,INR,recovered
CUST-004459,Hyacinthia,Abagail,Hyacinthia Abagail,hyacinthiaabagail@gmail.com,402920,INR,active
CUST-004460,Christi,Bartholemy,Christi Bartholemy,christibartholemy@gmail.com,200820,INR,recovered
CUST-004461,Cally,Arni,Cally Arni,callyarni@gmail.com,537790,INR,pending
CUST-004462,Dinesh,Pillai,Dinesh Pillai,dineshpillai@gmail.com,774760,INR,pending
CUST-004463,Estrellita,August,Estrellita August,estrellitaaugust@gmail.com,461960,INR,active
CUST-004464,Glyn,Bodwell,Glyn Bodwell,glynbodwell@gmail.com,188450,INR,pending
CUST-004465,Halie,Adiell,Halie Adiell,halieadiell@gmail.com,439200,INR,in_progress
CUST-004466,Ilysa,Bern,Ilysa Bern,ilysabern@gmail.com,694740,INR,recovered
CUST-004467,Audry,Arnoldo,Audry Arnoldo,audryarnoldo@gmail.com,958400,INR,in_progress
CUST-004468,Alvina,Alleyne,Alvina Alleyne,alvinaalleyne@gmail.com,288960,INR,active
CUST-004469,Abagail,Bellina,Abagail Bellina,abagailbellina@gmail.com,288210,INR,active
CUST-004470,Cayla,Armil,Cayla Armil,caylaarmil@gmail.com,593510,INR,overdue
CUST-004471,Ingeberg,Anatole,Ingeberg Anatole,ingeberganatole@gmail.com,390130,INR,recovered
CUST-004472,Henryetta,Bird,Henryetta Bird,henryettabird@gmail.com,870520,INR,in_progress
CUST-004473,Indira,Aubrie,Indira Aubrie,indiraaubrie@gmail.com,402670,INR,pending
CUST-004474,Gillian,Bertine,Gillian Bertine,gillianbertine@gmail.com,384460,INR,overdue
CUST-004475,Heidie,Body,Heidie Body,heidiebody@gmail.com,887810,INR,pending
CUST-004476,Manish,Bick,Manish Bick,manishbick@gmail.com,660090,INR,overdue
CUST-004477,Cynthie,Menon,Cynthie Menon,cynthiemenon@gmail.com,806670,INR,overdue
CUST-004478,Elana,Auvil,Elana Auvil,elanaauvil@gmail.com,592080,INR,in_progress
CUST-004479,Elenore,Adabelle,Elenore Adabelle,elenoreadabelle@gmail.com,181480,INR,pending
CUST-004480,Elysee,Balbur,Elysee Balbur,elyseebalbur@gmail.com,247850,INR,in_progress
CUST-004481,Edithe,Adara,Edithe Adara,editheadara@gmail.com,178710,INR,overdue
CUST-004482,Fawn,Pillai,Fawn Pillai,fawnpillai@gmail.com,486600,INR,overdue
CUST-004483,Fredericka,Barbee,Fredericka Barbee,frederickabarbee@gmail.com,987340,INR,recovered
CUST-004484,Barbey,Bainbrudge,Barbey Bainbrudge,barbeybainbrudge@gmail.com,857610,INR,in_progress
CUST-004485,Annmaria,Bertram,Annmaria Bertram,annmariabertram@gmail.com,636650,INR,active
CUST-004486,Ambur,Armond,Ambur Armond,amburarmond@gmail.com,18320,INR,in_progress
CUST-004487,Fay,Alarice,Fay Alarice,fayalarice@gmail.com,714070,INR,pending
CUST-004488,Carmelia,Bekki,Carmelia Bekki,carmeliabekki@gmail.com,385110,INR,active
CUST-004489,Blancha,Bannon,Blancha Bannon,blanchabannon@gmail.com,670550,INR,recovered
CUST-004490,Catha,Adalard,Catha Adalard,cathaadalard@gmail.com,917050,INR,active
CUST-004491,Dixie,Barimah,Dixie Barimah,dixiebarimah@gmail.com,610590,INR,recovered
CUST-004492,Hilde,Alvar,Hilde Alvar,hildealvar@gmail.com,476630,INR,pending
CUST-004493,Christin,Shah,Christin Shah,christinshah@gmail.com,678560,INR,pending
CUST-004494,Alyce,Bick,Alyce Bick,alycebick@gmail.com,657280,INR,in_progress
CUST-004495,Crin,Baudin,Crin Baudin,crinbaudin@gmail.com,872040,INR,active
CUST-004496,Barbi,Ackler,Barbi Ackler,barbiackler@gmail.com,307540,INR,overdue
CUST-004497,Beulah,Alfy,Beulah Alfy,beulahalfy@gmail.com,107110,INR,overdue
CUST-004498,Dena,Adelia,Dena Adelia,denaadelia@gmail.com,530480,INR,overdue
CUST-004499,Eden,Bartholomew,Eden Bartholomew,edenbartholomew@gmail.com,335460,INR,in_progress
CUST-004500,Alma,Arnaldo,Alma Arnaldo,almaarnaldo@gmail.com,397490,INR,in_progress
CUST-004501,Ida,Arbe,Ida Arbe,idaarbe@gmail.com,535650,INR,pending
CUST-004502,Carri,Behah,Carri Behah,carribehah@gmail.com,181970,INR,overdue
CUST-004503,Cordey,Batory,Cordey Batory,cordeybatory@gmail.com,2440,INR,overdue
CUST-004504,Ema,Beth,Ema Beth,emabeth@gmail.com,652840,INR,recovered
CUST-004505,Felicle,Agostino,Felicle Agostino,felicleagostino@gmail.com,407320,INR,active
CUST-004506,Flori,Bailie,Flori Bailie,floribailie@gmail.com,840490,INR,in_progress
CUST-004507,Idalia,Ahoufe,Idalia Ahoufe,idaliaahoufe@gmail.com,15130,INR,recovered
CUST-004508,Bliss,Antonetta,Bliss Antonetta,blissantonetta@gmail.com,874400,INR,active
CUST-004509,Aadhya,Ancalin,Aadhya Ancalin,aadhyaancalin@gmail.com,67520,INR,active
CUST-004510,Anastassia,Albin,Anastassia Albin,anastassiaalbin@gmail.com,838450,INR,active
CUST-004511,Ilka,Alphonsa,Ilka Alphonsa,ilkaalphonsa@gmail.com,2770,INR,active
CUST-004512,Ivory,Alek,Ivory Alek,ivoryalek@gmail.com,180840,INR,overdue
CUST-004513,Claudine,Abdu,Claudine Abdu,claudineabdu@gmail.com,783560,INR,overdue
CUST-004514,Rahul,Banerjee,Rahul Banerjee,rahulbanerjee@gmail.com,525070,INR,active
CUST-004515,Catlin,Andrew,Catlin Andrew,catlinandrew@gmail.com,485370,INR,active
CUST-004516,Conni,Agan,Conni Agan,conniagan@gmail.com,70720,INR,in_progress
CUST-004517,Berny,Alexina,Berny Alexina,bernyalexina@gmail.com,243660,INR,overdue
CUST-004518,Darby,Atalya,Darby Atalya,darbyatalya@gmail.com,190510,INR,pending
CUST-004519,Ariadne,Bealle,Ariadne Bealle,ariadnebealle@gmail.com,484550,INR,recovered
CUST-004520,Elane,Singhal,Elane Singhal,elanesinghal@gmail.com,673300,INR,in_progress
CUST-004521,Blondie,Blasius,Blondie Blasius,blondieblasius@gmail.com,891590,INR,in_progress
CUST-004522,Crystie,Bertold,Crystie Bertold,crystiebertold@gmail.com,992570,INR,in_progress
CUST-004523,Amye,Arber,Amye Arber,amyearber@gmail.com,818830,INR,active
CUST-004524,Janel,Anis,Janel Anis,janelanis@gmail.com,638400,INR,active
CUST-004525,Halimeda,Almond,Halimeda Almond,halimedaalmond@gmail.com,714970,INR,active
CUST-004526,Grace,Arundel,Grace Arundel,gracearundel@gmail.com,268750,INR,overdue
CUST-004527,Christabel,Artimas,Christabel Artimas,christabelartimas@gmail.com,823550,INR,recovered
CUST-004528,Amabelle,Bevash,Amabelle Bevash,amabellebevash@gmail.com,967700,INR,active
CUST-004529,Angy,Arianna,Angy Arianna,angyarianna@gmail.com,30,INR,active
CUST-004530,Carlyn,Barbara,Carlyn Barbara,carlynbarbara@gmail.com,660490,INR,recovered
CUST-004531,Dominique,Barry,Dominique Barry,dominiquebarry@gmail.com,670080,INR,overdue
CUST-004532,Elenore,Boffa,Elenore Boffa,elenoreboffa@gmail.com,267060,INR,pending
CUST-004533,Hyacinthia,Baillieu,Hyacinthia Baillieu,hyacinthiabaillieu@gmail.com,625910,INR,overdue
CUST-004534,Fawnia,Barnaby,Fawnia Barnaby,fawniabarnaby@gmail.com,429570,INR,active
CUST-004535,Aurie,Airla,Aurie Airla,aurieairla@gmail.com,651140,INR,recovered
CUST-004536,Cornelle,Alexa,Cornelle Alexa,cornellealexa@gmail.com,132340,INR,pending
CUST-004537,Bebe,Andert,Bebe Andert,bebeandert@gmail.com,121090,INR,active
CUST-004538,Ethelyn,Azal,Ethelyn Azal,ethelynazal@gmail.com,177720,INR,in_progress
CUST-004539,Irita,Abie,Irita Abie,iritaabie@gmail.com,48050,INR,pending
CUST-004540,Audry,Beutner,Audry Beutner,audrybeutner@gmail.com,587460,INR,overdue
CUST-004541,Felecia,Athalie,Felecia Athalie,feleciaathalie@gmail.com,650110,INR,recovered
CUST-004542,Heloise,Ashley,Heloise Ashley,heloiseashley@gmail.com,243840,INR,in_progress
CUST-004543,Gabie,Aila,Gabie Aila,gabieaila@gmail.com,838960,INR,overdue
CUST-004544,Dorry,Alboran,Dorry Alboran,dorryalboran@gmail.com,968720,INR,recovered
CUST-004545,Aditya,Biddle,Aditya Biddle,adityabiddle@gmail.com,319480,INR,active
CUST-004546,Florenza,Adelaida,Florenza Adelaida,florenzaadelaida@gmail.com,827150,INR,overdue
CUST-004547,Damaris,Ambert,Damaris Ambert,damarisambert@gmail.com,505950,INR,pending
CUST-004548,Elora,Arhna,Elora Arhna,eloraarhna@gmail.com,813230,INR,active
CUST-004549,Bettina,Aeriell,Bettina Aeriell,bettinaaeriell@gmail.com,982600,INR,pending
CUST-004550,Hephzibah,Bodkin,Hephzibah Bodkin,hephzibahbodkin@gmail.com,594310,INR,pending
CUST-004551,Aaryan,Bick,Aaryan Bick,aaryanbick@gmail.com,618490,INR,in_progress
CUST-004552,Dyanna,Birdie,Dyanna Birdie,dyannabirdie@gmail.com,630240,INR,in_progress
CUST-004553,Bride,Bethesda,Bride Bethesda,bridebethesda@gmail.com,360880,INR,pending
CUST-004554,Andeee,Balf,Andeee Balf,andeeebalf@gmail.com,634310,INR,recovered
CUST-004555,Aarika,Tripathi,Aarika Tripathi,aarikatripathi@gmail.com,525530,INR,pending
CUST-004556,Denni,Aholla,Denni Aholla,denniaholla@gmail.com,805010,INR,recovered
CUST-004557,Celene,Adaliah,Celene Adaliah,celeneadaliah@gmail.com,87360,INR,in_progress
CUST-004558,Gloriane,Alpers,Gloriane Alpers,glorianealpers@gmail.com,791860,INR,active
CUST-004559,Flossi,Azriel,Flossi Azriel,flossiazriel@gmail.com,801880,INR,overdue
CUST-004560,Delphinia,Alby,Delphinia Alby,delphiniaalby@gmail.com,871190,INR,pending
CUST-004561,Bridie,Bernat,Bridie Bernat,bridiebernat@gmail.com,159100,INR,pending
CUST-004562,Cecil,Allsun,Cecil Allsun,cecilallsun@gmail.com,857700,INR,active
CUST-004563,Adena,Ambert,Adena Ambert,adenaambert@gmail.com,99490,INR,overdue
CUST-004564,Jaynell,Astrid,Jaynell Astrid,jaynellastrid@gmail.com,883790,INR,pending
CUST-004565,Easter,Annora,Easter Annora,easterannora@gmail.com,401500,INR,in_progress
CUST-004566,Annabell,Azral,Annabell Azral,annabellazral@gmail.com,637590,INR,pending
CUST-004567,Emelia,Beitz,Emelia Beitz,emeliabeitz@gmail.com,165900,INR,in_progress
CUST-004568,Ilka,Hegde,Ilka Hegde,ilkahegde@gmail.com,410060,INR,in_progress
CUST-004569,Fedora,Anselmo,Fedora Anselmo,fedoraanselmo@gmail.com,390130,INR,active
CUST-004570,Anastassia,Barnebas,Anastassia Barnebas,anastassiabarnebas@gmail.com,178020,INR,active
CUST-004571,Eustacia,Alika,Eustacia Alika,eustaciaalika@gmail.com,388810,INR,overdue
CUST-004572,Cherri,Any,Cherri Any,cherriany@gmail.com,490340,INR,recovered
CUST-004573,Gwenneth,Balch,Gwenneth Balch,gwennethbalch@gmail.com,988860,INR,overdue
CUST-004574,Audra,Bandur,Audra Bandur,audrabandur@gmail.com,818000,INR,in_progress
CUST-004575,Dominique,Anglim,Dominique Anglim,dominiqueanglim@gmail.com,503420,INR,overdue
CUST-004576,Celinda,Antonin,Celinda Antonin,celindaantonin@gmail.com,124570,INR,recovered
CUST-004577,Ardis,Blanch,Ardis Blanch,ardisblanch@gmail.com,292740,INR,recovered
CUST-004578,Gilbertina,Aristotle,Gilbertina Aristotle,gilbertinaaristotle@gmail.com,938400,INR,active
CUST-004579,Celia,Boehike,Celia Boehike,celiaboehike@gmail.com,857390,INR,recovered
CUST-004580,Ava,Baldridge,Ava Baldridge,avabaldridge@gmail.com,302850,INR,pending
CUST-004581,Cordelie,Barnabe,Cordelie Barnabe,cordeliebarnabe@gmail.com,394880,INR,pending
CUST-004582,Delly,Adriaens,Delly Adriaens,dellyadriaens@gmail.com,246410,INR,active
CUST-004583,Dagmar,Baptlsta,Dagmar Baptlsta,dagmarbaptlsta@gmail.com,707960,INR,recovered
CUST-004584,Almeda,Ashely,Almeda Ashely,almedaashely@gmail.com,880300,INR,active
CUST-004585,Raghav,Arhna,Raghav Arhna,raghavarhna@gmail.com,579980,INR,overdue
CUST-004586,Anett,Barbarese,Anett Barbarese,anettbarbarese@gmail.com,408730,INR,pending
CUST-004587,Auguste,Bitthia,Auguste Bitthia,augustebitthia@gmail.com,537900,INR,in_progress
CUST-004588,Fara,Alleyne,Fara Alleyne,faraalleyne@gmail.com,313070,INR,overdue
CUST-004589,Alyda,Bindman,Alyda Bindman,alydabindman@gmail.com,745360,INR,pending
CUST-004590,Grier,Alisun,Grier Alisun,grieralisun@gmail.com,245070,INR,pending
CUST-004591,Carmelle,Bell,Carmelle Bell,carmellebell@gmail.com,191110,INR,recovered
CUST-004592,Harrietta,Berte,Harrietta Berte,harriettaberte@gmail.com,906610,INR,active
CUST-004593,Dinah,Blynn,Dinah Blynn,dinahblynn@gmail.com,505020,INR,in_progress
CUST-004594,Betsey,Amatruda,Betsey Amatruda,betseyamatruda@gmail.com,369690,INR,overdue
CUST-004595,Edythe,Thakur,Edythe Thakur,edythethakur@gmail.com,112260,INR,active
CUST-004596,Anestassia,Bannasch,Anestassia Bannasch,anestassiabannasch@gmail.com,246210,INR,active
CUST-004597,Eugine,Any,Eugine Any,eugineany@gmail.com,173930,INR,overdue
CUST-004598,Bethanne,Bethina,Bethanne Bethina,bethannebethina@gmail.com,421760,INR,active
CUST-004599,Caro,Thakur,Caro Thakur,carothakur@gmail.com,129900,INR,pending
CUST-004600,Giustina,Averyl,Giustina Averyl,giustinaaveryl@gmail.com,250410,INR,active
CUST-004601,Arlana,Alexi,Arlana Alexi,arlanaalexi@gmail.com,218750,INR,active
CUST-004602,Gwenore,Allana,Gwenore Allana,gwenoreallana@gmail.com,564530,INR,recovered
CUST-004603,Chery,Ghosh,Chery Ghosh,cheryghosh@gmail.com,724610,INR,active
CUST-004604,Devora,Baalbeer,Devora Baalbeer,devorabaalbeer@gmail.com,818150,INR,recovered
CUST-004605,Dulcie,Annadiana,Dulcie Annadiana,dulcieannadiana@gmail.com,175360,INR,pending
CUST-004606,Deerdre,Balough,Deerdre Balough,deerdrebalough@gmail.com,417200,INR,pending
CUST-004607,Gene,Shetty,Gene Shetty,geneshetty@gmail.com,430960,INR,recovered
CUST-004608,Anestassia,Anatol,Anestassia Anatol,anestassiaanatol@gmail.com,794480,INR,recovered
CUST-004609,Arleen,Adamsen,Arleen Adamsen,arleenadamsen@gmail.com,380530,INR,in_progress
CUST-004610,Glenda,Alayne,Glenda Alayne,glendaalayne@gmail.com,60320,INR,pending
CUST-004611,Ileane,Bille,Ileane Bille,ileanebille@gmail.com,517780,INR,pending
CUST-004612,Birdie,Alvita,Birdie Alvita,birdiealvita@gmail.com,737560,INR,pending
CUST-004613,Allyn,Almeria,Allyn Almeria,allynalmeria@gmail.com,230010,INR,overdue
CUST-004614,Jeannine,Andree,Jeannine Andree,jeannineandree@gmail.com,777490,INR,overdue
CUST-004615,Carita,Aubine,Carita Aubine,caritaaubine@gmail.com,508450,INR,pending
CUST-004616,Dulsea,Allrud,Dulsea Allrud,dulseaallrud@gmail.com,97680,INR,pending
CUST-004617,Pranav,Audette,Pranav Audette,pranavaudette@gmail.com,134940,INR,recovered
CUST-004618,Ardelis,Aronson,Ardelis Aronson,ardelisaronson@gmail.com,388490,INR,overdue
CUST-004619,Gunilla,Beckman,Gunilla Beckman,gunillabeckman@gmail.com,33860,INR,pending
CUST-004620,Iormina,Benildas,Iormina Benildas,iorminabenildas@gmail.com,595500,INR,recovered
CUST-004621,Guinna,Ario,Guinna Ario,guinnaario@gmail.com,138090,INR,recovered
CUST-004622,Dacy,Alurd,Dacy Alurd,dacyalurd@gmail.com,746520,INR,recovered
CUST-004623,Alice,Shetty,Alice Shetty,aliceshetty@gmail.com,65130,INR,active
CUST-004624,Harriette,Binny,Harriette Binny,harriettebinny@gmail.com,126900,INR,recovered
CUST-004625,Allx,Alane,Allx Alane,allxalane@gmail.com,616140,INR,overdue
CUST-004626,Agnesse,Bobinette,Agnesse Bobinette,agnessebobinette@gmail.com,85990,INR,recovered
CUST-004627,Ilyse,Audley,Ilyse Audley,ilyseaudley@gmail.com,71940,INR,pending
CUST-004628,Britni,Arie,Britni Arie,britniarie@gmail.com,42890,INR,overdue
CUST-004629,Claire,Beaston,Claire Beaston,clairebeaston@gmail.com,566100,INR,overdue
CUST-004630,Briney,Apostles,Briney Apostles,brineyapostles@gmail.com,414260,INR,recovered
CUST-004631,Ebba,Backler,Ebba Backler,ebbabackler@gmail.com,124600,INR,overdue
CUST-004632,Adara,Bel,Adara Bel,adarabel@gmail.com,875350,INR,active
CUST-004633,Christan,Baxie,Christan Baxie,christanbaxie@gmail.com,421220,INR,in_progress
CUST-004634,Jacinthe,Batchelor,Jacinthe Batchelor,jacinthebatchelor@gmail.com,453790,INR,recovered
CUST-004635,Blanche,Adamek,Blanche Adamek,blancheadamek@gmail.com,955060,INR,active
CUST-004636,Ashley,Blinny,Ashley Blinny,ashleyblinny@gmail.com,515390,INR,overdue
CUST-004637,Erma,Alexio,Erma Alexio,ermaalexio@gmail.com,217170,INR,recovered
CUST-004638,Charlena,Benyamin,Charlena Benyamin,charlenabenyamin@gmail.com,341270,INR,in_progress
CUST-004639,Gianina,Ansel,Gianina Ansel,gianinaansel@gmail.com,999390,INR,pending
CUST-004640,Astrid,Belvia,Astrid Belvia,astridbelvia@gmail.com,731410,INR,in_progress
CUST-004641,Kiran,Bausch,Kiran Bausch,kiranbausch@gmail.com,3210,INR,overdue
CUST-004642,Eachelle,Almena,Eachelle Almena,eachellealmena@gmail.com,162530,INR,recovered
CUST-004643,Herta,Bac,Herta Bac,hertabac@gmail.com,737430,INR,overdue
CUST-004644,Clarine,Albina,Clarine Albina,clarinealbina@gmail.com,735970,INR,in_progress
CUST-004645,Annette,Barrie,Annette Barrie,annettebarrie@gmail.com,159940,INR,overdue
CUST-004646,Genevra,Arnoldo,Genevra Arnoldo,genevraarnoldo@gmail.com,610090,INR,recovered
CUST-004647,Bernadina,Angil,Bernadina Angil,bernadinaangil@gmail.com,660890,INR,in_progress
CUST-004648,Jenifer,Baggott,Jenifer Baggott,jeniferbaggott@gmail.com,118140,INR,overdue
CUST-004649,Cynthia,Bledsoe,Cynthia Bledsoe,cynthiabledsoe@gmail.com,157490,INR,recovered
CUST-004650,Brigid,Ashjian,Brigid Ashjian,brigidashjian@gmail.com,152890,INR,in_progress
CUST-004651,Belinda,Alsworth,Belinda Alsworth,belindaalsworth@gmail.com,809860,INR,overdue
CUST-004652,Ahana,Baese,Ahana Baese,ahanabaese@gmail.com,955890,INR,in_progress
CUST-004653,Betteanne,Ally,Betteanne Ally,betteanneally@gmail.com,973500,INR,in_progress
CUST-004654,Channa,Barb,Channa Barb,channabarb@gmail.com,87470,INR,recovered
CUST-004655,Angele,Arron,Angele Arron,angelearron@gmail.com,158270,INR,active
CUST-004656,Claudette,Alessandro,Claudette Alessandro,claudettealessandro@gmail.com,251150,INR,in_progress
CUST-004657,Gillan,Bidget,Gillan Bidget,gillanbidget@gmail.com,567720,INR,in_progress
CUST-004658,Chiquia,Attalanta,Chiquia Attalanta,chiquiaattalanta@gmail.com,499040,INR,pending
CUST-004659,Bertie,Agler,Bertie Agler,bertieagler@gmail.com,480940,INR,active
CUST-004660,Grethel,Ansley,Grethel Ansley,grethelansley@gmail.com,229960,INR,active
CUST-004661,Betta,Boelter,Betta Boelter,bettaboelter@gmail.com,732470,INR,pending
CUST-004662,Dale,Bixby,Dale Bixby,dalebixby@gmail.com,794060,INR,pending
CUST-004663,Emili,Alake,Emili Alake,emilialake@gmail.com,917900,INR,active
CUST-004664,Astra,Atalee,Astra Atalee,astraatalee@gmail.com,727930,INR,overdue
CUST-004665,Carie,Alonzo,Carie Alonzo,cariealonzo@gmail.com,650530,INR,in_progress
CUST-004666,Inez,Arjun,Inez Arjun,inezarjun@gmail.com,151240,INR,in_progress
CUST-004667,Davita,Aulea,Davita Aulea,davitaaulea@gmail.com,518580,INR,recovered
CUST-004668,Haily,Acquah,Haily Acquah,hailyacquah@gmail.com,388810,INR,pending
CUST-004669,Dulcy,Aronoff,Dulcy Aronoff,dulcyaronoff@gmail.com,93920,INR,in_progress
CUST-004670,Jeni,Abigale,Jeni Abigale,jeniabigale@gmail.com,780530,INR,pending
CUST-004671,Cymbre,Berkman,Cymbre Berkman,cymbreberkman@gmail.com,800230,INR,in_progress
CUST-004672,Chloette,Baptlsta,Chloette Baptlsta,chloettebaptlsta@gmail.com,370720,INR,pending
CUST-004673,Ainslee,Blalock,Ainslee Blalock,ainsleeblalock@gmail.com,969250,INR,pending
CUST-004674,Hedy,Adallard,Hedy Adallard,hedyadallard@gmail.com,718180,INR,overdue
CUST-004675,Corinne,Alecia,Corinne Alecia,corinnealecia@gmail.com,800990,INR,recovered
CUST-004676,Consuela,Belayneh,Consuela Belayneh,consuelabelayneh@gmail.com,658100,INR,active
CUST-004677,Gertruda,Alysa,Gertruda Alysa,gertrudaalysa@gmail.com,119850,INR,overdue
CUST-004678,Bobbe,Bibeau,Bobbe Bibeau,bobbebibeau@gmail.com,632220,INR,active
CUST-004679,Om,Chatterjee,Om Chatterjee,omchatterjee@gmail.com,815890,INR,active
CUST-004680,Emelda,Berthe,Emelda Berthe,emeldaberthe@gmail.com,788080,INR,in_progress
CUST-004681,Bibby,Bale,Bibby Bale,bibbybale@gmail.com,682190,INR,active
CUST-004682,Jandy,Alded,Jandy Alded,jandyalded@gmail.com,45720,INR,overdue
CUST-004683,Elaine,Beauregard,Elaine Beauregard,elainebeauregard@gmail.com,211140,INR,recovered
CUST-004684,Gerty,Alveta,Gerty Alveta,gertyalveta@gmail.com,255700,INR,recovered
CUST-004685,Angie,Ardie,Angie Ardie,angieardie@gmail.com,37030,INR,recovered
CUST-004686,Eveleen,Alene,Eveleen Alene,eveleenalene@gmail.com,129860,INR,in_progress
CUST-004687,Edythe,Allis,Edythe Allis,edytheallis@gmail.com,565220,INR,overdue
CUST-004688,Elberta,Adao,Elberta Adao,elbertaadao@gmail.com,38910,INR,pending
CUST-004689,Darline,Atalante,Darline Atalante,darlineatalante@gmail.com,971230,INR,in_progress
CUST-004690,Abby,Alida,Abby Alida,abbyalida@gmail.com,698250,INR,recovered
CUST-004691,Emili,Amy,Emili Amy,emiliamy@gmail.com,429010,INR,pending
CUST-004692,Bethanne,Amble,Bethanne Amble,bethanneamble@gmail.com,148100,INR,pending
CUST-004693,Cassi,Archaimbaud,Cassi Archaimbaud,cassiarchaimbaud@gmail.com,254260,INR,recovered
CUST-004694,Jacquelynn,Aymer,Jacquelynn Aymer,jacquelynnaymer@gmail.com,629220,INR,in_progress
CUST-004695,Hillary,Beacham,Hillary Beacham,hillarybeacham@gmail.com,406300,INR,pending
CUST-004696,Dona,Aundrea,Dona Aundrea,donaaundrea@gmail.com,737380,INR,active
CUST-004697,Hedwiga,Belldas,Hedwiga Belldas,hedwigabelldas@gmail.com,503590,INR,pending
CUST-004698,Ada,Belden,Ada Belden,adabelden@gmail.com,780720,INR,active
CUST-004699,Daffi,Arron,Daffi Arron,daffiarron@gmail.com,981380,INR,overdue
CUST-004700,Ethelda,Bilek,Ethelda Bilek,etheldabilek@gmail.com,980380,INR,overdue
CUST-004701,Erinna,Arvind,Erinna Arvind,erinnaarvind@gmail.com,115470,INR,in_progress
CUST-004702,Adelina,Benoit,Adelina Benoit,adelinabenoit@gmail.com,641990,INR,overdue
CUST-004703,Angelle,Bandur,Angelle Bandur,angellebandur@gmail.com,733190,INR,in_progress
CUST-004704,Abagael,Aronoff,Abagael Aronoff,abagaelaronoff@gmail.com,456860,INR,in_progress
CUST-004705,Asia,Av,Asia Av,asiaav@gmail.com,908660,INR,active
CUST-004706,Addie,Bar,Addie Bar,addiebar@gmail.com,762500,INR,in_progress
CUST-004707,Brigid,Bertero,Brigid Bertero,brigidbertero@gmail.com,170550,INR,recovered
CUST-004708,Freddi,Adalheid,Freddi Adalheid,freddiadalheid@gmail.com,35720,INR,active
CUST-004709,Elyse,Alika,Elyse Alika,elysealika@gmail.com,75780,INR,recovered
CUST-004710,Ginnifer,Angelika,Ginnifer Angelika,ginniferangelika@gmail.com,81530,INR,recovered
CUST-004711,Didi,Aelber,Didi Aelber,didiaelber@gmail.com,529110,INR,active
CUST-004712,Georgena,Adria,Georgena Adria,georgenaadria@gmail.com,893630,INR,pending
CUST-004713,Hatti,Aristotle,Hatti Aristotle,hattiaristotle@gmail.com,996020,INR,in_progress
CUST-004714,Anne,Aurie,Anne Aurie,anneaurie@gmail.com,85840,INR,pending
CUST-004715,Evita,Sandhu,Evita Sandhu,evitasandhu@gmail.com,638600,INR,pending
CUST-004716,Aprilette,Bobbie,Aprilette Bobbie,aprilettebobbie@gmail.com,363080,INR,overdue
CUST-004717,Chere,Audrit,Chere Audrit,chereaudrit@gmail.com,958720,INR,pending
CUST-004718,Conny,Anniken,Conny Anniken,connyanniken@gmail.com,73250,INR,pending
CUST-004719,Alane,Abbottson,Alane Abbottson,alaneabbottson@gmail.com,727840,INR,pending
CUST-004720,Gelya,Althee,Gelya Althee,gelyaalthee@gmail.com,472470,INR,active
CUST-004721,Henrieta,Alek,Henrieta Alek,henrietaalek@gmail.com,651950,INR,recovered
CUST-004722,Elvina,Bjork,Elvina Bjork,elvinabjork@gmail.com,654410,INR,active
CUST-004723,Annissa,Anse,Annissa Anse,annissaanse@gmail.com,437570,INR,in_progress
CUST-004724,Amabel,Barabas,Amabel Barabas,amabelbarabas@gmail.com,89750,INR,recovered
CUST-004725,Blakeley,Birchard,Blakeley Birchard,blakeleybirchard@gmail.com,113990,INR,recovered
CUST-004726,Elsinore,Bluh,Elsinore Bluh,elsinorebluh@gmail.com,355640,INR,pending
CUST-004727,Adena,Adalie,Adena Adalie,adenaadalie@gmail.com,51420,INR,active
CUST-004728,Ashlen,Arun,Ashlen Arun,ashlenarun@gmail.com,311770,INR,active
CUST-004729,Ariel,Bak,Ariel Bak,arielbak@gmail.com,487030,INR,overdue
CUST-004730,Fredi,Bo,Fredi Bo,fredibo@gmail.com,317610,INR,recovered
CUST-004731,Farrand,Antonie,Farrand Antonie,farrandantonie@gmail.com,555210,INR,active
CUST-004732,Corliss,Alyose,Corliss Alyose,corlissalyose@gmail.com,59500,INR,overdue
CUST-004733,Clemence,Beitris,Clemence Beitris,clemencebeitris@gmail.com,182110,INR,overdue
CUST-004734,Elysha,Alek,Elysha Alek,elyshaalek@gmail.com,971460,INR,active
CUST-004735,Antoinette,Adorne,Antoinette Adorne,antoinetteadorne@gmail.com,763560,INR,pending
CUST-004736,Brandice,Blayne,Brandice Blayne,brandiceblayne@gmail.com,106100,INR,pending
CUST-004737,Gratiana,Abate,Gratiana Abate,gratianaabate@gmail.com,372680,INR,pending
CUST-004738,Georgie,Kansal,Georgie Kansal,georgiekansal@gmail.com,92040,INR,in_progress
CUST-004739,Cecelia,Aiken,Cecelia Aiken,ceceliaaiken@gmail.com,564790,INR,overdue
CUST-004740,Jemima,Albertina,Jemima Albertina,jemimaalbertina@gmail.com,511120,INR,pending
CUST-004741,Andriana,Aldridge,Andriana Aldridge,andrianaaldridge@gmail.com,873860,INR,overdue
CUST-004742,Fayre,Aldas,Fayre Aldas,fayrealdas@gmail.com,200550,INR,pending
CUST-004743,Enriqueta,Bernard,Enriqueta Bernard,enriquetabernard@gmail.com,219880,INR,pending
CUST-004744,Feliza,Annalise,Feliza Annalise,felizaannalise@gmail.com,495310,INR,active
CUST-004745,Christean,Deshmukh,Christean Deshmukh,christeandeshmukh@gmail.com,734100,INR,active
CUST-004746,Corry,Jain,Corry Jain,corryjain@gmail.com,340190,INR,recovered
CUST-004747,Hedwiga,Alodi,Hedwiga Alodi,hedwigaalodi@gmail.com,2410,INR,active
CUST-004748,Benni,Alston,Benni Alston,bennialston@gmail.com,259310,INR,pending
CUST-004749,Fanny,Berkman,Fanny Berkman,fannyberkman@gmail.com,982820,INR,overdue
CUST-004750,Janelle,Bobinette,Janelle Bobinette,janellebobinette@gmail.com,316820,INR,active
CUST-004751,Carrie,Alyson,Carrie Alyson,carriealyson@gmail.com,718020,INR,recovered
CUST-004752,Edwina,Adriaens,Edwina Adriaens,edwinaadriaens@gmail.com,393080,INR,active
CUST-004753,Alvira,Bethany,Alvira Bethany,alvirabethany@gmail.com,822330,INR,active
CUST-004754,Camel,Absalom,Camel Absalom,camelabsalom@gmail.com,16720,INR,active
CUST-004755,Alameda,Amyas,Alameda Amyas,alamedaamyas@gmail.com,856580,INR,in_progress
CUST-004756,Bill,Arin,Bill Arin,billarin@gmail.com,448770,INR,active
CUST-004757,Adriaens,Amity,Adriaens Amity,adriaensamity@gmail.com,231200,INR,pending
CUST-004758,Helena,Balfore,Helena Balfore,helenabalfore@gmail.com,653500,INR,pending
CUST-004759,Hendrika,Anse,Hendrika Anse,hendrikaanse@gmail.com,984870,INR,recovered
CUST-004760,Cherin,Bobker,Cherin Bobker,cherinbobker@gmail.com,173600,INR,in_progress
CUST-004761,Ericka,Adaurd,Ericka Adaurd,erickaadaurd@gmail.com,345280,INR,active
CUST-004762,Brietta,Beaufert,Brietta Beaufert,briettabeaufert@gmail.com,698890,INR,active
CUST-004763,Darcee,Ause,Darcee Ause,darceeause@gmail.com,932130,INR,recovered
CUST-004764,Isha,Bauske,Isha Bauske,ishabauske@gmail.com,607390,INR,recovered
CUST-004765,Becky,Sidhu,Becky Sidhu,beckysidhu@gmail.com,53390,INR,in_progress
CUST-004766,Cornelle,Ashleigh,Cornelle Ashleigh,cornelleashleigh@gmail.com,259880,INR,recovered
CUST-004767,Brook,Alysia,Brook Alysia,brookalysia@gmail.com,72110,INR,pending
CUST-004768,Candace,Anastos,Candace Anastos,candaceanastos@gmail.com,569770,INR,overdue
CUST-004769,Celestia,Ariew,Celestia Ariew,celestiaariew@gmail.com,242770,INR,overdue
CUST-004770,Celene,Alessandro,Celene Alessandro,celenealessandro@gmail.com,140170,INR,recovered
CUST-004771,Georgena,Arlena,Georgena Arlena,georgenaarlena@gmail.com,709470,INR,in_progress
CUST-004772,Blinni,Amethist,Blinni Amethist,blinniamethist@gmail.com,555180,INR,pending
CUST-004773,Casi,Barnabe,Casi Barnabe,casibarnabe@gmail.com,272360,INR,recovered
CUST-004774,Beulah,Batty,Beulah Batty,beulahbatty@gmail.com,439840,INR,overdue
CUST-004775,Doretta,Anitra,Doretta Anitra,dorettaanitra@gmail.com,966270,INR,active
CUST-004776,Clo,Adin,Clo Adin,cloadin@gmail.com,270280,INR,recovered
CUST-004777,Bettye,Aguayo,Bettye Aguayo,bettyeaguayo@gmail.com,950480,INR,pending
CUST-004778,Amandy,Batruk,Amandy Batruk,amandybatruk@gmail.com,63370,INR,pending
CUST-004779,Harri,Bettzel,Harri Bettzel,harribettzel@gmail.com,21490,INR,overdue
CUST-004780,Gaurav,Addi,Gaurav Addi,gauravaddi@gmail.com,17030,INR,recovered
CUST-004781,Annadiane,Aubrette,Annadiane Aubrette,annadianeaubrette@gmail.com,885130,INR,pending
CUST-004782,Alysa,Beffrey,Alysa Beffrey,alysabeffrey@gmail.com,68080,INR,in_progress
CUST-004783,Hyacintha,Bale,Hyacintha Bale,hyacinthabale@gmail.com,717050,INR,active
CUST-004784,Gabriellia,Alpert,Gabriellia Alpert,gabrielliaalpert@gmail.com,369250,INR,pending
CUST-004785,Evy,Bakeman,Evy Bakeman,evybakeman@gmail.com,913960,INR,pending
CUST-004786,Eddy,Armond,Eddy Armond,eddyarmond@gmail.com,726690,INR,overdue
CUST-004787,Nitish,Aeneas,Nitish Aeneas,nitishaeneas@gmail.com,190240,INR,active
CUST-004788,Jacinthe,Angie,Jacinthe Angie,jacintheangie@gmail.com,48370,INR,active
CUST-004789,Andreana,Batista,Andreana Batista,andreanabatista@gmail.com,337560,INR,active
CUST-004790,Faustina,Baird,Faustina Baird,faustinabaird@gmail.com,601600,INR,in_progress
CUST-004791,Aile,Barthel,Aile Barthel,ailebarthel@gmail.com,333980,INR,recovered
CUST-004792,Cari,Adena,Cari Adena,cariadena@gmail.com,574530,INR,active
CUST-004793,Carmelina,Ardme,Carmelina Ardme,carmelinaardme@gmail.com,947610,INR,pending
CUST-004794,Erma,Ball,Erma Ball,ermaball@gmail.com,347590,INR,active
CUST-004795,Ainslee,Beauregard,Ainslee Beauregard,ainsleebeauregard@gmail.com,574940,INR,active
CUST-004796,Batsheva,Abbotsun,Batsheva Abbotsun,batshevaabbotsun@gmail.com,119690,INR,active
CUST-004797,Jemie,Aynat,Jemie Aynat,jemieaynat@gmail.com,496550,INR,overdue
CUST-004798,Evaleen,Aldas,Evaleen Aldas,evaleenaldas@gmail.com,729010,INR,overdue
CUST-004799,Hanny,Bainbrudge,Hanny Bainbrudge,hannybainbrudge@gmail.com,390860,INR,recovered
CUST-004800,Gerry,Arlee,Gerry Arlee,gerryarlee@gmail.com,79370,INR,active
CUST-004801,Deepak,Bank,Deepak Bank,deepakbank@gmail.com,858140,INR,pending
CUST-004802,Amye,Anana,Amye Anana,amyeanana@gmail.com,125660,INR,overdue
CUST-004803,Annaliese,Angelo,Annaliese Angelo,annalieseangelo@gmail.com,342400,INR,overdue
CUST-004804,Bettina,Bevers,Bettina Bevers,bettinabevers@gmail.com,755920,INR,in_progress
CUST-004805,Ileane,Bergh,Ileane Bergh,ileanebergh@gmail.com,690210,INR,pending
CUST-004806,Khushi,Barri,Khushi Barri,khushibarri@gmail.com,695650,INR,active
CUST-004807,Casie,Adlay,Casie Adlay,casieadlay@gmail.com,307930,INR,overdue
CUST-004808,Jeni,Aeneas,Jeni Aeneas,jeniaeneas@gmail.com,101710,INR,active
CUST-004809,Adelheid,Anestassia,Adelheid Anestassia,adelheidanestassia@gmail.com,74320,INR,pending
CUST-004810,Aloisia,Aruabea,Aloisia Aruabea,aloisiaaruabea@gmail.com,254780,INR,overdue
CUST-004811,Anjali,Alo,Anjali Alo,anjalialo@gmail.com,904080,INR,active
CUST-004812,Amelina,Antipas,Amelina Antipas,amelinaantipas@gmail.com,654540,INR,pending
CUST-004813,Caralie,Aleras,Caralie Aleras,caraliealeras@gmail.com,601450,INR,pending
CUST-004814,Cal,Armstrong,Cal Armstrong,calarmstrong@gmail.com,973930,INR,in_progress
CUST-004815,Cloris,Baerl,Cloris Baerl,clorisbaerl@gmail.com,972520,INR,active
CUST-004816,Aaryan,Alric,Aaryan Alric,aaryanalric@gmail.com,728200,INR,in_progress
CUST-004817,Ermina,Alistair,Ermina Alistair,erminaalistair@gmail.com,443710,INR,in_progress
CUST-004818,Adele,Astrea,Adele Astrea,adeleastrea@gmail.com,448870,INR,recovered
CUST-004819,Geeta,Bartholomeus,Geeta Bartholomeus,geetabartholomeus@gmail.com,44450,INR,in_progress
CUST-004820,Celesta,Alverson,Celesta Alverson,celestaalverson@gmail.com,740370,INR,in_progress
CUST-004821,Gerianna,Annis,Gerianna Annis,geriannaannis@gmail.com,262790,INR,pending
CUST-004822,Charlean,Berliner,Charlean Berliner,charleanberliner@gmail.com,798250,INR,active
CUST-004823,Cathi,Adalheid,Cathi Adalheid,cathiadalheid@gmail.com,142670,INR,active
CUST-004824,Hilliary,Baskett,Hilliary Baskett,hilliarybaskett@gmail.com,865830,INR,active
CUST-004825,Aimil,Antone,Aimil Antone,aimilantone@gmail.com,306250,INR,in_progress
CUST-004826,Ilyssa,Barnum,Ilyssa Barnum,ilyssabarnum@gmail.com,824490,INR,active
CUST-004827,Adelheid,Bevon,Adelheid Bevon,adelheidbevon@gmail.com,846510,INR,active
CUST-004828,Alma,Berthoud,Alma Berthoud,almaberthoud@gmail.com,681960,INR,active
CUST-004829,Dannye,Bogart,Dannye Bogart,dannyebogart@gmail.com,878910,INR,active
CUST-004830,Gerladina,Bessy,Gerladina Bessy,gerladinabessy@gmail.com,379650,INR,in_progress
CUST-004831,Ernaline,Alithea,Ernaline Alithea,ernalinealithea@gmail.com,960310,INR,recovered
CUST-004832,Felice,Arabelle,Felice Arabelle,felicearabelle@gmail.com,188200,INR,overdue
CUST-004833,Parth,Benildis,Parth Benildis,parthbenildis@gmail.com,519550,INR,recovered
CUST-004834,Blythe,Avitzur,Blythe Avitzur,blytheavitzur@gmail.com,178840,INR,pending
CUST-004835,Ddene,Bidle,Ddene Bidle,ddenebidle@gmail.com,989710,INR,overdue
CUST-004836,Brittaney,Barrington,Brittaney Barrington,brittaneybarrington@gmail.com,868340,INR,recovered
CUST-004837,Dehlia,Bast,Dehlia Bast,dehliabast@gmail.com,48270,INR,active
CUST-004838,Abra,Arundel,Abra Arundel,abraarundel@gmail.com,745350,INR,in_progress
CUST-004839,Pranav,Aggri,Pranav Aggri,pranavaggri@gmail.com,459530,INR,in_progress
CUST-004840,Manoj,Adila,Manoj Adila,manojadila@gmail.com,45060,INR,recovered
CUST-004841,Danita,Rao,Danita Rao,danitarao@gmail.com,516210,INR,pending
CUST-004842,Elysia,Boehmer,Elysia Boehmer,elysiaboehmer@gmail.com,558160,INR,pending
CUST-004843,Carree,Blank,Carree Blank,carreeblank@gmail.com,930800,INR,overdue
CUST-004844,Effie,Barcot,Effie Barcot,effiebarcot@gmail.com,277030,INR,active
CUST-004845,Britni,Amelie,Britni Amelie,britniamelie@gmail.com,821030,INR,active
CUST-004846,Betty,Ban,Betty Ban,bettyban@gmail.com,924100,INR,active
CUST-004847,Alicia,Barlow,Alicia Barlow,aliciabarlow@gmail.com,469680,INR,active
CUST-004848,Eugenia,Ami,Eugenia Ami,eugeniaami@gmail.com,964390,INR,pending
CUST-004849,Idaline,Barbaresi,Idaline Barbaresi,idalinebarbaresi@gmail.com,374970,INR,recovered
CUST-004850,Aryn,Blanch,Aryn Blanch,arynblanch@gmail.com,152990,INR,in_progress
CUST-004851,Caitrin,Annadiana,Caitrin Annadiana,caitrinannadiana@gmail.com,392490,INR,in_progress
CUST-004852,Hadria,Arlyne,Hadria Arlyne,hadriaarlyne@gmail.com,10350,INR,pending
CUST-004853,Annabelle,Antonietta,Annabelle Antonietta,annabelleantonietta@gmail.com,529740,INR,active
CUST-004854,Calley,Asher,Calley Asher,calleyasher@gmail.com,558550,INR,overdue
CUST-004855,Bonni,Bartlet,Bonni Bartlet,bonnibartlet@gmail.com,471690,INR,pending
CUST-004856,Evaleen,Angelis,Evaleen Angelis,evaleenangelis@gmail.com,488230,INR,active
CUST-004857,Kian,Alana,Kian Alana,kianalana@gmail.com,67730,INR,recovered
CUST-004858,Saurabh,Alaine,Saurabh Alaine,saurabhalaine@gmail.com,938810,INR,in_progress
CUST-004859,Bennie,Bigot,Bennie Bigot,benniebigot@gmail.com,757650,INR,active
CUST-004860,Gabi,Bernstein,Gabi Bernstein,gabibernstein@gmail.com,56270,INR,pending
CUST-004861,Christalle,Auerbach,Christalle Auerbach,christalleauerbach@gmail.com,988550,INR,pending
CUST-004862,Carmel,Axel,Carmel Axel,carmelaxel@gmail.com,949660,INR,overdue
CUST-004863,Babb,Audette,Babb Audette,babbaudette@gmail.com,307760,INR,pending
CUST-004864,Fianna,Bearce,Fianna Bearce,fiannabearce@gmail.com,600170,INR,pending
CUST-004865,Devon,Bixler,Devon Bixler,devonbixler@gmail.com,480420,INR,in_progress
CUST-004866,Anetta,Bajaj,Anetta Bajaj,anettabajaj@gmail.com,819560,INR,pending
CUST-004867,Bren,Ag,Bren Ag,brenag@gmail.com,331610,INR,active
CUST-004868,Alma,Birdt,Alma Birdt,almabirdt@gmail.com,82800,INR,in_progress
CUST-004869,Hannie,Adriena,Hannie Adriena,hannieadriena@gmail.com,482340,INR,recovered
CUST-004870,Devina,Astto,Devina Astto,devinaastto@gmail.com,624710,INR,overdue
CUST-004871,Dennie,Aldwon,Dennie Aldwon,denniealdwon@gmail.com,330420,INR,pending
CUST-004872,Elyse,Also,Elyse Also,elysealso@gmail.com,879960,INR,in_progress
CUST-004873,Dulsea,Barcroft,Dulsea Barcroft,dulseabarcroft@gmail.com,872270,INR,active
CUST-004874,Glynnis,Bluh,Glynnis Bluh,glynnisbluh@gmail.com,656380,INR,in_progress
CUST-004875,Evelyn,Bobette,Evelyn Bobette,evelynbobette@gmail.com,742460,INR,in_progress
CUST-004876,Fallon,Beaner,Fallon Beaner,fallonbeaner@gmail.com,579050,INR,overdue
CUST-004877,Anjali,Alison,Anjali Alison,anjalialison@gmail.com,208170,INR,overdue
CUST-004878,Christian,Baxter,Christian Baxter,christianbaxter@gmail.com,520790,INR,active
CUST-004879,Alyssa,Ard,Alyssa Ard,alyssaard@gmail.com,321150,INR,pending
CUST-004880,Cammy,Belding,Cammy Belding,cammybelding@gmail.com,722880,INR,pending
CUST-004881,Ara,Bertero,Ara Bertero,arabertero@gmail.com,990650,INR,active
CUST-004882,Cecilla,Almire,Cecilla Almire,cecillaalmire@gmail.com,955600,INR,in_progress
CUST-004883,Hedvig,Alon,Hedvig Alon,hedvigalon@gmail.com,562650,INR,pending
CUST-004884,Christye,Ainsley,Christye Ainsley,christyeainsley@gmail.com,444960,INR,in_progress
CUST-004885,Darla,Antebi,Darla Antebi,darlaantebi@gmail.com,364210,INR,overdue
CUST-004886,Elisabetta,Mukherjee,Elisabetta Mukherjee,elisabettamukherjee@gmail.com,239560,INR,recovered
CUST-004887,Gaye,Avitzur,Gaye Avitzur,gayeavitzur@gmail.com,949110,INR,recovered
CUST-004888,Anna,Arlan,Anna Arlan,annaarlan@gmail.com,919770,INR,in_progress
CUST-004889,Con,Ashia,Con Ashia,conashia@gmail.com,802500,INR,active
CUST-004890,Carolee,Aubreir,Carolee Aubreir,caroleeaubreir@gmail.com,616370,INR,in_progress
CUST-004891,Cacilie,Baal,Cacilie Baal,caciliebaal@gmail.com,308730,INR,active
CUST-004892,Deeyn,Albers,Deeyn Albers,deeynalbers@gmail.com,221020,INR,overdue
CUST-004893,Cariotta,Aulea,Cariotta Aulea,cariottaaulea@gmail.com,803420,INR,overdue
CUST-004894,Felice,Berga,Felice Berga,feliceberga@gmail.com,606870,INR,recovered
CUST-004895,Eba,Bekha,Eba Bekha,ebabekha@gmail.com,147410,INR,recovered
CUST-004896,Betsey,Belak,Betsey Belak,betseybelak@gmail.com,620000,INR,recovered
CUST-004897,Becky,Analise,Becky Analise,beckyanalise@gmail.com,62910,INR,active
CUST-004898,Aadhya,Alexandrina,Aadhya Alexandrina,aadhyaalexandrina@gmail.com,505730,INR,recovered
CUST-004899,Ailis,Patel,Ailis Patel,ailispatel@gmail.com,133470,INR,active
CUST-004900,Bonny,Addison,Bonny Addison,bonnyaddison@gmail.com,324570,INR,overdue
CUST-004901,Doloritas,Aleetha,Doloritas Aleetha,doloritasaleetha@gmail.com,72970,INR,in_progress
CUST-004902,Arlinda,Akel,Arlinda Akel,arlindaakel@gmail.com,619740,INR,pending
CUST-004903,Belle,Albin,Belle Albin,bellealbin@gmail.com,308150,INR,in_progress
CUST-004904,Almire,Anurag,Almire Anurag,almireanurag@gmail.com,97040,INR,overdue
CUST-004905,Harri,Alrick,Harri Alrick,harrialrick@gmail.com,640860,INR,recovered
CUST-004906,Flory,Austin,Flory Austin,floryaustin@gmail.com,865080,INR,recovered
CUST-004907,Chiquia,Alwin,Chiquia Alwin,chiquiaalwin@gmail.com,576920,INR,in_progress
CUST-004908,Babbie,Bernt,Babbie Bernt,babbiebernt@gmail.com,521680,INR,overdue
CUST-004909,Ellyn,Bissell,Ellyn Bissell,ellynbissell@gmail.com,751610,INR,active
CUST-004910,Angelle,Allan,Angelle Allan,angelleallan@gmail.com,944590,INR,pending
CUST-004911,Aprilette,Amice,Aprilette Amice,apriletteamice@gmail.com,291600,INR,overdue
CUST-004912,Cornelle,Allan,Cornelle Allan,cornelleallan@gmail.com,792450,INR,in_progress
CUST-004913,Coraline,Bertle,Coraline Bertle,coralinebertle@gmail.com,406400,INR,overdue
CUST-004914,Aggy,Benita,Aggy Benita,aggybenita@gmail.com,235050,INR,overdue
CUST-004915,Charis,Adim,Charis Adim,charisadim@gmail.com,723580,INR,pending
CUST-004916,Danette,Alberta,Danette Alberta,danettealberta@gmail.com,793260,INR,overdue
CUST-004917,Carolina,Ashman,Carolina Ashman,carolinaashman@gmail.com,556920,INR,active
CUST-004918,Dolley,Barbarese,Dolley Barbarese,dolleybarbarese@gmail.com,594930,INR,in_progress
CUST-004919,Crystal,Agna,Crystal Agna,crystalagna@gmail.com,181890,INR,overdue
CUST-004920,Alejandrina,Allin,Alejandrina Allin,alejandrinaallin@gmail.com,25250,INR,overdue
CUST-004921,Beatrice,Armelda,Beatrice Armelda,beatricearmelda@gmail.com,803550,INR,in_progress
CUST-004922,Floria,Bidle,Floria Bidle,floriabidle@gmail.com,696680,INR,overdue
CUST-004923,Corissa,Baun,Corissa Baun,corissabaun@gmail.com,82010,INR,recovered
CUST-004924,Andrea,Benjamen,Andrea Benjamen,andreabenjamen@gmail.com,172990,INR,overdue
CUST-004925,Blinny,Arvy,Blinny Arvy,blinnyarvy@gmail.com,927170,INR,in_progress
CUST-004926,Brenn,Audry,Brenn Audry,brennaudry@gmail.com,458040,INR,active
CUST-004927,Fanni,Barbara,Fanni Barbara,fannibarbara@gmail.com,18370,INR,overdue
CUST-004928,Jacquelynn,Aretina,Jacquelynn Aretina,jacquelynnaretina@gmail.com,565850,INR,active
CUST-004929,Cayla,Andris,Cayla Andris,caylaandris@gmail.com,875930,INR,overdue
CUST-004930,Celesta,Arondel,Celesta Arondel,celestaarondel@gmail.com,120070,INR,overdue
CUST-004931,Eleonora,Bob,Eleonora Bob,eleonorabob@gmail.com,187540,INR,in_progress
CUST-004932,Holly,Aldred,Holly Aldred,hollyaldred@gmail.com,65340,INR,recovered
CUST-004933,Ashlie,Bennion,Ashlie Bennion,ashliebennion@gmail.com,470090,INR,active
CUST-004934,Arlette,Billat,Arlette Billat,arlettebillat@gmail.com,841580,INR,overdue
CUST-004935,Gilligan,Alwitt,Gilligan Alwitt,gilliganalwitt@gmail.com,344140,INR,pending
CUST-004936,Costanza,Arabel,Costanza Arabel,costanzaarabel@gmail.com,947050,INR,recovered
CUST-004937,Chrystel,Ammadas,Chrystel Ammadas,chrystelammadas@gmail.com,971210,INR,pending
CUST-004938,Franky,Abbot,Franky Abbot,frankyabbot@gmail.com,813950,INR,active
CUST-004939,Anjali,Avaria,Anjali Avaria,anjaliavaria@gmail.com,739470,INR,recovered
CUST-004940,Danila,Adamok,Danila Adamok,danilaadamok@gmail.com,812000,INR,overdue
CUST-004941,Berti,Andromeda,Berti Andromeda,bertiandromeda@gmail.com,742240,INR,pending
CUST-004942,Felicle,Barvick,Felicle Barvick,feliclebarvick@gmail.com,335700,INR,recovered
CUST-004943,Arabele,Babbie,Arabele Babbie,arabelebabbie@gmail.com,998250,INR,in_progress
CUST-004944,Arlena,Mann,Arlena Mann,arlenamann@gmail.com,984910,INR,recovered
CUST-004945,Claudie,Adrian,Claudie Adrian,claudieadrian@gmail.com,242580,INR,pending
CUST-004946,Diena,Aili,Diena Aili,dienaaili@gmail.com,890290,INR,overdue
CUST-004947,Deloria,Avera,Deloria Avera,deloriaavera@gmail.com,101750,INR,recovered
CUST-004948,Deanne,Aldrich,Deanne Aldrich,deannealdrich@gmail.com,584600,INR,overdue
CUST-004949,Doralyn,Biancha,Doralyn Biancha,doralynbiancha@gmail.com,62420,INR,pending
CUST-004950,Corine,Aekerly,Corine Aekerly,corineaekerly@gmail.com,394980,INR,pending
CUST-004951,Britte,Belcher,Britte Belcher,brittebelcher@gmail.com,12530,INR,in_progress
CUST-004952,Costanza,Adrienne,Costanza Adrienne,costanzaadrienne@gmail.com,488850,INR,overdue
CUST-004953,Annmarie,Axe,Annmarie Axe,annmarieaxe@gmail.com,843940,INR,recovered
CUST-004954,Ashlie,Barbarese,Ashlie Barbarese,ashliebarbarese@gmail.com,476510,INR,active
CUST-004955,Bryna,Adalard,Bryna Adalard,brynaadalard@gmail.com,361190,INR,active
CUST-004956,Jacquenette,Amelia,Jacquenette Amelia,jacquenetteamelia@gmail.com,355220,INR,overdue
CUST-004957,Gert,Belle,Gert Belle,gertbelle@gmail.com,221380,INR,in_progress
CUST-004958,Ginny,Arnelle,Ginny Arnelle,ginnyarnelle@gmail.com,343350,INR,pending
CUST-004959,Ailey,Alban,Ailey Alban,aileyalban@gmail.com,424820,INR,recovered
CUST-004960,Daisy,Ailina,Daisy Ailina,daisyailina@gmail.com,688270,INR,pending
CUST-004961,Goldina,Balcer,Goldina Balcer,goldinabalcer@gmail.com,434380,INR,overdue
CUST-004962,Gigi,Ace,Gigi Ace,gigiace@gmail.com,264420,INR,in_progress
CUST-004963,Flory,Bautista,Flory Bautista,florybautista@gmail.com,835720,INR,overdue
CUST-004964,Ailene,Barn,Ailene Barn,ailenebarn@gmail.com,289690,INR,overdue
CUST-004965,Allissa,Annmarie,Allissa Annmarie,allissaannmarie@gmail.com,367080,INR,pending
CUST-004966,Dorry,Antonia,Dorry Antonia,dorryantonia@gmail.com,672360,INR,in_progress
CUST-004967,Faydra,Berkie,Faydra Berkie,faydraberkie@gmail.com,839800,INR,active
CUST-004968,Arleyne,Ahoufe,Arleyne Ahoufe,arleyneahoufe@gmail.com,945240,INR,overdue
CUST-004969,Blondy,Bell,Blondy Bell,blondybell@gmail.com,404310,INR,recovered
CUST-004970,Ferne,Birdie,Ferne Birdie,fernebirdie@gmail.com,710100,INR,overdue
CUST-004971,Betteanne,Adrial,Betteanne Adrial,betteanneadrial@gmail.com,506040,INR,in_progress
CUST-004972,Hestia,Alexandrina,Hestia Alexandrina,hestiaalexandrina@gmail.com,832590,INR,active
CUST-004973,Felicle,Audra,Felicle Audra,felicleaudra@gmail.com,30200,INR,pending
CUST-004974,Blakeley,Anson,Blakeley Anson,blakeleyanson@gmail.com,270020,INR,active
CUST-004975,Auria,Abdul,Auria Abdul,auriaabdul@gmail.com,415680,INR,overdue
CUST-004976,Glynnis,Barb,Glynnis Barb,glynnisbarb@gmail.com,744310,INR,active
CUST-004977,Fara,Bannister,Fara Bannister,farabannister@gmail.com,854280,INR,active
CUST-004978,Cissiee,Bianchi,Cissiee Bianchi,cissieebianchi@gmail.com,523230,INR,active
CUST-004979,Aura,Alissa,Aura Alissa,auraalissa@gmail.com,509720,INR,in_progress
CUST-004980,Almira,Asel,Almira Asel,almiraasel@gmail.com,466710,INR,in_progress
CUST-004981,Alla,Beghtol,Alla Beghtol,allabeghtol@gmail.com,797510,INR,pending
CUST-004982,Amberly,Baumann,Amberly Baumann,amberlybaumann@gmail.com,61170,INR,active
CUST-004983,Feodora,Barris,Feodora Barris,feodorabarris@gmail.com,50520,INR,recovered
CUST-004984,Brena,Anse,Brena Anse,brenaanse@gmail.com,919430,INR,recovered
CUST-004985,Calli,Annette,Calli Annette,calliannette@gmail.com,967680,INR,in_progress
CUST-004986,Janot,Bee,Janot Bee,janotbee@gmail.com,649740,INR,active
CUST-004987,Arluene,Bendick,Arluene Bendick,arluenebendick@gmail.com,384430,INR,pending
CUST-004988,Claudia,Albertson,Claudia Albertson,claudiaalbertson@gmail.com,402010,INR,overdue
CUST-004989,Donny,Bartholemy,Donny Bartholemy,donnybartholemy@gmail.com,820800,INR,overdue
CUST-004990,Bevvy,Beffrey,Bevvy Beffrey,bevvybeffrey@gmail.com,676930,INR,pending
CUST-004991,Emylee,Bausch,Emylee Bausch,emyleebausch@gmail.com,928320,INR,pending
CUST-004992,Bertine,Ara,Bertine Ara,bertineara@gmail.com,275460,INR,active
CUST-004993,Manish,Ashlie,Manish Ashlie,manishashlie@gmail.com,279080,INR,in_progress
CUST-004994,Corny,Adelina,Corny Adelina,cornyadelina@gmail.com,393590,INR,pending
CUST-004995,Bobbee,Agrippina,Bobbee Agrippina,bobbeeagrippina@gmail.com,375650,INR,pending
CUST-004996,Alys,Bevvy,Alys Bevvy,alysbevvy@gmail.com,733240,INR,in_progress
CUST-004997,Elonore,Arezzini,Elonore Arezzini,elonorearezzini@gmail.com,329640,INR,overdue
CUST-004998,Calida,Allana,Calida Allana,calidaallana@gmail.com,400780,INR,pending
CUST-004999,Eloisa,Ballard,Eloisa Ballard,eloisaballard@gmail.com,196680,INR,in_progress
CUST-005000,Ilise,Betz,Ilise Betz,ilisebetz@gmail.com,711620,INR,overdue
